# This file is brought to you by Roblox Corporation
# Generated by Roblox Studio

mtllib Anchor.mtl

g Meshpart1

v -0.105333 0.267165 -0.0787131 
v -0.142455 0.237899 -0.100167 
v -0.18048 0.26155 0.00522387 
v -0.120819 0.310544 -0.111316 
v -0.160467 0.335203 -0.00143014 
v -0.134417 0.285254 0.00189686 
v -0.114243 0.328611 0.108456 
v -0.100509 0.280419 0.0825059 
v -0.136148 0.255228 0.110614 
v -0.00922787 0.294629 0.153972 
v -0.321322 -0.335727 0.0762329 
v -0.351036 -0.324912 -0.000108128 
v -0.363585 -0.282019 -0.000108127 
v -0.326587 -0.295484 0.0949439 
v -0.237267 -0.327992 0.134316 
v -0.321322 -0.335727 -0.0764491 
v -0.326587 -0.295484 -0.0951601 
v -0.388219 -0.349705 -0.000108126 
v -0.351221 -0.36317 0.0949439 
v -0.351221 -0.36317 -0.0951601 
v -0.237267 -0.327992 -0.134532 
v -0.127499 0.208244 -0.0868761 
v -0.138575 0.25324 -0.109361 
v -0.180377 0.268453 -0.00196714 
v -0.162983 0.180194 -0.106763 
v -0.203987 0.195118 -0.00141513 
v 0.0350076 0.108137 0.103932 
v -0.138575 0.25324 0.105426 
v -0.127499 0.208244 0.0763179 
v -0.162983 0.180194 0.103932 
v -0.15926 0.219804 -0.00527914 
v -0.188491 0.133835 0.00175687 
v -0.206477 0.185087 0.00175687 
v -0.158486 0.118521 0.0830839 
v -0.168101 0.1655 0.105775 
v -0.0754528 0.118214 0.14886 
v -0.158486 0.118521 -0.0795701 
v -0.168101 0.1655 -0.102261 
v -0.229174 0.111796 0.00175687 
v -0.191815 0.092729 0.103018 
v -0.191815 0.092729 -0.0995042 
v -0.101622 0.0466962 -0.141448 
v 0.0259311 -0.0184052 0.00175686 
v 0.0171952 0.0709282 -0.102261 
v -0.194945 -0.211779 -0.134532 
v -0.218477 -0.278466 0.134316 
v -0.194945 -0.211779 0.134316 
v -0.282455 -0.233012 -0.0764491 
v -0.312351 -0.263545 -0.0951601 
v -0.288819 -0.19686 -0.0951601 
v -0.351235 -0.257365 -0.000108128 
v -0.327703 -0.190679 -0.000108129 
v -0.313684 -0.228049 -0.000108129 
v -0.282455 -0.233012 0.0762329 
v -0.312351 -0.263545 0.0949439 
v -0.288819 -0.19686 0.0949439 
v -0.141882 -0.0659047 -0.134376 
v -0.221712 0.0130086 0.107386 
v -0.191172 0.0382055 0.0803199 
v -0.19576 0.0843178 0.0926799 
v -0.268053 0.00922164 0.00724487 
v -0.2421 0.0805309 -0.00746113 
v -0.228392 0.035165 -0.000108133 
v -0.201834 0.00891215 -0.0805361 
v -0.234987 -0.0234649 -0.0928961 
v -0.209034 0.0478443 -0.107603 
v -0.0500725 -0.155062 0.116657 
v -0.0568696 -0.113776 0.0961499 
v -0.147323 -0.0808563 0.136022 
v -0.00462386 -0.171603 -0.000108143 
v -0.0194018 -0.127413 -0.000108142 
v -0.081816 -0.182321 0.0961499 
v -0.0443482 -0.195957 -0.000108141 
v -0.0568696 -0.113776 -0.0963661 
v -0.081816 -0.182321 -0.0963661 
v -0.0500725 -0.155062 -0.116873 
v -0.275245 -0.0343 -0.000108131 
v -0.237777 -0.0479362 -0.0963661 
v -0.17227 -0.149401 -0.136238 
v -0.147323 -0.0808563 0.136022 
v -0.232444 -0.0886895 0.0772009 
v -0.237777 -0.0479362 0.0961499 
v -0.262723 -0.116481 0.0961499 
v -0.275245 -0.0343 -0.000108131 
v -0.300191 -0.102845 -0.00010813 
v -0.262536 -0.0777376 -0.000108132 
v -0.232444 -0.0886895 -0.0774171 
v -0.262723 -0.116481 -0.0963661 
v -0.237777 -0.0479362 -0.0963661 
v -0.220674 -0.0368593 -0.0911221 
v -0.127459 -0.0262747 -0.153589 
v -0.226229 0.00806 -0.110306 
v -0.268178 0.0194364 -0.00581313 
v -0.25331 -0.0663483 -0.113077 
v -0.056804 -0.137865 -0.113077 
v -0.295258 -0.0549719 -0.00858313 
v -0.254364 -0.0277225 -0.00719813 
v -0.222683 -0.0423772 0.0767249 
v -0.25581 -0.0732194 0.0959099 
v -0.228729 0.00118986 0.0986809 
v -0.158076 -0.1104 0.139193 
v -0.130995 -0.0359921 0.141963 
v -0.237267 -0.327992 0.134316 
v -0.17258 -0.428185 0.0949439 
v -0.147946 -0.3605 0.0949439 
v -0.141235 -0.401268 0.115194 
v -0.261901 -0.395678 -0.134532 
v -0.17258 -0.428185 -0.0951601 
v -0.147946 -0.3605 -0.0951601 
v -0.141235 -0.401268 -0.11541 
v -0.0963554 -0.417602 -0.000108139 
v -0.135582 -0.44165 -0.000108137 
v -0.110948 -0.373965 -0.000108138 
v -0.330415 -0.274018 -0.000108129 
v -0.340698 -0.227293 -0.000108128 
v -0.3033 -0.290288 0.0762329 
v -0.306937 -0.24755 0.0949439 
v -0.225433 -0.296459 0.134316 
v -0.3033 -0.290288 -0.0764491 
v -0.306937 -0.24755 -0.0951601 
v -0.365152 -0.293642 -0.000108127 
v -0.331391 -0.313901 0.0949439 
v -0.331391 -0.313901 -0.0951601 
v -0.249887 -0.362809 -0.134532 
v -0.225433 -0.296459 -0.134532 
v -0.225433 -0.296459 0.134316 
v -0.168383 -0.411717 0.0949439 
v -0.143928 -0.345366 0.0949439 
v -0.138973 -0.388896 0.115194 
v -0.249887 -0.362809 -0.134532 
v -0.225433 -0.296459 -0.134532 
v -0.168383 -0.411717 -0.0951601 
v -0.143928 -0.345366 -0.0951601 
v -0.138973 -0.388896 -0.11541 
v -0.0980204 -0.413469 -0.000108139 
v -0.134623 -0.431975 -0.000108137 
v -0.110169 -0.365624 -0.000108138 
v -0.0297236 -0.063457 -0.110306 
v -0.056804 -0.137865 -0.113077 
v -0.0220663 -0.107546 -0.133952 
v 0.0257841 -0.129681 -0.00719815 
v -0.0173569 -0.156112 -0.00858314 
v 0.00972359 -0.0817042 -0.00581314 
v -0.0593056 -0.144736 0.0959099 
v -0.0322248 -0.0703268 0.0986809 
v -0.0250998 -0.115881 0.119556 
v -0.158076 -0.1104 0.139193 
v -0.130995 -0.0359921 0.141963 
v -0.0971562 0.0569865 0.13416 
v 0.00480604 -0.0246543 0.121367 
v -0.00405139 0.0145467 0.0926799 
v 0.0449175 -0.0643042 -0.000108145 
v 0.0290148 -0.0181398 -0.00746115 
v -0.0173257 -0.0219268 -0.107603 
v -0.0300039 -0.0567624 0.107387 
v 0.0030622 -0.089449 0.00724486 
v -0.0432783 -0.093236 -0.0928962 
v -0.0112963 -0.0688982 -0.121583 
v -0.141882 -0.0659047 -0.134376 
v -0.101071 -0.226699 -0.0951601 
v -0.0460206 -0.27059 -0.000108141 
v -0.0931877 -0.263093 -0.11541 
v -0.0621883 -0.232879 -0.000108141 
v -0.101071 -0.226699 0.0949439 
v -0.194945 -0.211779 -0.134532 
v -0.124603 -0.293385 -0.0951601 
v -0.0857189 -0.299566 -0.00010814 
v -0.124603 -0.293385 0.0949439 
v -0.0931877 -0.263093 0.115194 
v -0.218477 -0.278466 0.134316 
v -0.194945 -0.211779 0.134316 
v -0.0754528 0.118214 0.14886 
v -0.0114286 0.000662528 0.103018 
v 0.0171952 0.0709282 0.105775 
v 0.0233601 0.0257092 0.124591 
v -0.0114286 0.000662528 -0.0995042 
v 0.0171952 0.0709282 -0.102261 
v 0.0233601 0.0257092 -0.121077 
v 0.0686781 0.00257871 0.00175685 
v 0.0259311 -0.0184052 0.00175686 
v 0.0555716 0.0513415 0.00175685 
v 0.06326 0.179783 -0.109361 
v 0.0350076 0.108137 -0.106763 
v -0.166632 0.222487 0.117961 
v 0.0649866 0.138191 -0.128519 
v 0.112955 0.120733 -0.00527915 
v 0.0760124 0.0932136 -0.00141515 
v 0.105062 0.16457 -0.00196715 
v 0.0350076 0.108137 0.103932 
v 0.06326 0.179783 0.105426 
v 0.0649856 0.138191 0.117961 
v 0.0864893 0.235095 -0.111316 
v 0.135533 0.187008 0.00189685 
v 0.0843194 0.194311 -0.119853 
v 0.132712 0.228502 -0.00143015 
v 0.0930649 0.253163 0.108456 
v -0.0185275 0.269077 -0.156833 
v 0.0563715 0.165537 -0.100167 
v 0.100704 0.159215 0.00522385 
v -0.0443484 0.198129 -0.143821 
v 0.0626783 0.182866 0.110614 
v 0.0916053 0.21433 0.123646 
v -0.0443484 0.198129 -0.143821 
v 0.0467437 0.211817 -0.0787132 
v 0.100704 0.159215 0.00522385 
v -0.105333 0.267165 -0.0787131 
v -0.18048 0.26155 0.00522387 
v -0.0302943 0.236745 -0.112103 
v 0.0864893 0.235095 -0.111316 
v -0.0185275 0.269077 -0.156833 
v -0.120819 0.310544 -0.111316 
v 0.132712 0.228502 -0.00143015 
v -0.160467 0.335203 -0.00143014 
v 0.0806514 0.206981 0.00189685 
v 0.0930649 0.253163 0.108456 
v -0.134417 0.285254 0.00189686 
v -0.114243 0.328611 0.108456 
v -0.100509 0.280419 0.0825059 
v -0.136148 0.255228 0.110614 
v -0.00922787 0.294629 0.153972 
v 0.0515676 0.225072 0.0825059 
v 0.0626783 0.182866 0.110614 
v -0.363585 -0.282019 -0.000108127 
v -0.237267 -0.327992 0.134316 
v -0.326587 -0.295484 -0.0951601 
v -0.351221 -0.36317 0.0949439 
v -0.261901 -0.395678 -0.134532 
v -0.135582 -0.44165 -0.000108137 
v -0.110948 -0.373965 -0.000108138 
v -0.0376582 0.216512 -0.153844 
v -0.138575 0.25324 -0.109361 
v -0.180377 0.268453 -0.00196714 
v -0.162983 0.180194 -0.106763 
v 0.0258537 0.152433 0.0763179 
v 0.0350076 0.108137 0.103932 
v 0.06326 0.179783 0.105426 
v -0.0508231 0.180339 0.110116 
v -0.0376582 0.216512 0.14991 
v -0.138575 0.25324 0.105426 
v -0.127499 0.208244 0.0763179 
v -0.162983 0.180194 0.103932 
v -0.206477 0.185087 0.00175687 
v -0.0754528 0.118214 0.14886 
v -0.168101 0.1655 -0.102261 
v -0.229174 0.111796 0.00175687 
v -0.101622 0.0466962 -0.141448 
v -0.0114286 0.000662528 0.103018 
v 0.0259311 -0.0184052 0.00175686 
v 0.0171952 0.0709282 -0.102261 
v -0.194945 -0.211779 -0.134532 
v -0.0857189 -0.299566 -0.00010814 
v -0.312351 -0.263545 -0.0951601 
v -0.0971562 0.0569865 0.13416 
v 0.0290148 -0.0181398 -0.00746115 
v -0.0478655 -0.0471236 -0.0805361 
v 0.0030622 -0.089449 0.00724486 
v -0.0300039 -0.0567624 0.107387 
v -0.0173257 -0.0219268 -0.107603 
v -0.2421 0.0805309 -0.00746113 
v -0.201834 0.00891215 -0.0805361 
v -0.209034 0.0478443 -0.107603 
v -0.127058 -0.0251734 -0.11385 
v -0.115929 0.00540451 -0.149082 
v -0.147323 -0.0808563 0.136022 
v -0.081816 -0.182321 0.0961499 
v -0.0568696 -0.113776 -0.0963661 
v -0.275245 -0.0343 -0.000108131 
v -0.17227 -0.149401 -0.136238 
v -0.147323 -0.0808563 0.136022 
v -0.081816 -0.182321 0.0961499 
v -0.262723 -0.116481 0.0961499 
v -0.275245 -0.0343 -0.000108131 
v -0.0568696 -0.113776 -0.0963661 
v -0.17227 -0.149401 -0.136238 
v -0.127459 -0.0262747 -0.153589 
v -0.268178 0.0194364 -0.00581313 
v -0.0297236 -0.063457 -0.110306 
v -0.25331 -0.0663483 -0.113077 
v -0.0173569 -0.156112 -0.00858314 
v -0.158076 -0.1104 0.139193 
v -0.130995 -0.0359921 0.141963 
v -0.326587 -0.295484 -0.0951601 
v -0.261901 -0.395678 -0.134532 
v -0.110948 -0.373965 -0.000108138 
v -0.225433 -0.296459 0.134316 
v -0.365152 -0.293642 -0.000108127 
v -0.168383 -0.411717 0.0949439 
v -0.0297236 -0.063457 -0.110306 
v -0.0173569 -0.156112 -0.00858314 
v -0.130995 -0.0359921 0.141963 
v -0.0971562 0.0569865 0.13416 
v 0.00480604 -0.0246543 0.121367 
v -0.00405139 0.0145467 0.0926799 
v -0.108133 0.0268269 0.171684 
v -0.209034 0.0478443 -0.107603 
v -0.268053 0.00922164 0.00724487 
v -0.19576 0.0843178 0.0926799 
v -0.227742 0.05998 0.121367 
v -0.0443484 0.198129 -0.143821 
v 0.0563715 0.165537 -0.100167 
v 0.0467437 0.211817 -0.0787132 
v -0.105333 0.267165 -0.0787131 
v -0.142455 0.237899 -0.100167 
v -0.0302943 0.236745 -0.112103 
v 0.0864893 0.235095 -0.111316 
v -0.0185275 0.269077 -0.156833 
v -0.120819 0.310544 -0.111316 
v -0.363585 -0.282019 -0.000108127 
v -0.321322 -0.335727 -0.0764491 
v -0.326587 -0.295484 -0.0951601 
v -0.351221 -0.36317 -0.0951601 
v -0.261901 -0.395678 -0.134532 
v -0.237267 -0.327992 -0.134532 
v -0.249584 -0.361835 -0.10807 
v -0.135582 -0.44165 -0.000108137 
v -0.110948 -0.373965 -0.000108138 
v -0.177846 -0.387944 -0.0764491 
v -0.17258 -0.428185 -0.0951601 
v -0.147946 -0.3605 -0.0951601 
v -0.127499 0.208244 -0.0868761 
v -0.0508231 0.180339 -0.120674 
v -0.0376582 0.216512 -0.153844 
v -0.138575 0.25324 -0.109361 
v -0.180377 0.268453 -0.00196714 
v 0.0258537 0.152433 -0.0868762 
v 0.06326 0.179783 -0.109361 
v -0.063988 0.144166 -0.150399 
v -0.162983 0.180194 -0.106763 
v 0.0350076 0.108137 -0.106763 
v -0.203987 0.195118 -0.00141513 
v 0.105062 0.16457 -0.00196715 
v 0.0350076 0.108137 0.103932 
v -0.158486 0.118521 -0.0795701 
v -0.168101 0.1655 -0.102261 
v -0.191815 0.092729 -0.0995042 
v -0.101622 0.0466962 -0.141448 
v -0.0754528 0.118214 -0.145346 
v -0.0860472 0.0815484 -0.113257 
v -0.0136093 0.0445774 -0.0795702 
v -0.0114286 0.000662528 -0.0995042 
v 0.0171952 0.0709282 -0.102261 
v -0.131666 -0.256978 -0.0764491 
v -0.0621883 -0.232879 -0.000108141 
v -0.101071 -0.226699 -0.0951601 
v -0.194945 -0.211779 -0.134532 
v -0.0857189 -0.299566 -0.00010814 
v -0.124603 -0.293385 -0.0951601 
v -0.218477 -0.278466 -0.134532 
v -0.20706 -0.244995 -0.10807 
v -0.282455 -0.233012 -0.0764491 
v -0.312351 -0.263545 -0.0951601 
v -0.288819 -0.19686 -0.0951601 
v -0.351235 -0.257365 -0.000108128 
v -0.0478655 -0.0471236 -0.0805361 
v -0.0432783 -0.093236 -0.0928962 
v -0.0173257 -0.0219268 -0.107603 
v -0.141882 -0.0659047 -0.134376 
v -0.201834 0.00891215 -0.0805361 
v -0.234987 -0.0234649 -0.0928961 
v -0.209034 0.0478443 -0.107603 
v -0.127058 -0.0251734 -0.11385 
v -0.115929 0.00540451 -0.149082 
v -0.159797 -0.115129 0.165022 
v -0.0500725 -0.155062 0.116657 
v -0.0568696 -0.113776 0.0961499 
v -0.147323 -0.0808563 0.136022 
v -0.237777 -0.0479362 0.0961499 
v -0.081816 -0.182321 0.0961499 
v -0.17227 -0.149401 0.136022 
v -0.262723 -0.116481 0.0961499 
v -0.269521 -0.0751956 0.116657 
v -0.275245 -0.0343 -0.000108131 
v -0.237777 -0.0479362 -0.0963661 
v -0.0871493 -0.141569 -0.0774171 
v -0.081816 -0.182321 -0.0963661 
v -0.0568696 -0.113776 -0.0963661 
v -0.17227 -0.149401 -0.136238 
v -0.147323 -0.0808563 -0.136238 
v -0.159797 -0.115129 -0.10944 
v -0.232444 -0.0886895 -0.0774171 
v -0.262723 -0.116481 -0.0963661 
v -0.237777 -0.0479362 -0.0963661 
v -0.220674 -0.0368593 -0.0911221 
v -0.141347 -0.0644359 -0.125884 
v -0.127459 -0.0262747 -0.153589 
v -0.226229 0.00806 -0.110306 
v -0.0628517 -0.0942979 -0.0911211 
v -0.0297236 -0.063457 -0.110306 
v -0.154539 -0.100683 -0.15636 
v -0.25331 -0.0663483 -0.113077 
v -0.056804 -0.137865 -0.113077 
v -0.326587 -0.295484 0.0949439 
v -0.357933 -0.322402 0.115194 
v -0.249584 -0.361835 0.162953 
v -0.237267 -0.327992 0.134316 
v -0.351221 -0.36317 0.0949439 
v -0.261901 -0.395678 0.134316 
v -0.17258 -0.428185 0.0949439 
v -0.147946 -0.3605 0.0949439 
v -0.141235 -0.401268 0.115194 
v -0.340698 -0.227293 -0.000108128 
v -0.3033 -0.290288 -0.0764491 
v -0.306937 -0.24755 -0.0951601 
v -0.365152 -0.293642 -0.000108127 
v -0.331391 -0.313901 -0.0951601 
v -0.249887 -0.362809 -0.134532 
v -0.225433 -0.296459 -0.134532 
v -0.23784 -0.329568 -0.10807 
v -0.134623 -0.431975 -0.000108137 
v -0.172381 -0.368848 -0.0764491 
v -0.168383 -0.411717 -0.0951601 
v -0.143928 -0.345366 -0.0951601 
v -0.306937 -0.24755 0.0949439 
v -0.340698 -0.227293 -0.000108128 
v -0.336708 -0.270241 0.115194 
v -0.23784 -0.329568 0.162953 
v -0.225433 -0.296459 0.134316 
v -0.331391 -0.313901 0.0949439 
v -0.365152 -0.293642 -0.000108127 
v -0.249887 -0.362809 0.134316 
v -0.168383 -0.411717 0.0949439 
v -0.143928 -0.345366 0.0949439 
v -0.138973 -0.388896 0.115194 
v -0.134623 -0.431975 -0.000108137 
v -0.25581 -0.0732194 0.0959099 
v -0.228729 0.00118986 0.0986809 
v -0.263468 -0.0291288 0.119556 
v -0.0593056 -0.144736 0.0959099 
v -0.0322248 -0.0703268 0.0986809 
v -0.0250998 -0.115881 0.119556 
v -0.144912 -0.0742314 0.17206 
v -0.158076 -0.1104 0.139193 
v -0.130995 -0.0359921 0.141963 
v -0.0971562 0.0569865 0.13416 
v 0.00480604 -0.0246543 0.121367 
v -0.00405139 0.0145467 0.0926799 
v -0.0300039 -0.0567624 0.107387 
v -0.108133 0.0268269 0.171684 
v -0.123109 -0.0143226 0.148866 
v -0.221712 0.0130086 0.107386 
v -0.268053 0.00922164 0.00724487 
v -0.19576 0.0843178 0.0926799 
v -0.227742 0.05998 0.121367 
v -0.0621883 -0.232879 -0.000108141 
v -0.101071 -0.226699 0.0949439 
v -0.0857189 -0.299566 -0.00010814 
v -0.124603 -0.293385 0.0949439 
v -0.0931877 -0.263093 0.115194 
v -0.20706 -0.244995 0.162953 
v -0.218477 -0.278466 0.134316 
v -0.194945 -0.211779 0.134316 
v -0.312351 -0.263545 0.0949439 
v -0.288819 -0.19686 0.0949439 
v -0.320934 -0.226897 0.115194 
v -0.351235 -0.257365 -0.000108128 
v -0.168101 0.1655 0.105775 
v -0.195455 0.137389 0.124591 
v -0.0860472 0.0815484 0.17547 
v -0.0754528 0.118214 0.14886 
v -0.191815 0.092729 0.103018 
v -0.101622 0.0466962 0.144962 
v -0.0114286 0.000662528 0.103018 
v 0.0171952 0.0709282 0.105775 
v 0.0233601 0.0257092 0.124591 
v -0.180377 0.268453 -0.00196714 
v -0.203987 0.195118 -0.00141513 
v -0.162983 0.180194 0.103932 
v -0.138575 0.25324 0.105426 
v -0.166632 0.222487 0.117961 
v 0.0350076 0.108137 0.103932 
v 0.06326 0.179783 0.105426 
v 0.0649856 0.138191 0.117961 
v -0.0508231 0.180339 0.169009 
v -0.063988 0.144166 0.147568 
v -0.0376582 0.216512 0.14991 
v 0.0930649 0.253163 0.108456 
v 0.0626783 0.182866 0.110614 
v 0.0916053 0.21433 0.123646 
v -0.0217313 0.260273 0.174076 
v -0.0354291 0.222637 0.154268 
v -0.00922787 0.294629 0.153972 
v -0.136148 0.255228 0.110614 
v -0.114243 0.328611 0.108456 
v -0.138085 0.297924 0.123646 
v -0.0443484 0.198129 -0.143821 
v 0.0563715 0.165537 -0.100167 
v 0.0467437 0.211817 -0.0787132 
v 0.100704 0.159215 0.00522385 
v 0.0864893 0.235095 -0.111316 
v -0.0185275 0.269077 -0.156833 
v 0.132712 0.228502 -0.00143015 
v 0.0806514 0.206981 0.00189685 
v 0.0930649 0.253163 0.108456 
v -0.00922787 0.294629 0.153972 
v 0.0515676 0.225072 0.0825059 
v 0.0626783 0.182866 0.110614 
v -0.363585 -0.282019 -0.000108127 
v -0.237267 -0.327992 0.134316 
v -0.326587 -0.295484 -0.0951601 
v -0.237267 -0.327992 -0.134532 
v -0.177846 -0.387944 0.0762329 
v -0.17258 -0.428185 0.0949439 
v -0.147946 -0.3605 0.0949439 
v -0.135582 -0.44165 -0.000108137 
v -0.110948 -0.373965 -0.000108138 
v -0.148132 -0.398758 -0.000108137 
v -0.177846 -0.387944 -0.0764491 
v -0.17258 -0.428185 -0.0951601 
v -0.147946 -0.3605 -0.0951601 
v 0.0258537 0.152433 -0.0868762 
v 0.06326 0.179783 -0.109361 
v 0.0350076 0.108137 -0.106763 
v 0.0760124 0.0932136 -0.00141515 
v 0.105062 0.16457 -0.00196715 
v 0.0576137 0.140874 -0.00527915 
v 0.0258537 0.152433 0.0763179 
v 0.0350076 0.108137 0.103932 
v 0.06326 0.179783 0.105426 
v -0.0754528 0.118214 0.14886 
v -0.0136093 0.0445774 0.0830839 
v -0.0114286 0.000662528 0.103018 
v 0.0171952 0.0709282 0.105775 
v 0.0259311 -0.0184052 0.00175686 
v 0.0555716 0.0513415 0.00175685 
v 0.0163956 0.0292633 0.00175686 
v -0.0136093 0.0445774 -0.0795702 
v -0.0114286 0.000662528 -0.0995042 
v 0.0171952 0.0709282 -0.102261 
v -0.131666 -0.256978 -0.0764491 
v -0.0621883 -0.232879 -0.000108141 
v -0.101071 -0.226699 -0.0951601 
v -0.194945 -0.211779 -0.134532 
v -0.100437 -0.261942 -0.000108139 
v -0.131666 -0.256978 0.0762329 
v -0.101071 -0.226699 0.0949439 
v -0.0857189 -0.299566 -0.00010814 
v -0.124603 -0.293385 -0.0951601 
v -0.124603 -0.293385 0.0949439 
v -0.218477 -0.278466 0.134316 
v -0.194945 -0.211779 0.134316 
v -0.0372044 -0.0178303 0.0803199 
v -0.0971562 0.0569865 0.13416 
v -0.00405139 0.0145467 0.0926799 
v 0.0290148 -0.0181398 -0.00746115 
v -0.010646 -0.0440822 -0.000108143 
v -0.0478655 -0.0471236 -0.0805361 
v 0.0030622 -0.089449 0.00724486 
v -0.0300039 -0.0567624 0.107387 
v -0.0432783 -0.093236 -0.0928962 
v -0.0173257 -0.0219268 -0.107603 
v -0.0500725 -0.155062 0.116657 
v -0.147323 -0.0808563 0.136022 
v -0.237777 -0.0479362 0.0961499 
v -0.262723 -0.116481 0.0961499 
v -0.269521 -0.0751956 0.116657 
v -0.314969 -0.0586548 -0.000108129 
v -0.300191 -0.102845 -0.00010813 
v -0.275245 -0.0343 -0.000108131 
v -0.262723 -0.116481 -0.0963661 
v -0.237777 -0.0479362 -0.0963661 
v -0.269521 -0.0751956 -0.116873 
v -0.147323 -0.0808563 0.136022 
v -0.0568696 -0.113776 0.0961499 
v -0.0871493 -0.141569 0.0772009 
v -0.0194018 -0.127413 -0.000108142 
v -0.081816 -0.182321 0.0961499 
v -0.0443482 -0.195957 -0.000108141 
v -0.0570573 -0.15252 -0.000108141 
v -0.0871493 -0.141569 -0.0774171 
v -0.081816 -0.182321 -0.0963661 
v -0.0568696 -0.113776 -0.0963661 
v -0.17227 -0.149401 -0.136238 
v -0.0628517 -0.0942979 -0.0911211 
v -0.0297236 -0.063457 -0.110306 
v -0.056804 -0.137865 -0.113077 
v -0.0173569 -0.156112 -0.00858314 
v 0.00972359 -0.0817042 -0.00581314 
v -0.0311702 -0.108953 -0.00719814 
v -0.158076 -0.1104 0.139193 
v -0.130995 -0.0359921 0.141963 
v -0.0648599 -0.0998158 0.0767249 
v -0.0593056 -0.144736 0.0959099 
v -0.0322248 -0.0703268 0.0986809 
v -0.326587 -0.295484 0.0949439 
v -0.363585 -0.282019 -0.000108127 
v -0.402812 -0.306069 -0.000108126 
v -0.326587 -0.295484 -0.0951601 
v -0.357933 -0.322402 0.115194 
v -0.237267 -0.327992 0.134316 
v -0.351221 -0.36317 0.0949439 
v -0.388219 -0.349705 -0.000108126 
v -0.351221 -0.36317 -0.0951601 
v -0.357933 -0.322402 -0.11541 
v -0.225433 -0.296459 0.134316 
v -0.249887 -0.362809 -0.134532 
v -0.225433 -0.296459 -0.134532 
v -0.172381 -0.368848 0.0762329 
v -0.168383 -0.411717 0.0949439 
v -0.143928 -0.345366 0.0949439 
v -0.134623 -0.431975 -0.000108137 
v -0.110169 -0.365624 -0.000108138 
v -0.145266 -0.385119 -0.000108137 
v -0.172381 -0.368848 -0.0764491 
v -0.168383 -0.411717 -0.0951601 
v -0.143928 -0.345366 -0.0951601 
v -0.306937 -0.24755 0.0949439 
v -0.340698 -0.227293 -0.000108128 
v -0.377661 -0.245667 -0.000108127 
v -0.306937 -0.24755 -0.0951601 
v -0.336708 -0.270241 0.115194 
v -0.225433 -0.296459 0.134316 
v -0.331391 -0.313901 0.0949439 
v -0.365152 -0.293642 -0.000108127 
v -0.331391 -0.313901 -0.0951601 
v -0.336708 -0.270241 -0.11541 
v -0.249887 -0.362809 -0.134532 
v -0.225433 -0.296459 -0.134532 
v -0.226229 0.00806 -0.110306 
v -0.127459 -0.0262747 -0.153589 
v -0.260435 -0.0207937 -0.133953 
v -0.311318 -0.00699432 -0.00719813 
v -0.268178 0.0194364 -0.00581313 
v -0.25331 -0.0663483 -0.113077 
v -0.295258 -0.0549719 -0.00858313 
v -0.25581 -0.0732194 0.0959099 
v -0.228729 0.00118986 0.0986809 
v -0.263468 -0.0291288 0.119556 
v -0.158076 -0.1104 0.139193 
v -0.130995 -0.0359921 0.141963 
v -0.0971562 0.0569865 0.13416 
v -0.221712 0.0130086 0.107386 
v -0.141882 -0.0659047 -0.134376 
v -0.209034 0.0478443 -0.107603 
v -0.243844 0.0157361 -0.121583 
v -0.234987 -0.0234649 -0.0928961 
v -0.283955 0.055387 -0.000108131 
v -0.2421 0.0805309 -0.00746113 
v -0.268053 0.00922164 0.00724487 
v -0.19576 0.0843178 0.0926799 
v -0.227742 0.05998 0.121367 
v -0.194945 -0.211779 -0.134532 
v -0.288819 -0.19686 -0.0951601 
v -0.312351 -0.263545 -0.0951601 
v -0.320934 -0.226897 -0.11541 
v -0.218477 -0.278466 0.134316 
v -0.194945 -0.211779 0.134316 
v -0.312351 -0.263545 0.0949439 
v -0.288819 -0.19686 0.0949439 
v -0.320934 -0.226897 0.115194 
v -0.368101 -0.2194 -0.000108127 
v -0.351235 -0.257365 -0.000108128 
v -0.327703 -0.190679 -0.000108129 
v -0.168101 0.1655 0.105775 
v -0.206477 0.185087 0.00175687 
v -0.240774 0.160518 0.00175687 
v -0.168101 0.1655 -0.102261 
v -0.195455 0.137389 0.124591 
v -0.0754528 0.118214 0.14886 
v -0.191815 0.092729 0.103018 
v -0.229174 0.111796 0.00175687 
v -0.191815 0.092729 -0.0995042 
v -0.195455 0.137389 -0.121077 
v -0.101622 0.0466962 -0.141448 
v -0.138575 0.25324 -0.109361 
v -0.166632 0.222487 -0.128519 
v -0.214601 0.239945 -0.00527913 
v -0.180377 0.268453 -0.00196714 
v -0.162983 0.180194 -0.106763 
v -0.203987 0.195118 -0.00141513 
v -0.162983 0.180194 0.103932 
v -0.138575 0.25324 0.105426 
v -0.166632 0.222487 0.117961 
v -0.120819 0.310544 -0.111316 
v -0.142455 0.237899 -0.100167 
v -0.145371 0.277905 -0.119853 
v -0.00922787 0.294629 0.153972 
v -0.136148 0.255228 0.110614 
v -0.114243 0.328611 0.108456 
v -0.138085 0.297924 0.123646 
v -0.189298 0.305228 0.00189687 
v -0.18048 0.26155 0.00522387 
v -0.160467 0.335203 -0.00143014 
v 0.100704 0.159215 0.00522385 
v -0.18048 0.26155 0.00522387 
v -0.100509 0.280419 0.0825059 
v -0.136148 0.255228 0.110614 
v 0.0515676 0.225072 0.0825059 
v 0.0626783 0.182866 0.110614 
v -0.0234721 0.25549 0.115896 
v -0.0354291 0.222637 0.154268 
v -0.326587 -0.295484 -0.0951601 
v -0.261901 -0.395678 -0.134532 
v -0.135582 -0.44165 -0.000108137 
v -0.110948 -0.373965 -0.000108138 
v -0.0376582 0.216512 -0.153844 
v -0.138575 0.25324 -0.109361 
v -0.162983 0.180194 -0.106763 
v 0.0350076 0.108137 -0.106763 
v -0.203987 0.195118 -0.00141513 
v 0.0760124 0.0932136 -0.00141515 
v 0.0350076 0.108137 0.103932 
v -0.162983 0.180194 0.103932 
v -0.0754528 0.118214 0.14886 
v -0.168101 0.1655 -0.102261 
v -0.229174 0.111796 0.00175687 
v -0.101622 0.0466962 -0.141448 
v 0.0259311 -0.0184052 0.00175686 
v -0.0372044 -0.0178303 0.0803199 
v -0.0971562 0.0569865 0.13416 
v 0.0030622 -0.089449 0.00724486 
v -0.0300039 -0.0567624 0.107387 
v -0.141882 -0.0659047 -0.134376 
v -0.11198 0.0162552 0.113634 
v -0.123109 -0.0143226 0.148866 
v -0.221712 0.0130086 0.107386 
v -0.191172 0.0382055 0.0803199 
v -0.268053 0.00922164 0.00724487 
v -0.2421 0.0805309 -0.00746113 
v -0.209034 0.0478443 -0.107603 
v -0.147323 -0.0808563 0.136022 
v -0.081816 -0.182321 0.0961499 
v -0.262723 -0.116481 0.0961499 
v -0.0568696 -0.113776 -0.0963661 
v -0.275245 -0.0343 -0.000108131 
v -0.17227 -0.149401 -0.136238 
v -0.147323 -0.0808563 0.136022 
v -0.081816 -0.182321 0.0961499 
v -0.275245 -0.0343 -0.000108131 
v -0.0568696 -0.113776 -0.0963661 
v -0.17227 -0.149401 -0.136238 
v -0.0297236 -0.063457 -0.110306 
v -0.0173569 -0.156112 -0.00858314 
v -0.158076 -0.1104 0.139193 
v -0.130995 -0.0359921 0.141963 
v -0.363585 -0.282019 -0.000108127 
v -0.326587 -0.295484 -0.0951601 
v -0.237267 -0.327992 0.134316 
v -0.351221 -0.36317 0.0949439 
v -0.261901 -0.395678 -0.134532 
v -0.135582 -0.44165 -0.000108137 
v -0.110948 -0.373965 -0.000108138 
v -0.225433 -0.296459 0.134316 
v -0.365152 -0.293642 -0.000108127 
v -0.168383 -0.411717 0.0949439 
v -0.127459 -0.0262747 -0.153589 
v -0.0297236 -0.063457 -0.110306 
v -0.268178 0.0194364 -0.00581313 
v -0.25331 -0.0663483 -0.113077 
v -0.0173569 -0.156112 -0.00858314 
v -0.158076 -0.1104 0.139193 
v -0.130995 -0.0359921 0.141963 
v 0.0290148 -0.0181398 -0.00746115 
v -0.0300039 -0.0567624 0.107387 
v -0.0432783 -0.093236 -0.0928962 
v -0.0112963 -0.0688982 -0.121583 
v -0.141882 -0.0659047 -0.134376 
v -0.130905 -0.0357441 -0.1719 
v -0.243844 0.0157361 -0.121583 
v -0.234987 -0.0234649 -0.0928961 
v 0.100704 0.159215 0.00522385 
v -0.18048 0.26155 0.00522387 
v 0.0930649 0.253163 0.108456 
v -0.114243 0.328611 0.108456 
v -0.100509 0.280419 0.0825059 
v -0.136148 0.255228 0.110614 
v -0.00922787 0.294629 0.153972 
v 0.0515676 0.225072 0.0825059 
v 0.0626783 0.182866 0.110614 
v -0.0234721 0.25549 0.115896 
v -0.0354291 0.222637 0.154268 
v -0.321322 -0.335727 0.0762329 
v -0.363585 -0.282019 -0.000108127 
v -0.326587 -0.295484 0.0949439 
v -0.237267 -0.327992 0.134316 
v -0.326587 -0.295484 -0.0951601 
v -0.351221 -0.36317 0.0949439 
v -0.261901 -0.395678 0.134316 
v -0.237267 -0.327992 -0.134532 
v -0.249584 -0.361835 0.107854 
v -0.177846 -0.387944 0.0762329 
v -0.17258 -0.428185 0.0949439 
v -0.147946 -0.3605 0.0949439 
v -0.0376582 0.216512 -0.153844 
v -0.180377 0.268453 -0.00196714 
v -0.162983 0.180194 -0.106763 
v -0.203987 0.195118 -0.00141513 
v 0.0258537 0.152433 0.0763179 
v 0.0350076 0.108137 0.103932 
v 0.06326 0.179783 0.105426 
v -0.063988 0.144166 0.147568 
v -0.0508231 0.180339 0.110116 
v -0.0376582 0.216512 0.14991 
v -0.138575 0.25324 0.105426 
v -0.127499 0.208244 0.0763179 
v -0.162983 0.180194 0.103932 
v -0.158486 0.118521 0.0830839 
v -0.168101 0.1655 0.105775 
v -0.0754528 0.118214 0.14886 
v -0.191815 0.092729 0.103018 
v -0.101622 0.0466962 0.144962 
v -0.0860472 0.0815484 0.116771 
v -0.0136093 0.0445774 0.0830839 
v -0.0114286 0.000662528 0.103018 
v 0.0171952 0.0709282 0.105775 
v -0.0621883 -0.232879 -0.000108141 
v -0.131666 -0.256978 0.0762329 
v -0.101071 -0.226699 0.0949439 
v -0.0857189 -0.299566 -0.00010814 
v -0.124603 -0.293385 0.0949439 
v -0.218477 -0.278466 0.134316 
v -0.194945 -0.211779 0.134316 
v -0.20706 -0.244995 0.107854 
v -0.351235 -0.257365 -0.000108128 
v -0.282455 -0.233012 0.0762329 
v -0.312351 -0.263545 0.0949439 
v -0.288819 -0.19686 0.0949439 
v -0.0372044 -0.0178303 0.0803199 
v -0.0971562 0.0569865 0.13416 
v -0.00405139 0.0145467 0.0926799 
v -0.0300039 -0.0567624 0.107387 
v -0.11198 0.0162552 0.113634 
v -0.123109 -0.0143226 0.148866 
v -0.221712 0.0130086 0.107386 
v -0.191172 0.0382055 0.0803199 
v -0.19576 0.0843178 0.0926799 
v -0.268053 0.00922164 0.00724487 
v -0.0500725 -0.155062 0.116657 
v -0.0568696 -0.113776 -0.0963661 
v -0.081816 -0.182321 -0.0963661 
v -0.0500725 -0.155062 -0.116873 
v -0.275245 -0.0343 -0.000108131 
v -0.262723 -0.116481 -0.0963661 
v -0.237777 -0.0479362 -0.0963661 
v -0.269521 -0.0751956 -0.116873 
v -0.159797 -0.115129 -0.165238 
v -0.17227 -0.149401 -0.136238 
v -0.147323 -0.0808563 -0.136238 
v -0.147323 -0.0808563 0.136022 
v -0.0568696 -0.113776 0.0961499 
v -0.0871493 -0.141569 0.0772009 
v -0.159797 -0.115129 0.109224 
v -0.232444 -0.0886895 0.0772009 
v -0.237777 -0.0479362 0.0961499 
v -0.17227 -0.149401 0.136022 
v -0.081816 -0.182321 0.0961499 
v -0.262723 -0.116481 0.0961499 
v -0.056804 -0.137865 -0.113077 
v -0.222683 -0.0423772 0.0767249 
v -0.25581 -0.0732194 0.0959099 
v -0.228729 0.00118986 0.0986809 
v -0.158076 -0.1104 0.139193 
v -0.130995 -0.0359921 0.141963 
v -0.144187 -0.0722401 0.111487 
v -0.0648599 -0.0998158 0.0767249 
v -0.0593056 -0.144736 0.0959099 
v -0.0322248 -0.0703268 0.0986809 
v -0.326587 -0.295484 -0.0951601 
v -0.351221 -0.36317 -0.0951601 
v -0.357933 -0.322402 -0.11541 
v -0.249584 -0.361835 -0.163169 
v -0.261901 -0.395678 -0.134532 
v -0.237267 -0.327992 -0.134532 
v -0.17258 -0.428185 -0.0951601 
v -0.147946 -0.3605 -0.0951601 
v -0.141235 -0.401268 -0.11541 
v -0.340698 -0.227293 -0.000108128 
v -0.3033 -0.290288 0.0762329 
v -0.306937 -0.24755 0.0949439 
v -0.225433 -0.296459 0.134316 
v -0.365152 -0.293642 -0.000108127 
v -0.331391 -0.313901 0.0949439 
v -0.249887 -0.362809 0.134316 
v -0.23784 -0.329568 0.107854 
v -0.172381 -0.368848 0.0762329 
v -0.168383 -0.411717 0.0949439 
v -0.143928 -0.345366 0.0949439 
v -0.134623 -0.431975 -0.000108137 
v -0.340698 -0.227293 -0.000108128 
v -0.306937 -0.24755 -0.0951601 
v -0.365152 -0.293642 -0.000108127 
v -0.331391 -0.313901 -0.0951601 
v -0.138973 -0.388896 0.115194 
v -0.336708 -0.270241 -0.11541 
v -0.23784 -0.329568 -0.163169 
v -0.249887 -0.362809 -0.134532 
v -0.225433 -0.296459 -0.134532 
v -0.168383 -0.411717 -0.0951601 
v -0.143928 -0.345366 -0.0951601 
v -0.138973 -0.388896 -0.11541 
v -0.134623 -0.431975 -0.000108137 
v -0.226229 0.00806 -0.110306 
v -0.127459 -0.0262747 -0.153589 
v -0.140622 -0.0624438 -0.186456 
v -0.0297236 -0.063457 -0.110306 
v -0.260435 -0.0207937 -0.133953 
v -0.25331 -0.0663483 -0.113077 
v -0.154539 -0.100683 -0.15636 
v -0.056804 -0.137865 -0.113077 
v -0.0220663 -0.107546 -0.133952 
v 0.0290148 -0.0181398 -0.00746115 
v -0.0173257 -0.0219268 -0.107603 
v -0.0432783 -0.093236 -0.0928962 
v -0.0112963 -0.0688982 -0.121583 
v -0.141882 -0.0659047 -0.134376 
v -0.130905 -0.0357441 -0.1719 
v -0.115929 0.00540451 -0.149082 
v -0.209034 0.0478443 -0.107603 
v -0.243844 0.0157361 -0.121583 
v -0.234987 -0.0234649 -0.0928961 
v -0.101071 -0.226699 -0.0951601 
v -0.0931877 -0.263093 -0.11541 
v -0.0621883 -0.232879 -0.000108141 
v -0.20706 -0.244995 -0.163169 
v -0.194945 -0.211779 -0.134532 
v -0.124603 -0.293385 -0.0951601 
v -0.0857189 -0.299566 -0.00010814 
v -0.218477 -0.278466 -0.134532 
v -0.288819 -0.19686 -0.0951601 
v -0.312351 -0.263545 -0.0951601 
v -0.320934 -0.226897 -0.11541 
v -0.351235 -0.257365 -0.000108128 
v -0.168101 0.1655 -0.102261 
v -0.191815 0.092729 -0.0995042 
v -0.195455 0.137389 -0.121077 
v -0.0860472 0.0815484 -0.171956 
v -0.101622 0.0466962 -0.141448 
v -0.0754528 0.118214 -0.145346 
v -0.0114286 0.000662528 -0.0995042 
v 0.0171952 0.0709282 -0.102261 
v 0.0233601 0.0257092 -0.121077 
v 0.0259311 -0.0184052 0.00175686 
v -0.138575 0.25324 -0.109361 
v -0.0376582 0.216512 -0.153844 
v -0.0508231 0.180339 -0.179567 
v 0.06326 0.179783 -0.109361 
v -0.166632 0.222487 -0.128519 
v -0.180377 0.268453 -0.00196714 
v -0.162983 0.180194 -0.106763 
v -0.063988 0.144166 -0.150399 
v 0.0350076 0.108137 -0.106763 
v -0.166632 0.222487 0.117961 
v 0.0649866 0.138191 -0.128519 
v 0.105062 0.16457 -0.00196715 
v 0.0864893 0.235095 -0.111316 
v 0.0843194 0.194311 -0.119853 
v -0.0320351 0.231962 -0.170283 
v -0.0185275 0.269077 -0.156833 
v 0.0563715 0.165537 -0.100167 
v -0.0443484 0.198129 -0.143821 
v -0.120819 0.310544 -0.111316 
v -0.142455 0.237899 -0.100167 
v -0.145371 0.277905 -0.119853 

vn 0.700787 -0.133858 0.700787 
vn 0.275591 -0.771654 0.574803 
vn 0.456693 -0.889764 0.0629921 
vn 0.716535 0.566929 0.409449 
vn 0.889764 0.456693 -0.0629921 
vn 0.952756 -0.291339 -0.00787402 
vn 0.685039 0.488189 -0.543307 
vn 0.661417 -0.251969 -0.708661 
vn 0.244094 -0.858268 -0.456693 
vn 0.228346 0.629921 -0.740157 
vn 0.661417 -0.244094 -0.708661 
vn 0.937008 -0.338583 0 
vn 0.96063 0.283465 0 
vn 0.740157 0.362205 -0.566929 
vn 0.204724 0.559055 -0.80315 
vn 0.661417 -0.244094 0.708661 
vn 0.740157 0.362205 0.566929 
vn 0.551181 -0.834646 0 
vn 0.330709 -0.748031 -0.566929 
vn 0.330709 -0.748031 0.566929 
vn 0.204724 0.559055 0.80315 
vn 0.661417 -0.212598 0.716535 
vn 0.732283 0.440945 0.527559 
vn 0.913386 0.401575 -0.00787402 
vn 0.307087 -0.779528 0.543307 
vn 0.480315 -0.874016 -0.00787402 
vn -0.716535 -0.472441 -0.519685 
vn 0.708661 0.496063 -0.503937 
vn 0.685039 -0.228346 -0.692913 
vn 0.244094 -0.818898 -0.519685 
vn 0.944882 -0.314961 0.023622 
vn 0.937008 -0.338583 0 
vn 0.944882 0.330709 0 
vn 0.669291 -0.228346 -0.708661 
vn 0.771654 0.393701 -0.488189 
vn 0.314961 0.574803 -0.755906 
vn 0.669291 -0.228346 0.708661 
vn 0.771654 0.393701 0.488189 
vn 0.472441 -0.88189 0 
vn 0.251969 -0.771654 -0.582677 
vn 0.251969 -0.771654 0.582677 
vn -0.275591 -0.527559 0.80315 
vn -0.984252 -0.19685 0 
vn -0.23622 0.779528 0.582677 
vn 0.0708661 0.606299 0.795276 
vn -0.0708661 -0.606299 -0.795276 
vn 0.0708661 0.606299 -0.795276 
vn 0.685039 -0.204724 0.700787 
vn 0.425197 -0.740157 0.519685 
vn 0.661417 0.433071 0.614173 
vn 0.614173 -0.787402 0 
vn 0.937008 0.354331 0 
vn 0.952756 -0.291339 0 
vn 0.685039 -0.204724 -0.700787 
vn 0.425197 -0.740157 -0.519685 
vn 0.661417 0.433071 -0.614173 
vn -0.149606 -0.401575 0.905512 
vn 0.299213 -0.84252 -0.448819 
vn 0.622047 -0.370079 -0.692913 
vn 0.700787 0.251969 -0.669291 
vn 0.559055 -0.818898 0.110236 
vn 0.952756 0.267717 -0.110236 
vn 0.937008 -0.338583 0 
vn 0.708661 -0.11811 0.692913 
vn 0.377953 -0.637795 0.669291 
vn 0.771654 0.456693 0.448819 
vn 0.661417 -0.244094 0.708661 
vn 0.732283 0.393701 0.551181 
vn 0.212598 0.582677 0.779528 
vn 0.937008 -0.338583 0 
vn 0.944882 0.314961 0 
vn 0.307087 -0.771654 0.551181 
vn 0.519685 -0.850394 0 
vn 0.732283 0.393701 -0.551181 
vn 0.307087 -0.771654 -0.551181 
vn 0.661417 -0.244094 -0.708661 
vn -0.519685 0.850394 0 
vn -0.307087 0.771654 -0.551181 
vn -0.212598 -0.582677 -0.779528 
vn 0.204724 0.559055 -0.80315 
vn 0.661417 -0.244094 -0.708661 
vn 0.740157 0.362205 -0.566929 
vn 0.330709 -0.748031 -0.566929 
vn 0.96063 0.283465 0 
vn 0.551181 -0.834646 0 
vn 0.937008 -0.338583 0 
vn 0.661417 -0.244094 0.708661 
vn 0.330709 -0.748031 0.566929 
vn 0.740157 0.362205 0.566929 
vn 0.653543 -0.267717 0.708661 
vn 0.19685 0.527559 0.826772 
vn 0.732283 0.338583 0.590551 
vn 0.96063 0.283465 0.023622 
vn 0.322835 -0.771654 0.551181 
vn -0.748031 -0.377953 0.551181 
vn 0.551181 -0.834646 -0.023622 
vn 0.937008 -0.338583 0 
vn 0.669291 -0.220472 -0.708661 
vn 0.338583 -0.732283 -0.590551 
vn 0.748031 0.377953 -0.551181 
vn -0.188976 -0.527559 -0.826772 
vn 0.212598 0.582677 -0.787402 
vn 0.212598 0.582677 0.779528 
vn 0.307087 -0.771654 0.551181 
vn 0.732283 0.393701 0.551181 
vn 0.661417 -0.244094 0.708661 
vn -0.212598 -0.582677 -0.779528 
vn 0.307087 -0.771654 -0.551181 
vn 0.732283 0.393701 -0.551181 
vn 0.661417 -0.244094 -0.708661 
vn 0.937008 -0.338583 0 
vn 0.519685 -0.850394 0 
vn 0.944882 0.314961 0 
vn 0.92126 -0.385827 0 
vn 0.976378 0.212598 0 
vn 0.653543 -0.275591 -0.700787 
vn 0.80315 0.291339 -0.519685 
vn 0.330709 0.511811 -0.795276 
vn 0.653543 -0.275591 0.700787 
vn 0.80315 0.291339 0.519685 
vn 0.488189 -0.874016 0 
vn 0.228346 -0.755906 -0.614173 
vn 0.228346 -0.755906 0.614173 
vn -0.338583 -0.511811 0.795276 
vn 0.330709 0.511811 0.795276 
vn 0.299213 0.559055 0.771654 
vn 0.228346 -0.795276 0.566929 
vn 0.779528 0.338583 0.527559 
vn 0.637795 -0.299213 0.708661 
vn -0.291339 -0.559055 -0.771654 
vn 0.299213 0.559055 -0.771654 
vn 0.228346 -0.795276 -0.566929 
vn 0.779528 0.338583 -0.527559 
vn 0.637795 -0.299213 -0.708661 
vn 0.905512 -0.425197 0 
vn 0.448819 -0.889764 0 
vn 0.968504 0.244094 0 
vn 0.740157 0.409449 -0.527559 
vn 0.314961 -0.755906 -0.574803 
vn 0.669291 -0.220472 -0.708661 
vn 0.937008 -0.338583 0 
vn 0.519685 -0.850394 -0.023622 
vn 0.944882 0.314961 0.023622 
vn 0.299213 -0.795276 0.527559 
vn 0.724409 0.377953 0.574803 
vn 0.653543 -0.267717 0.708661 
vn -0.220472 -0.614173 0.76378 
vn 0.204724 0.559055 0.80315 
vn 0.259843 0.716535 0.653543 
vn 0.708661 -0.11811 0.692913 
vn 0.76378 0.480315 0.425197 
vn 0.937008 -0.338583 0 
vn 0.944882 0.307087 -0.11811 
vn 0.692913 0.283465 -0.661417 
vn 0.346457 -0.661417 0.661417 
vn 0.527559 -0.84252 0.11811 
vn 0.275591 -0.866142 -0.425197 
vn 0.622047 -0.370079 -0.692913 
vn -0.259843 -0.716535 -0.653543 
vn 0.685039 0.464567 -0.566929 
vn 0.968504 -0.251969 0 
vn 0.685039 -0.173228 -0.708661 
vn 0.92126 0.393701 0 
vn 0.685039 0.464567 0.566929 
vn 0.133858 0.622047 -0.771654 
vn 0.385827 -0.755906 -0.527559 
vn 0.590551 -0.811024 0 
vn 0.385827 -0.755906 0.527559 
vn 0.685039 -0.173228 0.708661 
vn -0.133858 -0.622047 0.771654 
vn 0.133858 0.622047 0.771654 
vn 0.228346 0.527559 0.818898 
vn 0.228346 -0.795276 0.559055 
vn 0.755906 0.338583 0.559055 
vn 0.645669 -0.307087 0.700787 
vn 0.228346 -0.795276 -0.559055 
vn 0.755906 0.338583 -0.559055 
vn 0.645669 -0.307087 -0.700787 
vn 0.905512 -0.417323 0 
vn 0.440945 -0.897638 0 
vn 0.968504 0.259843 0 
vn 0.755906 0.299213 -0.582677 
vn 0.346457 -0.748031 -0.559055 
vn -0.677165 0.220472 0.700787 
vn 0.645669 -0.259843 -0.716535 
vn 0.929134 -0.362205 -0.015748 
vn 0.598425 -0.80315 0.023622 
vn 0.984252 0.173228 0.015748 
vn 0.393701 -0.677165 0.622047 
vn 0.740157 0.220472 0.637795 
vn 0.661417 -0.267717 0.700787 
vn 0.724409 0.102362 -0.677165 
vn 0.92126 -0.393701 0.00787402 
vn 0.622047 -0.354331 -0.700787 
vn 1 0.0629921 -0.0393701 
vn 0.76378 0.212598 0.606299 
vn 0.110236 0.299213 -0.944882 
vn 0.370079 -0.740157 -0.559055 
vn 0.622047 -0.779528 0.0472441 
vn -0.204724 -0.559055 -0.80315 
vn 0.409449 -0.645669 0.645669 
vn 0.661417 -0.23622 0.708661 
vn -0.204724 -0.574803 0.795276 
vn -0.622047 0.346457 0.700787 
vn -0.92126 -0.385827 0.0629921 
vn 0.700787 -0.133858 0.700787 
vn 0.456693 -0.889764 0.0629921 
vn 0.0472441 0.125984 0.992126 
vn -0.181102 0.889764 0.409449 
vn 0.267717 0.748031 0.606299 
vn 0.716535 0.566929 0.409449 
vn -0.385827 0.92126 -0.0629921 
vn 0.889764 0.456693 -0.0629921 
vn -0.92126 0.385827 -0.00787402 
vn -0.212598 0.811024 -0.543307 
vn 0.952756 -0.291339 -0.00787402 
vn 0.685039 0.488189 -0.543307 
vn 0.661417 -0.251969 -0.708661 
vn 0.244094 -0.858268 -0.456693 
vn 0.228346 0.629921 -0.740157 
vn -0.669291 0.228346 -0.708661 
vn -0.732283 -0.496063 -0.456693 
vn 0.96063 0.283465 0 
vn 0.204724 0.559055 -0.80315 
vn 0.740157 0.362205 0.566929 
vn 0.330709 -0.748031 -0.566929 
vn -0.204724 -0.559055 0.80315 
vn -0.96063 -0.283465 0 
vn -0.551181 0.834646 0 
vn 0.220472 0.614173 0.755906 
vn 0.732283 0.440945 0.527559 
vn 0.913386 0.401575 -0.00787402 
vn 0.307087 -0.779528 0.543307 
vn -0.669291 0.267717 -0.692913 
vn -0.716535 -0.472441 -0.519685 
vn -0.220472 0.834646 -0.503937 
vn 0.00787402 0.015748 -1 
vn 0.244094 0.677165 -0.692913 
vn 0.708661 0.496063 -0.503937 
vn 0.685039 -0.228346 -0.692913 
vn 0.244094 -0.818898 -0.519685 
vn 0.944882 0.330709 0 
vn 0.314961 0.574803 -0.755906 
vn 0.771654 0.393701 0.488189 
vn 0.472441 -0.88189 0 
vn -0.275591 -0.527559 0.80315 
vn -0.779528 -0.291339 -0.559055 
vn -0.984252 -0.19685 0 
vn -0.23622 0.779528 0.582677 
vn 0.0708661 0.606299 0.795276 
vn -0.929134 -0.362205 0 
vn 0.425197 -0.740157 0.519685 
vn 0.149606 0.401575 -0.905512 
vn -0.559055 0.818898 -0.110236 
vn -0.622047 0.370079 0.692913 
vn -0.952756 -0.267717 0.110236 
vn -0.771654 -0.456693 -0.448819 
vn -0.299213 0.84252 0.448819 
vn 0.952756 0.267717 -0.110236 
vn 0.708661 -0.11811 0.692913 
vn 0.771654 0.456693 0.448819 
vn 0.0629921 0.181102 0.984252 
vn 0.251969 0.692913 0.677165 
vn 0.212598 0.582677 0.779528 
vn 0.307087 -0.771654 0.551181 
vn 0.732283 0.393701 -0.551181 
vn -0.519685 0.850394 0 
vn -0.212598 -0.582677 -0.779528 
vn 0.204724 0.559055 -0.80315 
vn -0.740157 -0.362205 -0.566929 
vn 0.330709 -0.748031 -0.566929 
vn 0.96063 0.283465 0 
vn -0.330709 0.748031 0.566929 
vn -0.204724 -0.559055 0.80315 
vn 0.19685 0.527559 0.826772 
vn 0.96063 0.283465 0.023622 
vn -0.338583 0.732283 0.590551 
vn 0.322835 -0.771654 0.551181 
vn -0.96063 -0.283465 -0.023622 
vn -0.188976 -0.527559 -0.826772 
vn 0.212598 0.582677 -0.787402 
vn -0.307087 0.771654 -0.551181 
vn -0.212598 -0.582677 -0.779528 
vn 0.944882 0.314961 0 
vn 0.330709 0.511811 -0.795276 
vn 0.488189 -0.874016 0 
vn -0.80315 -0.299213 -0.511811 
vn 0.740157 0.409449 -0.527559 
vn 0.519685 -0.850394 -0.023622 
vn 0.204724 0.559055 0.80315 
vn 0.259843 0.716535 0.653543 
vn 0.708661 -0.11811 0.692913 
vn 0.76378 0.480315 0.425197 
vn 0.0629921 0.181102 0.984252 
vn -0.346457 0.661417 -0.661417 
vn -0.944882 -0.307087 0.11811 
vn -0.275591 0.866142 0.425197 
vn -0.622047 0.370079 0.692913 
vn -0.204724 -0.574803 0.795276 
vn -0.700787 -0.417323 0.574803 
vn -0.622047 0.346457 0.700787 
vn 0.700787 -0.133858 0.700787 
vn 0.275591 -0.771654 0.574803 
vn 0.0472441 0.125984 0.992126 
vn -0.181102 0.889764 0.409449 
vn 0.267717 0.748031 0.606299 
vn 0.716535 0.566929 0.409449 
vn 0.96063 0.283465 0 
vn 0.661417 -0.244094 0.708661 
vn 0.740157 0.362205 0.566929 
vn 0.330709 -0.748031 0.566929 
vn -0.204724 -0.559055 0.80315 
vn 0.204724 0.559055 0.80315 
vn 0 0 1 
vn -0.96063 -0.283465 0 
vn -0.551181 0.834646 0 
vn -0.661417 0.244094 0.708661 
vn -0.740157 -0.362205 0.566929 
vn -0.330709 0.748031 0.566929 
vn 0.661417 -0.212598 0.716535 
vn 0.00787402 0.0314961 1 
vn 0.220472 0.614173 0.755906 
vn 0.732283 0.440945 0.527559 
vn 0.913386 0.401575 -0.00787402 
vn -0.645669 0.267717 0.716535 
vn -0.275591 0.80315 0.527559 
vn -0.204724 -0.574803 0.795276 
vn 0.307087 -0.779528 0.543307 
vn -0.740157 -0.393701 0.543307 
vn 0.480315 -0.874016 -0.00787402 
vn -0.448819 0.897638 -0.00787402 
vn -0.716535 -0.472441 -0.519685 
vn 0.669291 -0.228346 0.708661 
vn 0.771654 0.393701 0.488189 
vn 0.251969 -0.771654 0.582677 
vn -0.275591 -0.527559 0.80315 
vn 0.314961 0.574803 0.755906 
vn 0 0.0393701 1 
vn -0.645669 0.307087 0.700787 
vn -0.779528 -0.291339 0.559055 
vn -0.23622 0.779528 0.582677 
vn -0.677165 0.204724 0.700787 
vn -0.606299 0.795276 0 
vn -0.425197 0.748031 0.511811 
vn 0.0708661 0.606299 0.795276 
vn -0.929134 -0.362205 0 
vn -0.661417 -0.440945 0.606299 
vn -0.0708661 -0.606299 0.795276 
vn 0 0 1 
vn 0.685039 -0.204724 0.700787 
vn 0.425197 -0.740157 0.519685 
vn 0.661417 0.433071 0.614173 
vn 0.614173 -0.787402 0 
vn -0.622047 0.370079 0.692913 
vn -0.700787 -0.251969 0.669291 
vn -0.299213 0.84252 0.448819 
vn -0.149606 -0.401575 0.905512 
vn 0.708661 -0.11811 0.692913 
vn 0.377953 -0.637795 0.669291 
vn 0.771654 0.456693 0.448819 
vn 0.0629921 0.181102 0.984252 
vn 0.251969 0.692913 0.677165 
vn 0 0 1 
vn 0.661417 -0.244094 0.708661 
vn 0.732283 0.393701 0.551181 
vn 0.212598 0.582677 0.779528 
vn -0.307087 0.771654 0.551181 
vn 0.307087 -0.771654 0.551181 
vn -0.212598 -0.582677 0.779528 
vn -0.732283 -0.393701 0.551181 
vn -0.661417 0.244094 0.708661 
vn -0.519685 0.850394 0 
vn -0.307087 0.771654 -0.551181 
vn -0.661417 0.244094 0.708661 
vn -0.740157 -0.362205 0.566929 
vn -0.330709 0.748031 0.566929 
vn -0.204724 -0.559055 0.80315 
vn 0.204724 0.559055 0.80315 
vn 0 0 1 
vn 0.661417 -0.244094 0.708661 
vn 0.330709 -0.748031 0.566929 
vn 0.740157 0.362205 0.566929 
vn 0.653543 -0.267717 0.708661 
vn -0.00787402 -0.0314961 1 
vn 0.19685 0.527559 0.826772 
vn 0.732283 0.338583 0.590551 
vn -0.669291 0.220472 0.708661 
vn -0.338583 0.732283 0.590551 
vn -0.212598 -0.582677 0.787402 
vn 0.322835 -0.771654 0.551181 
vn -0.748031 -0.377953 0.551181 
vn -0.307087 0.771654 0.551181 
vn -0.661417 0.244094 0.708661 
vn 0 0 1 
vn 0.212598 0.582677 0.779528 
vn -0.732283 -0.393701 0.551181 
vn -0.212598 -0.582677 0.779528 
vn 0.307087 -0.771654 0.551181 
vn 0.732283 0.393701 0.551181 
vn 0.661417 -0.244094 0.708661 
vn 0.976378 0.212598 0 
vn 0.653543 -0.275591 0.700787 
vn 0.80315 0.291339 0.519685 
vn 0.488189 -0.874016 0 
vn 0.228346 -0.755906 0.614173 
vn -0.338583 -0.511811 0.795276 
vn 0.330709 0.511811 0.795276 
vn 0 0 1 
vn -0.976378 -0.220472 0 
vn -0.653543 0.275591 0.700787 
vn -0.80315 -0.299213 0.511811 
vn -0.228346 0.755906 0.614173 
vn -0.220472 0.795276 0.566929 
vn -0.448819 0.897638 0 
vn -0.637795 0.299213 0.708661 
vn 0 0 1 
vn 0.299213 0.559055 0.771654 
vn -0.779528 -0.338583 0.527559 
vn -0.968504 -0.251969 0 
vn -0.291339 -0.559055 0.771654 
vn 0.228346 -0.795276 0.566929 
vn 0.779528 0.338583 0.527559 
vn 0.637795 -0.299213 0.708661 
vn 0.448819 -0.889764 0 
vn -0.740157 -0.417323 0.527559 
vn -0.314961 0.755906 0.574803 
vn -0.669291 0.220472 0.708661 
vn 0.299213 -0.795276 0.527559 
vn 0.724409 0.377953 0.574803 
vn 0.653543 -0.267717 0.708661 
vn -0.00787402 -0.0314961 1 
vn -0.220472 -0.614173 0.76378 
vn 0.204724 0.559055 0.80315 
vn 0.259843 0.716535 0.653543 
vn 0.708661 -0.11811 0.692913 
vn 0.76378 0.480315 0.425197 
vn 0.346457 -0.661417 0.661417 
vn 0.0629921 0.181102 0.984252 
vn -0.15748 -0.433071 0.889764 
vn -0.692913 -0.283465 0.661417 
vn -0.944882 -0.307087 0.11811 
vn -0.275591 0.866142 0.425197 
vn -0.622047 0.370079 0.692913 
vn 0.92126 0.393701 0 
vn 0.685039 0.464567 0.566929 
vn 0.590551 -0.811024 0 
vn 0.385827 -0.755906 0.527559 
vn 0.685039 -0.173228 0.708661 
vn 0 0 1 
vn -0.133858 -0.622047 0.771654 
vn 0.133858 0.622047 0.771654 
vn -0.677165 -0.472441 0.559055 
vn -0.377953 0.76378 0.527559 
vn -0.685039 0.181102 0.708661 
vn -0.913386 -0.409449 0 
vn -0.338583 0.732283 0.590551 
vn -0.653543 0.251969 0.708661 
vn 0 -0.023622 1 
vn 0.228346 0.527559 0.818898 
vn -0.771654 -0.330709 0.551181 
vn -0.275591 -0.559055 0.779528 
vn 0.228346 -0.795276 0.559055 
vn 0.755906 0.338583 0.559055 
vn 0.645669 -0.307087 0.700787 
vn -0.637795 0.76378 0.015748 
vn -0.976378 -0.228346 0.023622 
vn -0.732283 -0.267717 0.622047 
vn -0.425197 0.645669 0.637795 
vn -0.677165 0.220472 0.700787 
vn 0.393701 -0.677165 0.622047 
vn 0.740157 0.220472 0.637795 
vn 0.661417 -0.267717 0.700787 
vn -0.00787402 -0.023622 1 
vn -0.165354 -0.456693 0.874016 
vn 0.149606 0.417323 0.897638 
vn 0.76378 0.212598 0.606299 
vn 0.409449 -0.645669 0.645669 
vn 0.661417 -0.23622 0.708661 
vn 0.00787402 0.023622 1 
vn -0.149606 -0.417323 0.897638 
vn 0.165354 0.456693 0.874016 
vn -0.724409 -0.228346 0.645669 
vn -0.448819 0.653543 0.606299 
vn -0.661417 0.244094 0.708661 
vn -0.204724 -0.574803 0.795276 
vn -0.700787 -0.417323 0.574803 
vn -0.622047 0.346457 0.700787 
vn -0.92126 -0.385827 0.0629921 
vn -0.181102 0.889764 0.409449 
vn 0.267717 0.748031 0.606299 
vn -0.385827 0.92126 -0.0629921 
vn -0.92126 0.385827 -0.00787402 
vn -0.212598 0.811024 -0.543307 
vn 0.228346 0.629921 -0.740157 
vn -0.669291 0.228346 -0.708661 
vn -0.732283 -0.496063 -0.456693 
vn 0.96063 0.283465 0 
vn 0.204724 0.559055 -0.80315 
vn 0.740157 0.362205 0.566929 
vn 0.204724 0.559055 0.80315 
vn -0.661417 0.244094 -0.708661 
vn -0.740157 -0.362205 -0.566929 
vn -0.330709 0.748031 -0.566929 
vn -0.96063 -0.283465 0 
vn -0.551181 0.834646 0 
vn -0.937008 0.338583 0 
vn -0.661417 0.244094 0.708661 
vn -0.740157 -0.362205 0.566929 
vn -0.330709 0.748031 0.566929 
vn -0.645669 0.267717 0.716535 
vn -0.275591 0.80315 0.527559 
vn -0.740157 -0.393701 0.543307 
vn -0.929134 -0.362205 -0.00787402 
vn -0.448819 0.897638 -0.00787402 
vn -0.929134 0.362205 0.023622 
vn -0.669291 0.267717 -0.692913 
vn -0.716535 -0.472441 -0.519685 
vn -0.220472 0.834646 -0.503937 
vn 0.314961 0.574803 -0.755906 
vn -0.645669 0.307087 -0.700787 
vn -0.779528 -0.291339 -0.559055 
vn -0.23622 0.779528 -0.582677 
vn -0.984252 -0.19685 0 
vn -0.488189 0.874016 0 
vn -0.913386 0.409449 0 
vn -0.645669 0.307087 0.700787 
vn -0.779528 -0.291339 0.559055 
vn -0.23622 0.779528 0.582677 
vn -0.677165 0.204724 0.700787 
vn -0.606299 0.795276 0 
vn -0.425197 0.748031 0.511811 
vn 0.0708661 0.606299 0.795276 
vn -0.952756 0.291339 0 
vn -0.677165 0.204724 -0.700787 
vn -0.425197 0.748031 -0.511811 
vn -0.929134 -0.362205 0 
vn -0.661417 -0.440945 0.606299 
vn -0.661417 -0.440945 -0.606299 
vn -0.0708661 -0.606299 -0.795276 
vn 0.0708661 0.606299 -0.795276 
vn -0.708661 0.11811 -0.692913 
vn 0.149606 0.401575 -0.905512 
vn -0.370079 0.637795 -0.669291 
vn -0.559055 0.818898 -0.110236 
vn -0.937008 0.338583 0 
vn -0.622047 0.370079 0.692913 
vn -0.952756 -0.267717 0.110236 
vn -0.771654 -0.456693 -0.448819 
vn -0.700787 -0.251969 0.669291 
vn -0.299213 0.84252 0.448819 
vn 0.661417 -0.244094 0.708661 
vn 0.212598 0.582677 0.779528 
vn -0.307087 0.771654 0.551181 
vn -0.732283 -0.393701 0.551181 
vn -0.661417 0.244094 0.708661 
vn -0.937008 0.338583 0 
vn -0.944882 -0.314961 0 
vn -0.519685 0.850394 0 
vn -0.732283 -0.393701 -0.551181 
vn -0.307087 0.771654 -0.551181 
vn -0.661417 0.244094 -0.708661 
vn 0.204724 0.559055 -0.80315 
vn -0.330709 0.748031 -0.566929 
vn -0.661417 0.244094 -0.708661 
vn -0.551181 0.834646 0 
vn -0.740157 -0.362205 -0.566929 
vn -0.96063 -0.283465 0 
vn -0.937008 0.338583 0 
vn -0.661417 0.244094 0.708661 
vn -0.740157 -0.362205 0.566929 
vn -0.330709 0.748031 0.566929 
vn -0.204724 -0.559055 0.80315 
vn -0.669291 0.220472 0.708661 
vn -0.338583 0.732283 0.590551 
vn -0.748031 -0.377953 0.551181 
vn -0.96063 -0.283465 -0.023622 
vn -0.551181 0.834646 0.023622 
vn -0.937008 0.338583 0 
vn -0.188976 -0.527559 -0.826772 
vn 0.212598 0.582677 -0.787402 
vn -0.653543 0.267717 -0.708661 
vn -0.732283 -0.338583 -0.590551 
vn -0.322835 0.771654 -0.551181 
vn -0.307087 0.771654 0.551181 
vn -0.519685 0.850394 0 
vn -0.937008 0.338583 0 
vn -0.307087 0.771654 -0.551181 
vn -0.661417 0.244094 0.708661 
vn 0.212598 0.582677 0.779528 
vn -0.732283 -0.393701 0.551181 
vn -0.944882 -0.314961 0 
vn -0.732283 -0.393701 -0.551181 
vn -0.661417 0.244094 -0.708661 
vn 0.330709 0.511811 -0.795276 
vn -0.338583 -0.511811 0.795276 
vn 0.330709 0.511811 0.795276 
vn -0.653543 0.275591 -0.700787 
vn -0.80315 -0.299213 -0.511811 
vn -0.228346 0.755906 -0.614173 
vn -0.976378 -0.220472 0 
vn -0.488189 0.874016 0 
vn -0.92126 0.385827 0 
vn -0.653543 0.275591 0.700787 
vn -0.80315 -0.299213 0.511811 
vn -0.228346 0.755906 0.614173 
vn -0.220472 0.795276 0.566929 
vn -0.448819 0.897638 0 
vn -0.905512 0.425197 0 
vn -0.220472 0.795276 -0.566929 
vn -0.637795 0.299213 0.708661 
vn 0.299213 0.559055 0.771654 
vn -0.779528 -0.338583 0.527559 
vn -0.968504 -0.251969 0 
vn -0.779528 -0.338583 -0.527559 
vn -0.637795 0.299213 -0.708661 
vn -0.291339 -0.559055 -0.771654 
vn 0.299213 0.559055 -0.771654 
vn -0.299213 0.795276 -0.527559 
vn 0.220472 0.606299 -0.76378 
vn -0.653543 0.267717 -0.708661 
vn -0.937008 0.338583 0 
vn -0.519685 0.850394 0.023622 
vn -0.724409 -0.377953 -0.574803 
vn -0.944882 -0.314961 -0.023622 
vn -0.740157 -0.417323 0.527559 
vn -0.314961 0.755906 0.574803 
vn -0.669291 0.220472 0.708661 
vn -0.220472 -0.614173 0.76378 
vn 0.204724 0.559055 0.80315 
vn 0.259843 0.716535 0.653543 
vn -0.692913 -0.283465 0.661417 
vn -0.259843 -0.716535 -0.653543 
vn -0.346457 0.661417 -0.661417 
vn -0.708661 0.11811 -0.692913 
vn -0.76378 -0.480315 -0.425197 
vn -0.937008 0.338583 0 
vn -0.527559 0.84252 -0.11811 
vn -0.944882 -0.307087 0.11811 
vn -0.275591 0.866142 0.425197 
vn -0.622047 0.370079 0.692913 
vn 0.133858 0.622047 -0.771654 
vn -0.377953 0.76378 -0.527559 
vn -0.677165 -0.472441 -0.559055 
vn -0.685039 0.181102 -0.708661 
vn -0.133858 -0.622047 0.771654 
vn 0.133858 0.622047 0.771654 
vn -0.677165 -0.472441 0.559055 
vn -0.377953 0.76378 0.527559 
vn -0.685039 0.181102 0.708661 
vn -0.968504 0.251969 0 
vn -0.913386 -0.409449 0 
vn -0.582677 0.818898 0 
vn -0.338583 0.732283 0.590551 
vn -0.582677 0.811024 0 
vn -0.929134 0.362205 0 
vn -0.338583 0.732283 -0.590551 
vn -0.653543 0.251969 0.708661 
vn 0.228346 0.527559 0.818898 
vn -0.771654 -0.330709 0.551181 
vn -0.976378 -0.228346 0 
vn -0.771654 -0.330709 -0.551181 
vn -0.653543 0.251969 -0.708661 
vn -0.275591 -0.559055 -0.779528 
vn -0.385827 0.716535 -0.582677 
vn -0.669291 0.212598 -0.716535 
vn -0.944882 0.322835 -0.015748 
vn -0.637795 0.76378 0.015748 
vn -0.748031 -0.354331 -0.559055 
vn -0.976378 -0.228346 0.023622 
vn -0.732283 -0.267717 0.622047 
vn -0.425197 0.645669 0.637795 
vn -0.677165 0.220472 0.700787 
vn -0.488189 0.543307 -0.677165 
vn -0.76378 -0.330709 -0.559055 
vn -0.700787 0.125984 -0.700787 
vn 0.165354 0.456693 0.874016 
vn -0.724409 -0.228346 0.645669 
vn -0.448819 0.653543 0.606299 
vn -0.661417 0.244094 0.708661 
vn -0.96063 0.283465 0.00787402 
vn -0.976378 -0.19685 0.0472441 
vn -0.724409 0.692913 -0.0393701 
vn -0.92126 -0.385827 0.0629921 
vn 0.456693 -0.889764 0.0629921 
vn 0.661417 -0.251969 -0.708661 
vn 0.244094 -0.858268 -0.456693 
vn -0.669291 0.228346 -0.708661 
vn -0.732283 -0.496063 -0.456693 
vn -0.015748 -0.0314961 -1 
vn -0.251969 -0.692913 -0.677165 
vn 0.740157 0.362205 0.566929 
vn -0.204724 -0.559055 0.80315 
vn -0.96063 -0.283465 0 
vn -0.551181 0.834646 0 
vn 0.220472 0.614173 0.755906 
vn 0.732283 0.440945 0.527559 
vn 0.307087 -0.779528 0.543307 
vn -0.740157 -0.393701 0.543307 
vn 0.480315 -0.874016 -0.00787402 
vn -0.929134 -0.362205 -0.00787402 
vn -0.716535 -0.472441 -0.519685 
vn 0.244094 -0.818898 -0.519685 
vn 0.314961 0.574803 -0.755906 
vn 0.771654 0.393701 0.488189 
vn 0.472441 -0.88189 0 
vn -0.275591 -0.527559 0.80315 
vn -0.984252 -0.19685 0 
vn -0.708661 0.11811 -0.692913 
vn 0.149606 0.401575 -0.905512 
vn -0.952756 -0.267717 0.110236 
vn -0.771654 -0.456693 -0.448819 
vn -0.149606 -0.401575 0.905512 
vn -0.0629921 -0.181102 -0.984252 
vn -0.251969 -0.692913 -0.677165 
vn 0.299213 -0.84252 -0.448819 
vn 0.622047 -0.370079 -0.692913 
vn 0.559055 -0.818898 0.110236 
vn 0.952756 0.267717 -0.110236 
vn 0.771654 0.456693 0.448819 
vn 0.212598 0.582677 0.779528 
vn 0.307087 -0.771654 0.551181 
vn -0.732283 -0.393701 0.551181 
vn 0.732283 0.393701 -0.551181 
vn -0.519685 0.850394 0 
vn -0.212598 -0.582677 -0.779528 
vn 0.204724 0.559055 -0.80315 
vn -0.740157 -0.362205 -0.566929 
vn 0.96063 0.283465 0 
vn -0.330709 0.748031 0.566929 
vn -0.204724 -0.559055 0.80315 
vn -0.338583 0.732283 0.590551 
vn -0.96063 -0.283465 -0.023622 
vn -0.188976 -0.527559 -0.826772 
vn 0.212598 0.582677 -0.787402 
vn -0.519685 0.850394 0 
vn -0.307087 0.771654 -0.551181 
vn 0.212598 0.582677 0.779528 
vn -0.732283 -0.393701 0.551181 
vn -0.212598 -0.582677 -0.779528 
vn 0.519685 -0.850394 0 
vn 0.944882 0.314961 0 
vn 0.299213 0.559055 0.771654 
vn -0.968504 -0.251969 0 
vn 0.228346 -0.795276 0.566929 
vn 0.220472 0.606299 -0.76378 
vn 0.740157 0.409449 -0.527559 
vn -0.519685 0.850394 0.023622 
vn -0.724409 -0.377953 -0.574803 
vn 0.519685 -0.850394 -0.023622 
vn -0.220472 -0.614173 0.76378 
vn 0.204724 0.559055 0.80315 
vn 0.944882 0.307087 -0.11811 
vn 0.346457 -0.661417 0.661417 
vn 0.275591 -0.866142 -0.425197 
vn 0.622047 -0.370079 -0.692913 
vn -0.259843 -0.716535 -0.653543 
vn -0.0629921 -0.181102 -0.984252 
vn -0.708661 0.11811 -0.692913 
vn -0.76378 -0.480315 -0.425197 
vn -0.92126 -0.385827 0.0629921 
vn 0.456693 -0.889764 0.0629921 
vn -0.212598 0.811024 -0.543307 
vn 0.685039 0.488189 -0.543307 
vn 0.661417 -0.251969 -0.708661 
vn 0.244094 -0.858268 -0.456693 
vn 0.228346 0.629921 -0.740157 
vn -0.669291 0.228346 -0.708661 
vn -0.732283 -0.496063 -0.456693 
vn -0.015748 -0.0314961 -1 
vn -0.251969 -0.692913 -0.677165 
vn 0.661417 -0.244094 -0.708661 
vn 0.96063 0.283465 0 
vn 0.740157 0.362205 -0.566929 
vn 0.204724 0.559055 -0.80315 
vn 0.740157 0.362205 0.566929 
vn 0.330709 -0.748031 -0.566929 
vn -0.204724 -0.559055 -0.80315 
vn 0.204724 0.559055 0.80315 
vn 0 0 -1 
vn -0.661417 0.244094 -0.708661 
vn -0.740157 -0.362205 -0.566929 
vn -0.330709 0.748031 -0.566929 
vn 0.220472 0.614173 0.755906 
vn 0.913386 0.401575 -0.00787402 
vn 0.307087 -0.779528 0.543307 
vn 0.480315 -0.874016 -0.00787402 
vn -0.669291 0.267717 -0.692913 
vn -0.716535 -0.472441 -0.519685 
vn -0.220472 0.834646 -0.503937 
vn -0.23622 -0.653543 -0.716535 
vn 0.00787402 0.015748 -1 
vn 0.244094 0.677165 -0.692913 
vn 0.708661 0.496063 -0.503937 
vn 0.685039 -0.228346 -0.692913 
vn 0.244094 -0.818898 -0.519685 
vn 0.669291 -0.228346 -0.708661 
vn 0.771654 0.393701 -0.488189 
vn 0.314961 0.574803 -0.755906 
vn 0.251969 -0.771654 -0.582677 
vn -0.275591 -0.527559 -0.80315 
vn 0 0.0393701 -1 
vn -0.645669 0.307087 -0.700787 
vn -0.779528 -0.291339 -0.559055 
vn -0.23622 0.779528 -0.582677 
vn -0.606299 0.795276 0 
vn -0.677165 0.204724 -0.700787 
vn -0.425197 0.748031 -0.511811 
vn -0.929134 -0.362205 0 
vn -0.661417 -0.440945 -0.606299 
vn -0.0708661 -0.606299 -0.795276 
vn 0.0708661 0.606299 -0.795276 
vn 0 0 -1 
vn 0.614173 -0.787402 0 
vn 0.685039 -0.204724 -0.700787 
vn 0.425197 -0.740157 -0.519685 
vn 0.661417 0.433071 -0.614173 
vn -0.708661 0.11811 -0.692913 
vn 0.149606 0.401575 -0.905512 
vn -0.370079 0.637795 -0.669291 
vn -0.771654 -0.456693 -0.448819 
vn -0.0629921 -0.181102 -0.984252 
vn -0.251969 -0.692913 -0.677165 
vn 0.299213 -0.84252 -0.448819 
vn 0.622047 -0.370079 -0.692913 
vn 0.700787 0.251969 -0.669291 
vn 0.559055 -0.818898 0.110236 
vn 0.661417 -0.244094 0.708661 
vn 0.732283 0.393701 -0.551181 
vn 0.307087 -0.771654 -0.551181 
vn 0.661417 -0.244094 -0.708661 
vn -0.519685 0.850394 0 
vn -0.732283 -0.393701 -0.551181 
vn -0.307087 0.771654 -0.551181 
vn -0.661417 0.244094 -0.708661 
vn 0 0 -1 
vn -0.212598 -0.582677 -0.779528 
vn 0.212598 0.582677 -0.779528 
vn 0.204724 0.559055 -0.80315 
vn -0.330709 0.748031 -0.566929 
vn -0.661417 0.244094 -0.708661 
vn 0 0 -1 
vn 0.661417 -0.244094 -0.708661 
vn 0.740157 0.362205 -0.566929 
vn -0.204724 -0.559055 -0.80315 
vn -0.740157 -0.362205 -0.566929 
vn 0.330709 -0.748031 -0.566929 
vn -0.748031 -0.377953 0.551181 
vn 0.669291 -0.220472 -0.708661 
vn 0.338583 -0.732283 -0.590551 
vn 0.748031 0.377953 -0.551181 
vn -0.188976 -0.527559 -0.826772 
vn 0.212598 0.582677 -0.787402 
vn 0.015748 0.0314961 -1 
vn -0.653543 0.267717 -0.708661 
vn -0.732283 -0.338583 -0.590551 
vn -0.322835 0.771654 -0.551181 
vn -0.307087 0.771654 -0.551181 
vn -0.732283 -0.393701 -0.551181 
vn -0.661417 0.244094 -0.708661 
vn 0 0 -1 
vn -0.212598 -0.582677 -0.779528 
vn 0.212598 0.582677 -0.779528 
vn 0.307087 -0.771654 -0.551181 
vn 0.732283 0.393701 -0.551181 
vn 0.661417 -0.244094 -0.708661 
vn 0.976378 0.212598 0 
vn 0.653543 -0.275591 -0.700787 
vn 0.80315 0.291339 -0.519685 
vn 0.330709 0.511811 -0.795276 
vn 0.488189 -0.874016 0 
vn 0.228346 -0.755906 -0.614173 
vn -0.338583 -0.511811 -0.795276 
vn 0 0 -1 
vn -0.653543 0.275591 -0.700787 
vn -0.80315 -0.299213 -0.511811 
vn -0.228346 0.755906 -0.614173 
vn -0.976378 -0.220472 0 
vn -0.448819 0.897638 0 
vn -0.220472 0.795276 -0.566929 
vn -0.968504 -0.251969 0 
vn -0.779528 -0.338583 -0.527559 
vn 0.637795 -0.299213 0.708661 
vn -0.637795 0.299213 -0.708661 
vn 0 0 -1 
vn -0.291339 -0.559055 -0.771654 
vn 0.299213 0.559055 -0.771654 
vn 0.228346 -0.795276 -0.566929 
vn 0.779528 0.338583 -0.527559 
vn 0.637795 -0.299213 -0.708661 
vn 0.448819 -0.889764 0 
vn -0.299213 0.795276 -0.527559 
vn 0.220472 0.606299 -0.76378 
vn 0.015748 0.0314961 -1 
vn 0.740157 0.409449 -0.527559 
vn -0.653543 0.267717 -0.708661 
vn -0.724409 -0.377953 -0.574803 
vn -0.204724 -0.559055 -0.80315 
vn 0.314961 -0.755906 -0.574803 
vn 0.669291 -0.220472 -0.708661 
vn 0.944882 0.307087 -0.11811 
vn 0.692913 0.283465 -0.661417 
vn 0.275591 -0.866142 -0.425197 
vn 0.622047 -0.370079 -0.692913 
vn -0.259843 -0.716535 -0.653543 
vn -0.0629921 -0.181102 -0.984252 
vn 0.15748 0.433071 -0.889764 
vn -0.346457 0.661417 -0.661417 
vn -0.708661 0.11811 -0.692913 
vn -0.76378 -0.480315 -0.425197 
vn 0.685039 0.464567 -0.566929 
vn 0.685039 -0.173228 -0.708661 
vn 0.92126 0.393701 0 
vn 0 0 -1 
vn 0.133858 0.622047 -0.771654 
vn 0.385827 -0.755906 -0.527559 
vn 0.590551 -0.811024 0 
vn -0.133858 -0.622047 -0.771654 
vn -0.377953 0.76378 -0.527559 
vn -0.677165 -0.472441 -0.559055 
vn -0.685039 0.181102 -0.708661 
vn -0.913386 -0.409449 0 
vn -0.338583 0.732283 -0.590551 
vn -0.771654 -0.330709 -0.551181 
vn -0.653543 0.251969 -0.708661 
vn 0 -0.023622 -1 
vn -0.275591 -0.559055 -0.779528 
vn 0.228346 0.527559 -0.818898 
vn 0.228346 -0.795276 -0.559055 
vn 0.755906 0.338583 -0.559055 
vn 0.645669 -0.307087 -0.700787 
vn 0.440945 -0.897638 0 
vn -0.385827 0.716535 -0.582677 
vn 0.188976 0.519685 -0.834646 
vn -0.00787402 -0.023622 -1 
vn 0.755906 0.299213 -0.582677 
vn -0.669291 0.212598 -0.716535 
vn -0.637795 0.76378 0.015748 
vn -0.748031 -0.354331 -0.559055 
vn -0.204724 -0.566929 -0.795276 
vn 0.346457 -0.748031 -0.559055 
vn -0.677165 0.220472 0.700787 
vn 0.645669 -0.259843 -0.716535 
vn 0.984252 0.173228 0.015748 
vn 0.724409 0.102362 -0.677165 
vn 0.622047 -0.354331 -0.700787 
vn -0.0472441 -0.133858 -0.992126 
vn 0.110236 0.299213 -0.944882 
vn 0.370079 -0.740157 -0.559055 
vn -0.204724 -0.559055 -0.80315 
vn -0.488189 0.543307 -0.677165 
vn -0.76378 -0.330709 -0.559055 
vn -0.700787 0.125984 -0.700787 

vt 0.07322 -26.6911 
vt 0.094674 -26.7313 
vt -0.010717 -26.7221 
vt 0.105823 -26.6557 
vt -0.004063 -26.646 
vt -0.00739 -26.6841 
vt -0.113949 -26.6364 
vt -0.087999 -26.677 
vt -0.116107 -26.7129 
vt -0.159465 -26.6325 
vt -0.081726 -27.3315 
vt -0.005385 -27.3315 
vt -0.005385 -27.2955 
vt -0.100437 -27.2955 
vt -0.139809 -27.2955 
vt 0.070956 -27.3315 
vt 0.089667 -27.2955 
vt -0.005385 -27.3675 
vt -0.100437 -27.3675 
vt 0.089667 -27.3675 
vt 0.129039 -27.2955 
vt 0.081383 -26.7541 
vt 0.103868 -26.7156 
vt -0.003526 -26.7156 
vt 0.10127 -26.7926 
vt -0.004078 -26.7926 
vt -0.109425 -26.7926 
vt -0.110919 -26.7156 
vt -0.081811 -26.7541 
vt -0.109425 -26.7926 
vt -0.000214004 -26.7541 
vt -0.00725 -26.8449 
vt -0.00725 -26.8028 
vt -0.088577 -26.849 
vt -0.111268 -26.8081 
vt -0.154353 -26.8209 
vt 0.074077 -26.849 
vt 0.096768 -26.8081 
vt -0.00725 -26.8795 
vt -0.108511 -26.8846 
vt 0.094011 -26.8846 
vt 0.135955 -26.897 
vt -0.00725 -26.9146 
vt 0.096768 -26.8336 
vt 0.129039 -27.1718 
vt -0.139809 -27.2426 
vt -0.139809 -27.1718 
vt 0.070956 -27.2217 
vt 0.089667 -27.2606 
vt 0.089667 -27.1899 
vt -0.005385 -27.2681 
vt -0.005385 -27.1974 
vt -0.005385 -27.2277 
vt -0.081726 -27.2217 
vt -0.100437 -27.2606 
vt -0.100437 -27.1899 
vt 0.128883 -27.0166 
vt -0.112879 -26.9698 
vt -0.085813 -26.9356 
vt -0.098173 -26.8939 
vt -0.012738 -26.9892 
vt 0.001968 -26.9133 
vt -0.005385 -26.9512 
vt 0.075043 -26.9668 
vt 0.087403 -27.0086 
vt 0.10211 -26.9327 
vt -0.12215 -27.069 
vt -0.101643 -27.0325 
vt -0.141515 -27.0325 
vt -0.005385 -27.069 
vt -0.005385 -27.0325 
vt -0.101643 -27.1055 
vt -0.005385 -27.1055 
vt 0.090873 -27.0325 
vt 0.090873 -27.1055 
vt 0.11138 -27.069 
vt -0.005385 -27.0325 
vt 0.090873 -27.0325 
vt 0.130745 -27.1055 
vt -0.141515 -27.0325 
vt -0.082694 -27.069 
vt -0.101643 -27.0325 
vt -0.101643 -27.1055 
vt -0.005385 -27.0325 
vt -0.005385 -27.1055 
vt -0.005385 -27.069 
vt 0.071924 -27.069 
vt 0.090873 -27.1055 
vt 0.090873 -27.0325 
vt 0.085629 -27.0163 
vt 0.148096 -26.9744 
vt 0.104813 -26.976 
vt 0.000319996 -26.9796 
vt 0.107584 -27.0551 
vt 0.107584 -27.0551 
vt 0.00309 -27.0588 
vt 0.001705 -27.0192 
vt -0.082218 -27.0221 
vt -0.101403 -27.0625 
vt -0.104174 -26.9833 
vt -0.144686 -27.064 
vt -0.147456 -26.9848 
vt -0.139809 -27.2955 
vt -0.100437 -27.3675 
vt -0.100437 -27.2955 
vt -0.120687 -27.3315 
vt 0.129039 -27.3675 
vt 0.089667 -27.3675 
vt 0.089667 -27.2955 
vt 0.109917 -27.3315 
vt -0.005385 -27.3315 
vt -0.005385 -27.3675 
vt -0.005385 -27.2955 
vt -0.005385 -27.2767 
vt -0.005385 -27.2363 
vt -0.081726 -27.2827 
vt -0.100437 -27.2438 
vt -0.139809 -27.2618 
vt 0.070956 -27.2827 
vt 0.089667 -27.2438 
vt -0.005385 -27.307 
vt -0.100437 -27.3145 
vt 0.089667 -27.3145 
vt 0.129039 -27.3326 
vt 0.129039 -27.2618 
vt -0.139809 -27.2618 
vt -0.100437 -27.3506 
vt -0.100437 -27.2799 
vt -0.120687 -27.3191 
vt 0.129039 -27.3326 
vt 0.129039 -27.2618 
vt 0.089667 -27.3506 
vt 0.089667 -27.2799 
vt 0.109917 -27.3191 
vt -0.005385 -27.3282 
vt -0.005385 -27.3581 
vt -0.005385 -27.2874 
vt 0.104813 -26.976 
vt 0.107584 -27.0551 
vt 0.128459 -27.0148 
vt 0.001705 -27.0192 
vt 0.00309 -27.0588 
vt 0.000319996 -26.9796 
vt -0.101403 -27.0625 
vt -0.104174 -26.9833 
vt -0.125049 -27.0236 
vt -0.144686 -27.064 
vt -0.147456 -26.9848 
vt -0.139653 -26.8858 
vt -0.12686 -26.9277 
vt -0.098173 -26.8939 
vt -0.005385 -26.9512 
vt 0.001968 -26.9133 
vt 0.10211 -26.9327 
vt -0.11288 -26.9698 
vt -0.012738 -26.9892 
vt 0.087403 -27.0086 
vt 0.11609 -26.9748 
vt 0.128883 -27.0166 
vt 0.089667 -27.1538 
vt -0.005385 -27.1762 
vt 0.109917 -27.1853 
vt -0.005385 -27.1463 
vt -0.100437 -27.1538 
vt 0.129039 -27.1718 
vt 0.089667 -27.2245 
vt -0.005385 -27.217 
vt -0.100437 -27.2245 
vt -0.120687 -27.1853 
vt -0.139809 -27.2426 
vt -0.139809 -27.1718 
vt -0.154353 -26.8209 
vt -0.108511 -26.9094 
vt -0.111268 -26.8336 
vt -0.130084 -26.874 
vt 0.094011 -26.9094 
vt 0.096768 -26.8336 
vt 0.115584 -26.874 
vt -0.00725 -26.8802 
vt -0.00725 -26.9146 
vt -0.00725 -26.8389 
vt 0.103868 -26.7156 
vt 0.10127 -26.7926 
vt -0.123454 -26.7541 
vt 0.123026 -26.7541 
vt -0.000214004 -26.7541 
vt -0.004078 -26.7926 
vt -0.003526 -26.7156 
vt -0.109425 -26.7926 
vt -0.110919 -26.7156 
vt -0.123454 -26.7541 
vt 0.105823 -26.6557 
vt -0.00739 -26.6841 
vt 0.11436 -26.6947 
vt -0.004063 -26.646 
vt -0.113949 -26.6364 
vt 0.15134 -26.6596 
vt 0.094674 -26.7313 
vt -0.010717 -26.7221 
vt 0.138328 -26.7351 
vt -0.116107 -26.7129 
vt -0.129139 -26.6734 
vt -0.001353 -27.1383 
vt -0.082271 -27.0732 
vt -0.150967 -26.9893 
vt 0.079564 -27.0732 
vt 0.14826 -26.9893 
vt -0.001353 -27.1066 
vt -0.111659 -27.1058 
vt -0.001353 -27.1513 
vt 0.108952 -27.1058 
vt -0.157349 -26.9959 
vt 0.154643 -26.9959 
vt -0.115788 -26.9926 
vt -0.111659 -26.8861 
vt 0.113081 -26.9926 
vt 0.108952 -26.8861 
vt 0.079564 -26.912 
vt 0.104439 -26.8839 
vt -0.001353 -26.8405 
vt -0.082271 -26.912 
vt -0.107146 -26.8839 
vt 0.134424 -26.9946 
vt 1.0093e-16 -26.8602 
vt 0.095052 -27.0897 
vt 0.095052 -26.8996 
vt 1.09751e-16 -27.129 
vt -0.134424 -26.9946 
vt -0.134424 -26.9946 
vt -0.001353 -27.1484 
vt 0.10604 -27.1039 
vt 0.150524 -26.9965 
vt 0.103994 -27.1013 
vt -0.08295 -26.9182 
vt -0.106701 -26.8906 
vt -0.108747 -26.8891 
vt -0.001353 -26.8844 
vt -0.001353 -26.8446 
vt 0.10604 -26.8891 
vt 0.080243 -26.9182 
vt 0.103994 -26.8906 
vt 0.146539 -26.9928 
vt 0.000545 -26.8456 
vt 0.103778 -27.0968 
vt 0.142802 -26.9928 
vt 0.000677 -27.136 
vt -0.099821 -26.8915 
vt -0.141449 -26.9928 
vt -0.102688 -27.0968 
vt -2.5e-05 -27.129 
vt -0.132688 -26.9946 
vt 0.092597 -27.0897 
vt 5.07582e-17 -26.8603 
vt -0.144256 -27.002 
vt -0.081924 -27.075 
vt -0.144256 -26.9873 
vt -0.102005 -26.8871 
vt -0.102005 -27.1021 
vt 0.144256 -27.002 
vt 0.081924 -27.075 
vt 0.102005 -27.1021 
vt 6.14655e-17 -27.1084 
vt 5.74805e-17 -27.1436 
vt 6.87223e-17 -26.8585 
vt -0.096258 -26.8984 
vt -0.096258 -27.0909 
vt 0.13613 -26.9946 
vt 7.76552e-17 -27.1307 
vt 6.87223e-17 -26.8585 
vt -0.096258 -26.8984 
vt 0.096258 -26.8984 
vt 0.13613 -26.9946 
vt -0.096258 -27.0909 
vt 7.76552e-17 -27.1307 
vt 6.1609e-17 -27.1481 
vt 0.147867 -27.0003 
vt -0.104558 -27.1048 
vt 0.104557 -27.1076 
vt -0.147867 -27.0031 
vt 7.25726e-17 -26.8553 
vt 6.28754e-17 -26.8525 
vt 0.095052 -27.0897 
vt 1.09751e-16 -27.129 
vt -0.134424 -26.9946 
vt -0.000336 -26.8602 
vt 0.131921 -26.9946 
vt -0.093364 -26.8996 
vt -0.104558 -27.1048 
vt -0.147867 -27.0031 
vt 6.28754e-17 -26.8525 
vt 5.07582e-17 -26.8603 
vt -0.123735 -26.8731 
vt -0.102005 -26.9018 
vt 5.46887e-17 -26.8228 
vt 0.102005 -27.1021 
vt 0.144256 -26.9873 
vt 0.102005 -26.9018 
vt 0.123735 -26.8731 
vt 0.001353 -26.7351 
vt 0.107146 -26.7313 
vt 0.082271 -26.6911 
vt -0.079564 -26.6911 
vt -0.104439 -26.7313 
vt 0.001353 -26.694 
vt 0.111659 -26.6557 
vt 0.001353 -26.6596 
vt -0.108952 -26.6557 
vt -0.134424 -27.2955 
vt -0.076341 -27.3315 
vt -0.095052 -27.2955 
vt -0.095052 -27.3675 
vt -1.09751e-16 -27.3675 
vt -1.0093e-16 -27.2955 
vt -1.0534e-16 -27.3315 
vt 0.134424 -27.3675 
vt 0.134424 -27.2955 
vt 0.076341 -27.3315 
vt 0.095052 -27.3675 
vt 0.095052 -27.2955 
vt -0.080243 -26.7541 
vt 0.001353 -26.7541 
vt 0.001353 -26.7156 
vt -0.10604 -26.7156 
vt -0.150524 -26.7156 
vt 0.08295 -26.7541 
vt 0.108747 -26.7156 
vt 0.001353 -26.7926 
vt -0.103994 -26.7926 
vt 0.106701 -26.7926 
vt -0.14763 -26.7926 
vt 0.153231 -26.7156 
vt 0.106701 -26.7926 
vt -0.078676 -26.849 
vt -0.103778 -26.8081 
vt -0.101175 -26.8846 
vt -0.000677 -26.897 
vt -0.000545 -26.8209 
vt 0.002039 -26.859 
vt 0.082753 -26.8689 
vt 0.099821 -26.9094 
vt 0.102688 -26.8336 
vt 0.074946 -27.1927 
vt 0.131993 -27.1463 
vt 0.093341 -27.1538 
vt 2.5e-05 -27.1718 
vt 0.132688 -27.217 
vt 0.094035 -27.2245 
vt 0.000719 -27.2426 
vt -9.01133e-17 -27.2072 
vt -0.074946 -27.2217 
vt -0.092597 -27.2606 
vt -0.093291 -27.1899 
vt -0.13125 -27.2681 
vt 0.081924 -26.9668 
vt 0.102005 -27.0086 
vt 0.102005 -26.9327 
vt -6.67737e-17 -27.0166 
vt -0.081924 -26.9668 
vt -0.102005 -27.0086 
vt -0.102005 -26.9327 
vt -6.14655e-17 -26.9733 
vt -5.74805e-17 -26.9407 
vt -7.31888e-17 -27.069 
vt 0.116765 -27.069 
vt 0.096258 -27.0325 
vt -6.87223e-17 -27.0325 
vt -0.096258 -27.0325 
vt 0.096258 -27.1055 
vt -7.76552e-17 -27.1055 
vt -0.096258 -27.1055 
vt -0.116765 -27.069 
vt -0.13613 -27.0325 
vt -0.096258 -27.0325 
vt 0.077309 -27.069 
vt 0.096258 -27.1055 
vt 0.096258 -27.0325 
vt -7.76552e-17 -27.1055 
vt -6.87223e-17 -27.0325 
vt -7.31888e-17 -27.069 
vt -0.077309 -27.069 
vt -0.096258 -27.1055 
vt -0.096258 -27.0325 
vt -0.083975 -27.0163 
vt -6.65823e-17 -27.0151 
vt -6.1609e-17 -26.9744 
vt -0.104557 -26.976 
vt 0.083975 -27.0163 
vt 0.104558 -26.976 
vt -7.13062e-17 -27.0536 
vt -0.104557 -27.0551 
vt 0.104558 -27.0551 
vt -0.095052 -27.2955 
vt -0.115302 -27.3315 
vt -1.0534e-16 -27.3315 
vt -1.0093e-16 -27.2955 
vt -0.095052 -27.3675 
vt -1.09751e-16 -27.3675 
vt 0.095052 -27.3675 
vt 0.095052 -27.2955 
vt 0.115302 -27.3315 
vt -0.131633 -27.2363 
vt -0.074946 -27.2827 
vt -0.09298 -27.2438 
vt -0.131921 -27.307 
vt -0.093268 -27.3145 
vt 4.8e-05 -27.3326 
vt 0.000336 -27.2618 
vt -1.01135e-16 -27.2972 
vt 0.132016 -27.3581 
vt 0.074946 -27.3117 
vt 0.093364 -27.3506 
vt 0.093652 -27.2799 
vt -0.09298 -27.2438 
vt -0.131633 -27.2363 
vt -0.113196 -27.2753 
vt -1.01135e-16 -27.2972 
vt 0.000336 -27.2618 
vt -0.093268 -27.3145 
vt -0.131921 -27.307 
vt 4.8e-05 -27.3326 
vt 0.093364 -27.3506 
vt 0.093652 -27.2799 
vt 0.113196 -27.3191 
vt 0.132016 -27.3581 
vt -0.104557 -27.0625 
vt -0.104557 -26.9833 
vt -0.126832 -27.0236 
vt 0.104557 -27.0625 
vt 0.104557 -26.9833 
vt 0.126832 -27.0236 
vt -6.78589e-17 -27.0255 
vt -7.25726e-17 -27.064 
vt -6.28754e-17 -26.9848 
vt -5.07582e-17 -26.8858 
vt 0.123735 -26.9277 
vt 0.102005 -26.8939 
vt 0.102005 -26.9698 
vt -5.46887e-17 -26.9179 
vt -6.00514e-17 -26.9617 
vt -0.102005 -26.9698 
vt -0.144256 -26.9892 
vt -0.102005 -26.8939 
vt -0.123735 -26.9277 
vt 0.131993 -27.1463 
vt 0.093341 -27.1538 
vt 0.132688 -27.217 
vt 0.094035 -27.2245 
vt 0.113196 -27.1853 
vt -9.01133e-17 -27.2072 
vt 0.000719 -27.2426 
vt 2.5e-05 -27.1718 
vt -0.092597 -27.2606 
vt -0.093291 -27.1899 
vt -0.113196 -27.2291 
vt -0.13125 -27.2681 
vt -0.103778 -26.8081 
vt -0.119869 -26.8439 
vt 0.002039 -26.859 
vt -0.000545 -26.8209 
vt -0.101175 -26.8846 
vt -0.000677 -26.897 
vt 0.099821 -26.9094 
vt 0.102688 -26.8336 
vt 0.123946 -26.874 
vt -0.150524 -26.7156 
vt -0.14763 -26.7926 
vt -0.103994 -26.7926 
vt -0.10604 -26.7156 
vt -0.121887 -26.7541 
vt 0.106701 -26.7926 
vt 0.108747 -26.7156 
vt 0.124593 -26.7541 
vt 0.001353 -26.7541 
vt 0.001353 -26.7926 
vt 0.001353 -26.7156 
vt 0.111659 -26.6364 
vt 0.107146 -26.7129 
vt 0.123568 -26.6734 
vt 0.001353 -26.669 
vt 0.001353 -26.7091 
vt 0.001353 -26.6325 
vt -0.104439 -26.7129 
vt -0.108952 -26.6364 
vt -0.120861 -26.6734 
vt -0.138328 -26.7351 
vt -0.094674 -26.7313 
vt -0.07322 -26.6911 
vt 0.010717 -26.7221 
vt -0.105823 -26.6557 
vt -0.15134 -26.6596 
vt 0.004063 -26.646 
vt 0.00739 -26.6841 
vt 0.113949 -26.6364 
vt 0.159465 -26.6325 
vt 0.087999 -26.677 
vt 0.116107 -26.7129 
vt 0.005385 -27.2955 
vt 0.139809 -27.2955 
vt -0.089667 -27.2955 
vt -0.129039 -27.2955 
vt 0.081726 -27.3315 
vt 0.100437 -27.3675 
vt 0.100437 -27.2955 
vt 0.005385 -27.3675 
vt 0.005385 -27.2955 
vt 0.005385 -27.3315 
vt -0.070956 -27.3315 
vt -0.089667 -27.3675 
vt -0.089667 -27.2955 
vt -0.081383 -26.7541 
vt -0.103868 -26.7156 
vt -0.10127 -26.7926 
vt 0.004078 -26.7926 
vt 0.003526 -26.7156 
vt 0.000214004 -26.7541 
vt 0.081811 -26.7541 
vt 0.109425 -26.7926 
vt 0.110919 -26.7156 
vt 0.154353 -26.8209 
vt 0.088577 -26.8689 
vt 0.108511 -26.9094 
vt 0.111268 -26.8336 
vt 0.00725 -26.9146 
vt 0.00725 -26.8389 
vt 0.00725 -26.8731 
vt -0.074077 -26.8689 
vt -0.094011 -26.9094 
vt -0.096768 -26.8336 
vt -0.070956 -27.1927 
vt 0.005385 -27.1463 
vt -0.089667 -27.1538 
vt -0.129039 -27.1718 
vt 0.005385 -27.1867 
vt 0.081726 -27.1927 
vt 0.100437 -27.1538 
vt 0.005385 -27.217 
vt -0.089667 -27.2245 
vt 0.100437 -27.2245 
vt 0.139809 -27.2426 
vt 0.139809 -27.1718 
vt 0.085813 -26.9356 
vt 0.139653 -26.8858 
vt 0.098173 -26.8939 
vt -0.001968 -26.9133 
vt 0.005385 -26.9512 
vt -0.075043 -26.9668 
vt 0.012738 -26.9892 
vt 0.11288 -26.9698 
vt -0.087403 -27.0086 
vt -0.10211 -26.9327 
vt 0.12215 -27.069 
vt 0.141515 -27.0325 
vt 0.101643 -27.0325 
vt 0.101643 -27.1055 
vt 0.12215 -27.069 
vt 0.005385 -27.069 
vt 0.005385 -27.1055 
vt 0.005385 -27.0325 
vt -0.090873 -27.1055 
vt -0.090873 -27.0325 
vt -0.11138 -27.069 
vt 0.141515 -27.0325 
vt 0.101643 -27.0325 
vt 0.082694 -27.069 
vt 0.005385 -27.0325 
vt 0.101643 -27.1055 
vt 0.005385 -27.1055 
vt 0.005385 -27.069 
vt -0.071924 -27.069 
vt -0.090873 -27.1055 
vt -0.090873 -27.0325 
vt -0.130745 -27.1055 
vt -0.085628 -27.0163 
vt -0.104813 -26.976 
vt -0.107584 -27.0551 
vt -0.00309 -27.0588 
vt -0.000319996 -26.9796 
vt -0.001705 -27.0192 
vt 0.144686 -27.064 
vt 0.147456 -26.9848 
vt 0.082218 -27.0221 
vt 0.101403 -27.0625 
vt 0.104174 -26.9833 
vt 0.100437 -27.2955 
vt 0.005385 -27.2955 
vt 0.005385 -27.3315 
vt -0.089667 -27.2955 
vt 0.120687 -27.3315 
vt 0.139809 -27.2955 
vt 0.100437 -27.3675 
vt 0.005385 -27.3675 
vt -0.089667 -27.3675 
vt -0.109917 -27.3315 
vt 0.139809 -27.2618 
vt -0.129039 -27.3326 
vt -0.129039 -27.2618 
vt 0.081726 -27.3117 
vt 0.100437 -27.3506 
vt 0.100437 -27.2799 
vt 0.005385 -27.3581 
vt 0.005385 -27.2874 
vt 0.005385 -27.3177 
vt -0.070956 -27.3117 
vt -0.089667 -27.3506 
vt -0.089667 -27.2799 
vt 0.100437 -27.2438 
vt 0.005385 -27.2363 
vt 0.005385 -27.2662 
vt -0.089667 -27.2438 
vt 0.120687 -27.2753 
vt 0.139809 -27.2618 
vt 0.100437 -27.3145 
vt 0.005385 -27.307 
vt -0.089667 -27.3145 
vt -0.109917 -27.2753 
vt -0.129039 -27.3326 
vt -0.129039 -27.2618 
vt -0.104813 -26.976 
vt -0.148096 -26.9744 
vt -0.12846 -27.0148 
vt -0.001705 -27.0192 
vt -0.000319996 -26.9796 
vt -0.107584 -27.0551 
vt -0.00309 -27.0588 
vt 0.101403 -27.0625 
vt 0.104174 -26.9833 
vt 0.125049 -27.0236 
vt 0.144686 -27.064 
vt 0.147456 -26.9848 
vt 0.139653 -26.8858 
vt 0.112879 -26.9698 
vt -0.128883 -27.0166 
vt -0.10211 -26.9327 
vt -0.11609 -26.9748 
vt -0.087403 -27.0086 
vt 0.005385 -26.9512 
vt -0.001968 -26.9133 
vt 0.012738 -26.9892 
vt 0.098173 -26.8939 
vt 0.12686 -26.9277 
vt -0.129039 -27.1718 
vt -0.089667 -27.1899 
vt -0.089667 -27.2606 
vt -0.109917 -27.2291 
vt 0.139809 -27.2426 
vt 0.139809 -27.1718 
vt 0.100437 -27.2606 
vt 0.100437 -27.1899 
vt 0.120687 -27.2291 
vt 0.005385 -27.2382 
vt 0.005385 -27.2681 
vt 0.005385 -27.1974 
vt 0.111268 -26.8081 
vt 0.00725 -26.8028 
vt 0.00725 -26.8377 
vt -0.096768 -26.8081 
vt 0.130084 -26.8439 
vt 0.154353 -26.8209 
vt 0.108511 -26.8846 
vt 0.00725 -26.8795 
vt -0.094011 -26.8846 
vt -0.115584 -26.8439 
vt -0.135955 -26.897 
vt -0.103868 -26.7156 
vt -0.123026 -26.7541 
vt 0.000214004 -26.7541 
vt 0.003526 -26.7156 
vt -0.10127 -26.7926 
vt 0.004078 -26.7926 
vt 0.109425 -26.7926 
vt 0.110919 -26.7156 
vt 0.123454 -26.7541 
vt -0.105823 -26.6557 
vt -0.094674 -26.7313 
vt -0.11436 -26.6947 
vt 0.159465 -26.6325 
vt 0.116107 -26.7129 
vt 0.113949 -26.6364 
vt 0.129139 -26.6734 
vt 0.00739 -26.6841 
vt 0.010717 -26.7221 
vt 0.004063 -26.646 
vt 0.150967 -26.9893 
vt -0.14826 -26.9893 
vt -0.079564 -26.912 
vt -0.104439 -26.8839 
vt 0.082271 -26.912 
vt 0.107146 -26.8839 
vt 0.001353 -26.8786 
vt 0.001353 -26.8402 
vt -0.095052 -27.0897 
vt -1.09751e-16 -27.129 
vt 0.134424 -26.9946 
vt 0.134424 -26.9946 
vt 0.001353 -27.1484 
vt -0.10604 -27.1039 
vt -0.103994 -27.1013 
vt 0.106701 -27.1013 
vt -0.14763 -26.9959 
vt 0.150337 -26.9959 
vt 0.106701 -26.8906 
vt -0.103994 -26.8906 
vt -0.000545 -26.8456 
vt -0.103778 -27.0968 
vt -0.142802 -26.9928 
vt -0.000677 -27.136 
vt 0.141449 -26.9928 
vt 0.081924 -26.9142 
vt -5.07582e-17 -26.8603 
vt 0.144256 -26.9873 
vt 0.102005 -26.8871 
vt -6.67737e-17 -27.1289 
vt -5.60664e-17 -26.8809 
vt -6.00514e-17 -26.8456 
vt -0.102005 -26.8871 
vt -0.081924 -26.9142 
vt -0.144256 -26.9873 
vt -0.144256 -27.002 
vt -0.102005 -27.1021 
vt -6.87223e-17 -26.8585 
vt 0.096258 -26.8984 
vt -0.096258 -26.8984 
vt 0.096258 -27.0909 
vt -0.13613 -26.9946 
vt -7.76552e-17 -27.1307 
vt -6.87223e-17 -26.8585 
vt 0.096258 -26.8984 
vt -0.13613 -26.9946 
vt 0.096258 -27.0909 
vt -7.76552e-17 -27.1307 
vt 0.104558 -27.1048 
vt 0.147867 -27.0031 
vt -7.25726e-17 -26.8553 
vt -6.28754e-17 -26.8525 
vt -0.134424 -26.9946 
vt -0.095052 -27.0897 
vt -1.0093e-16 -26.8602 
vt -0.095052 -26.8996 
vt -1.09751e-16 -27.129 
vt 0.134424 -26.9946 
vt 0.134424 -26.9946 
vt 0.000336 -26.8602 
vt -0.131921 -26.9946 
vt 0.093364 -26.8996 
vt -6.1609e-17 -27.1481 
vt 0.104558 -27.1048 
vt -0.147867 -27.0003 
vt -0.104557 -27.1076 
vt 0.147867 -27.0031 
vt -7.25726e-17 -26.8553 
vt -6.28754e-17 -26.8525 
vt 0.144256 -27.002 
vt 0.102005 -26.8871 
vt 0.102005 -27.0874 
vt 0.123735 -27.1161 
vt -6.67737e-17 -27.1289 
vt -6.28431e-17 -27.1664 
vt -0.123735 -27.1161 
vt -0.102005 -27.0874 
vt -0.150967 -26.7221 
vt 0.14826 -26.7221 
vt -0.111659 -26.6364 
vt 0.108952 -26.6364 
vt 0.079564 -26.677 
vt 0.104439 -26.7129 
vt -0.001353 -26.6325 
vt -0.082271 -26.677 
vt -0.107146 -26.7129 
vt -0.001353 -26.6741 
vt -0.001353 -26.7091 
vt 0.076341 -27.3315 
vt 0.134424 -27.2955 
vt 0.095052 -27.2955 
vt 1.0093e-16 -27.2955 
vt 0.095052 -27.2955 
vt 0.095052 -27.3675 
vt 1.09751e-16 -27.3675 
vt 1.0093e-16 -27.2955 
vt 1.0534e-16 -27.3315 
vt -0.076341 -27.3315 
vt -0.095052 -27.3675 
vt -0.095052 -27.2955 
vt -0.001353 -26.7156 
vt 0.150524 -26.7156 
vt 0.103994 -26.7926 
vt 0.14763 -26.7926 
vt -0.08295 -26.7541 
vt -0.106701 -26.7926 
vt -0.108747 -26.7156 
vt -0.001353 -26.7926 
vt -0.001353 -26.7541 
vt -0.001353 -26.7156 
vt 0.10604 -26.7156 
vt 0.080243 -26.7541 
vt 0.103994 -26.7926 
vt 0.078676 -26.849 
vt 0.103778 -26.8081 
vt 0.000545 -26.8209 
vt 0.101175 -26.8846 
vt 0.000677 -26.897 
vt -0.002039 -26.859 
vt -0.082753 -26.8689 
vt -0.099821 -26.9094 
vt -0.102688 -26.8336 
vt -0.131993 -27.1463 
vt -0.074946 -27.1927 
vt -0.093341 -27.1538 
vt -0.132688 -27.217 
vt -0.094035 -27.2245 
vt -0.000719 -27.2426 
vt -2.5e-05 -27.1718 
vt 9.01133e-17 -27.2072 
vt 0.13125 -27.2681 
vt 0.074946 -27.2217 
vt 0.092597 -27.2606 
vt 0.093291 -27.1899 
vt -0.081924 -26.9356 
vt 5.07582e-17 -26.8858 
vt -0.102005 -26.8939 
vt -0.102005 -26.9698 
vt 5.60664e-17 -26.9292 
vt 6.00514e-17 -26.9617 
vt 0.102005 -26.9698 
vt 0.081924 -26.9356 
vt 0.102005 -26.8939 
vt 0.144256 -26.9892 
vt -0.116765 -27.069 
vt -0.096258 -27.0325 
vt -0.096258 -27.1055 
vt -0.116765 -27.069 
vt 0.13613 -27.0325 
vt 0.096258 -27.1055 
vt 0.096258 -27.0325 
vt 0.116765 -27.069 
vt 7.31888e-17 -27.069 
vt 7.76552e-17 -27.1055 
vt 6.87223e-17 -27.0325 
vt 6.87223e-17 -27.0325 
vt -0.096258 -27.0325 
vt -0.077309 -27.069 
vt 7.31888e-17 -27.069 
vt 0.077309 -27.069 
vt 0.096258 -27.0325 
vt 7.76552e-17 -27.1055 
vt -0.096258 -27.1055 
vt 0.096258 -27.1055 
vt -0.104558 -27.0551 
vt 0.083975 -27.0221 
vt 0.104557 -27.0625 
vt 0.104557 -26.9833 
vt 7.25726e-17 -27.064 
vt 6.28754e-17 -26.9848 
vt 6.75994e-17 -27.0234 
vt -0.083975 -27.0221 
vt -0.104557 -27.0625 
vt -0.104557 -26.9833 
vt 0.095052 -27.2955 
vt 0.095052 -27.3675 
vt 0.115302 -27.3315 
vt 1.0534e-16 -27.3315 
vt 1.09751e-16 -27.3675 
vt 1.0093e-16 -27.2955 
vt -0.095052 -27.3675 
vt -0.095052 -27.2955 
vt -0.115302 -27.3315 
vt 0.131633 -27.2363 
vt 0.074946 -27.2827 
vt 0.09298 -27.2438 
vt -0.000336 -27.2618 
vt 0.131921 -27.307 
vt 0.093268 -27.3145 
vt -4.8e-05 -27.3326 
vt 1.01135e-16 -27.2972 
vt -0.074946 -27.3117 
vt -0.093364 -27.3506 
vt -0.093652 -27.2799 
vt -0.132016 -27.3581 
vt 0.131633 -27.2363 
vt 0.09298 -27.2438 
vt 0.131921 -27.307 
vt 0.093268 -27.3145 
vt -0.113196 -27.3191 
vt 0.113196 -27.2753 
vt 1.01135e-16 -27.2972 
vt -4.8e-05 -27.3326 
vt -0.000336 -27.2618 
vt -0.093364 -27.3506 
vt -0.093652 -27.2799 
vt -0.113196 -27.3191 
vt -0.132016 -27.3581 
vt 0.104557 -26.976 
vt 6.1609e-17 -26.9744 
vt 6.63227e-17 -27.0129 
vt -0.104558 -26.976 
vt 0.126832 -27.0148 
vt 0.104557 -27.0551 
vt 7.13062e-17 -27.0536 
vt -0.104558 -27.0551 
vt -0.126832 -27.0148 
vt -0.144256 -26.9133 
vt -0.102005 -26.9327 
vt -0.102005 -27.0086 
vt -0.123735 -26.9748 
vt 6.67737e-17 -27.0166 
vt 6.28431e-17 -26.9845 
vt 5.74805e-17 -26.9407 
vt 0.102005 -26.9327 
vt 0.123735 -26.9748 
vt 0.102005 -27.0086 
vt -0.093341 -27.1538 
vt -0.113196 -27.1853 
vt -0.131993 -27.1463 
vt 9.01133e-17 -27.2072 
vt -2.5e-05 -27.1718 
vt -0.094035 -27.2245 
vt -0.132688 -27.217 
vt -0.000719 -27.2426 
vt 0.093291 -27.1899 
vt 0.092597 -27.2606 
vt 0.113196 -27.2291 
vt 0.13125 -27.2681 
vt 0.103778 -26.8081 
vt 0.101175 -26.8846 
vt 0.119869 -26.8439 
vt -0.002039 -26.859 
vt 0.000677 -26.897 
vt 0.000545 -26.8209 
vt -0.099821 -26.9094 
vt -0.102688 -26.8336 
vt -0.123946 -26.874 
vt -0.141449 -26.9146 
vt 0.10604 -26.7156 
vt -0.001353 -26.7156 
vt -0.001353 -26.7541 
vt -0.108747 -26.7156 
vt 0.121887 -26.7541 
vt 0.150524 -26.7156 
vt 0.103994 -26.7926 
vt -0.001353 -26.7926 
vt -0.106701 -26.7926 
vt 0.121887 -26.7541 
vt -0.124594 -26.7541 
vt -0.153231 -26.7156 
vt -0.111659 -26.6557 
vt -0.123568 -26.6947 
vt -0.001353 -26.6991 
vt -0.001353 -26.6596 
vt -0.107146 -26.7313 
vt -0.001353 -26.7351 
vt 0.108952 -26.6557 
vt 0.104439 -26.7313 
vt 0.120861 -26.6947 

usemtl Meshpart1Mtl

f 3/3/3 2/2/2 1/1/1 
f 1/1/1 6/6/6 3/3/3 
f 8/8/8 3/3/3 6/6/6 
f 3/3/3 8/8/8 9/9/9 
f 11/11/11 12/12/12 13/13/13 
f 13/13/13 14/14/14 11/11/11 
f 16/16/16 13/13/13 12/12/12 
f 13/13/13 16/16/16 17/17/17 
f 11/11/11 18/18/18 12/12/12 
f 16/16/16 12/12/12 18/18/18 
f 18/18/18 11/11/11 19/19/19 
f 18/18/18 20/20/20 16/16/16 
f 24/24/24 22/22/22 23/23/23 
f 26/26/26 25/25/25 22/22/22 
f 26/26/26 29/29/29 30/30/30 
f 24/24/24 28/28/28 29/29/29 
f 29/29/29 26/26/26 31/31/31 
f 29/29/29 31/31/31 24/24/24 
f 22/22/22 31/31/31 26/26/26 
f 22/22/22 24/24/24 31/31/31 
f 32/32/32 33/33/33 34/34/34 
f 33/33/33 35/35/35 34/34/34 
f 37/37/37 33/33/33 32/32/32 
f 33/33/33 37/37/37 38/38/38 
f 34/34/34 39/39/39 32/32/32 
f 37/37/37 32/32/32 39/39/39 
f 39/39/39 34/34/34 40/40/40 
f 39/39/39 41/41/41 37/37/37 
f 51/51/51 49/49/49 48/48/48 
f 52/52/52 48/48/48 50/50/50 
f 48/48/48 53/53/53 51/51/51 
f 48/48/48 52/52/52 53/53/53 
f 54/54/54 51/51/51 53/53/53 
f 54/54/54 53/53/53 52/52/52 
f 51/51/51 54/54/54 55/55/55 
f 52/52/52 56/56/56 54/54/54 
f 61/61/61 59/59/59 58/58/58 
f 62/62/62 60/60/60 59/59/59 
f 59/59/59 61/61/61 63/63/63 
f 59/59/59 63/63/63 62/62/62 
f 64/64/64 63/63/63 61/61/61 
f 64/64/64 62/62/62 63/63/63 
f 61/61/61 65/65/65 64/64/64 
f 62/62/62 64/64/64 66/66/66 
f 70/70/70 68/68/68 67/67/67 
f 68/68/68 70/70/70 71/71/71 
f 70/70/70 67/67/67 72/72/72 
f 70/70/70 72/72/72 73/73/73 
f 70/70/70 74/74/74 71/71/71 
f 75/75/75 70/70/70 73/73/73 
f 74/74/74 70/70/70 76/76/76 
f 70/70/70 75/75/75 76/76/76 
f 84/84/84 82/82/82 81/81/81 
f 85/85/85 81/81/81 83/83/83 
f 81/81/81 86/86/86 84/84/84 
f 81/81/81 85/85/85 86/86/86 
f 85/85/85 88/88/88 87/87/87 
f 87/87/87 86/86/86 85/85/85 
f 87/87/87 84/84/84 86/86/86 
f 84/84/84 87/87/87 89/89/89 
f 93/93/93 90/90/90 92/92/92 
f 96/96/96 94/94/94 90/90/90 
f 90/90/90 97/97/97 96/96/96 
f 90/90/90 93/93/93 97/97/97 
f 98/98/98 96/96/96 97/97/97 
f 98/98/98 97/97/97 93/93/93 
f 96/96/96 98/98/98 99/99/99 
f 93/93/93 100/100/100 98/98/98 
f 111/111/111 108/108/108 110/110/110 
f 109/109/109 111/111/111 110/110/110 
f 108/108/108 111/111/111 112/112/112 
f 111/111/111 104/104/104 112/112/112 
f 111/111/111 106/106/106 104/104/104 
f 111/111/111 105/105/105 106/106/106 
f 111/111/111 109/109/109 113/113/113 
f 105/105/105 111/111/111 113/113/113 
f 114/114/114 115/115/115 116/116/116 
f 115/115/115 117/117/117 116/116/116 
f 119/119/119 115/115/115 114/114/114 
f 115/115/115 119/119/119 120/120/120 
f 116/116/116 121/121/121 114/114/114 
f 119/119/119 114/114/114 121/121/121 
f 121/121/121 116/116/116 122/122/122 
f 121/121/121 123/123/123 119/119/119 
f 135/135/135 132/132/132 134/134/134 
f 133/133/133 135/135/135 134/134/134 
f 132/132/132 135/135/135 136/136/136 
f 135/135/135 127/127/127 136/136/136 
f 135/135/135 129/129/129 127/127/127 
f 135/135/135 128/128/128 129/129/129 
f 135/135/135 133/133/133 137/137/137 
f 128/128/128 135/135/135 137/137/137 
f 141/141/141 139/139/139 140/140/140 
f 138/138/138 141/141/141 140/140/140 
f 139/139/139 141/141/141 142/142/142 
f 141/141/141 138/138/138 143/143/143 
f 141/141/141 144/144/144 142/142/142 
f 145/145/145 141/141/141 143/143/143 
f 141/141/141 146/146/146 144/144/144 
f 141/141/141 145/145/145 146/146/146 
f 152/152/152 151/151/151 150/150/150 
f 151/151/151 152/152/152 153/153/153 
f 152/152/152 154/154/154 153/153/153 
f 155/155/155 152/152/152 150/150/150 
f 152/152/152 155/155/155 156/156/156 
f 157/157/157 152/152/152 156/156/156 
f 152/152/152 157/157/157 158/158/158 
f 154/154/154 152/152/152 158/158/158 
f 160/160/160 161/161/161 162/162/162 
f 161/161/161 160/160/160 163/163/163 
f 164/164/164 161/161/161 163/163/163 
f 161/161/161 166/166/166 162/162/162 
f 166/166/166 161/161/161 167/167/167 
f 161/161/161 168/168/168 167/167/167 
f 161/161/161 169/169/169 168/168/168 
f 161/161/161 164/164/164 169/169/169 
f 179/179/179 176/176/176 178/178/178 
f 177/177/177 179/179/179 178/178/178 
f 176/176/176 179/179/179 180/180/180 
f 179/179/179 173/173/173 180/180/180 
f 179/179/179 175/175/175 173/173/173 
f 179/179/179 174/174/174 175/175/175 
f 179/179/179 177/177/177 181/181/181 
f 174/174/174 179/179/179 181/181/181 
f 186/186/186 183/183/183 185/185/185 
f 182/182/182 186/186/186 185/185/185 
f 183/183/183 186/186/186 187/187/187 
f 186/186/186 182/182/182 188/188/188 
f 186/186/186 189/189/189 187/187/187 
f 190/190/190 186/186/186 188/188/188 
f 186/186/186 191/191/191 189/189/189 
f 186/186/186 190/190/190 191/191/191 
f 192/192/192 193/193/193 194/194/194 
f 193/193/193 192/192/192 195/195/195 
f 196/196/196 193/193/193 195/195/195 
f 193/193/193 198/198/198 194/194/194 
f 198/198/198 193/193/193 199/199/199 
f 193/193/193 201/201/201 199/199/199 
f 201/201/201 193/193/193 202/202/202 
f 193/193/193 196/196/196 202/202/202 
f 208/208/208 204/204/204 209/209/209 
f 209/209/209 210/210/210 208/208/208 
f 211/211/211 208/208/208 210/210/210 
f 208/208/208 211/211/211 206/206/206 
f 212/212/212 209/209/209 204/204/204 
f 213/213/213 206/206/206 211/211/211 
f 212/212/212 204/204/204 214/214/214 
f 214/214/214 215/215/215 212/212/212 
f 206/206/206 213/213/213 216/216/216 
f 217/217/217 216/216/216 213/213/213 
f 216/216/216 217/217/217 218/218/218 
f 215/215/215 214/214/214 221/221/221 
f 237/237/237 236/236/236 234/234/234 
f 236/236/236 237/237/237 238/238/238 
f 237/237/237 239/239/239 238/238/238 
f 239/239/239 237/237/237 240/240/240 
f 262/262/262 261/261/261 260/260/260 
f 261/261/261 262/262/262 263/263/263 
f 262/262/262 255/255/255 258/258/258 
f 258/258/258 263/263/263 262/262/262 
f 291/291/291 292/292/292 293/293/293 
f 292/292/292 291/291/291 294/294/294 
f 298/298/298 291/291/291 297/297/297 
f 291/291/291 298/298/298 294/294/294 
f 299/299/299 300/300/300 301/301/301 
f 299/299/299 302/302/302 303/303/303 
f 299/299/299 301/301/301 304/304/304 
f 302/302/302 299/299/299 304/304/304 
f 312/312/312 309/309/309 311/311/311 
f 313/313/313 310/310/310 309/309/309 
f 309/309/309 312/312/312 314/314/314 
f 309/309/309 314/314/314 313/313/313 
f 312/312/312 318/318/318 317/317/317 
f 312/312/312 317/317/317 314/314/314 
f 317/317/317 313/313/313 314/314/314 
f 313/313/313 317/317/317 319/319/319 
f 320/320/320 321/321/321 322/322/322 
f 322/322/322 323/323/323 320/320/320 
f 325/325/325 322/322/322 321/321/321 
f 322/322/322 325/325/325 326/326/326 
f 320/320/320 327/327/327 321/321/321 
f 327/327/327 325/325/325 321/321/321 
f 327/327/327 320/320/320 328/328/328 
f 327/327/327 329/329/329 325/325/325 
f 336/336/336 333/333/333 335/335/335 
f 337/337/337 334/334/334 333/333/333 
f 333/333/333 336/336/336 338/338/338 
f 333/333/333 338/338/338 337/337/337 
f 336/336/336 340/340/340 339/339/339 
f 336/336/336 339/339/339 338/338/338 
f 339/339/339 337/337/337 338/338/338 
f 337/337/337 339/339/339 341/341/341 
f 345/345/345 342/342/342 344/344/344 
f 348/348/348 347/347/347 342/342/342 
f 348/348/348 342/342/342 349/349/349 
f 342/342/342 345/345/345 349/349/349 
f 350/350/350 348/348/348 349/349/349 
f 350/350/350 349/349/349 345/345/345 
f 348/348/348 350/350/350 351/351/351 
f 345/345/345 352/352/352 350/350/350 
f 357/357/357 355/355/355 354/354/354 
f 357/357/357 358/358/358 359/359/359 
f 358/358/358 357/357/357 361/361/361 
f 357/357/357 354/354/354 361/361/361 
f 363/363/363 364/364/364 365/365/365 
f 363/363/363 365/365/365 366/366/366 
f 367/367/367 363/363/363 366/366/366 
f 363/363/363 368/368/368 364/364/364 
f 368/368/368 363/363/363 369/369/369 
f 370/370/370 369/369/369 363/363/363 
f 370/370/370 363/363/363 371/371/371 
f 363/363/363 367/367/367 371/371/371 
f 377/377/377 375/375/375 374/374/374 
f 378/378/378 374/374/374 376/376/376 
f 377/377/377 374/374/374 379/379/379 
f 374/374/374 378/378/378 379/379/379 
f 380/380/380 377/377/377 379/379/379 
f 380/380/380 379/379/379 378/378/378 
f 377/377/377 380/380/380 381/381/381 
f 378/378/378 382/382/382 380/380/380 
f 383/383/383 384/384/384 385/385/385 
f 385/385/385 386/386/386 383/383/383 
f 387/387/387 385/385/385 384/384/384 
f 385/385/385 387/387/387 388/388/388 
f 383/383/383 389/389/389 384/384/384 
f 389/389/389 387/387/387 384/384/384 
f 389/389/389 383/383/383 390/390/390 
f 389/389/389 391/391/391 387/387/387 
f 394/394/394 392/392/392 393/393/393 
f 392/392/392 394/394/394 395/395/395 
f 396/396/396 394/394/394 393/393/393 
f 396/396/396 397/397/397 394/394/394 
f 398/398/398 394/394/394 397/397/397 
f 394/394/394 399/399/399 395/395/395 
f 394/394/394 398/398/398 400/400/400 
f 394/394/394 400/400/400 399/399/399 
f 406/406/406 402/402/402 405/405/405 
f 407/407/407 403/403/403 402/402/402 
f 402/402/402 406/406/406 408/408/408 
f 402/402/402 408/408/408 407/407/407 
f 406/406/406 411/411/411 410/410/410 
f 406/406/406 410/410/410 408/408/408 
f 410/410/410 407/407/407 408/408/408 
f 407/407/407 410/410/410 412/412/412 
f 416/416/416 413/413/413 415/415/415 
f 413/413/413 416/416/416 417/417/417 
f 418/418/418 416/416/416 415/415/415 
f 418/418/418 420/420/420 416/416/416 
f 421/421/421 416/416/416 420/420/420 
f 416/416/416 422/422/422 417/417/417 
f 416/416/416 421/421/421 423/423/423 
f 416/416/416 423/423/423 422/422/422 
f 431/431/431 428/428/428 430/430/430 
f 429/429/429 431/431/431 430/430/430 
f 428/428/428 431/431/431 432/432/432 
f 425/425/425 432/432/432 431/431/431 
f 425/425/425 431/431/431 427/427/427 
f 431/431/431 426/426/426 427/427/427 
f 431/431/431 429/429/429 433/433/433 
f 426/426/426 431/431/431 433/433/433 
f 438/438/438 437/437/437 435/435/435 
f 437/437/437 438/438/438 439/439/439 
f 438/438/438 440/440/440 439/439/439 
f 440/440/440 438/438/438 443/443/443 
f 449/449/449 447/447/447 448/448/448 
f 445/445/445 449/449/449 448/448/448 
f 447/447/447 449/449/449 450/450/450 
f 449/449/449 445/445/445 451/451/451 
f 449/449/449 452/452/452 450/450/450 
f 453/453/453 449/449/449 451/451/451 
f 452/452/452 449/449/449 454/454/454 
f 449/449/449 453/453/453 454/454/454 
f 458/458/458 456/456/456 457/457/457 
f 456/456/456 458/458/458 459/459/459 
f 460/460/460 458/458/458 457/457/457 
f 460/460/460 461/461/461 458/458/458 
f 462/462/462 458/458/458 461/461/461 
f 458/458/458 463/463/463 459/459/459 
f 458/458/458 462/462/462 464/464/464 
f 458/458/458 464/464/464 463/463/463 
f 473/473/473 470/470/470 472/472/472 
f 471/471/471 473/473/473 472/472/472 
f 470/470/470 473/473/473 474/474/474 
f 467/467/467 474/474/474 473/473/473 
f 467/467/467 473/473/473 469/469/469 
f 473/473/473 468/468/468 469/469/469 
f 473/473/473 471/471/471 475/475/475 
f 468/468/468 473/473/473 475/475/475 
f 479/479/479 477/477/477 478/478/478 
f 479/479/479 478/478/478 476/476/476 
f 477/477/477 479/479/479 480/480/480 
f 479/479/479 476/476/476 481/481/481 
f 479/479/479 482/482/482 480/480/480 
f 483/483/483 479/479/479 481/481/481 
f 482/482/482 479/479/479 484/484/484 
f 479/479/479 483/483/483 484/484/484 
f 488/488/488 487/487/487 486/486/486 
f 487/487/487 488/488/488 492/492/492 
f 488/488/488 495/495/495 492/492/492 
f 488/488/488 496/496/496 495/495/495 
f 504/504/504 502/502/502 501/501/501 
f 505/505/505 501/501/501 503/503/503 
f 504/504/504 501/501/501 506/506/506 
f 501/501/501 505/505/505 506/506/506 
f 507/507/507 504/504/504 506/506/506 
f 505/505/505 507/507/507 506/506/506 
f 504/504/504 507/507/507 508/508/508 
f 507/507/507 505/505/505 509/509/509 
f 513/513/513 510/510/510 512/512/512 
f 510/510/510 514/514/514 511/511/511 
f 510/510/510 513/513/513 515/515/515 
f 514/514/514 510/510/510 515/515/515 
f 513/513/513 516/516/516 515/515/515 
f 516/516/516 514/514/514 515/515/515 
f 513/513/513 517/517/517 516/516/516 
f 514/514/514 516/516/516 518/518/518 
f 523/523/523 521/521/521 520/520/520 
f 524/524/524 520/520/520 522/522/522 
f 523/523/523 520/520/520 525/525/525 
f 520/520/520 524/524/524 525/525/525 
f 526/526/526 523/523/523 525/525/525 
f 524/524/524 526/526/526 525/525/525 
f 523/523/523 526/526/526 527/527/527 
f 526/526/526 524/524/524 528/528/528 
f 529/529/529 530/530/530 531/531/531 
f 530/530/530 529/529/529 533/533/533 
f 534/534/534 530/530/530 533/533/533 
f 530/530/530 534/534/534 535/535/535 
f 529/529/529 536/536/536 533/533/533 
f 536/536/536 534/534/534 533/533/533 
f 536/536/536 529/529/529 537/537/537 
f 536/536/536 538/538/538 534/534/534 
f 544/544/544 541/541/541 543/543/543 
f 541/541/541 544/544/544 545/545/545 
f 544/544/544 546/546/546 545/545/545 
f 547/547/547 541/541/541 545/545/545 
f 546/546/546 547/547/547 545/545/545 
f 547/547/547 548/548/548 541/541/541 
f 547/547/547 546/546/546 549/549/549 
f 546/546/546 544/544/544 550/550/550 
f 556/556/556 554/554/554 555/555/555 
f 556/556/556 555/555/555 553/553/553 
f 554/554/554 556/556/556 557/557/557 
f 553/553/553 558/558/558 556/556/556 
f 559/559/559 557/557/557 556/556/556 
f 560/560/560 556/556/556 558/558/558 
f 556/556/556 561/561/561 559/559/559 
f 556/556/556 560/560/560 561/561/561 
f 565/565/565 564/564/564 563/563/563 
f 567/567/567 566/566/566 564/564/564 
f 567/567/567 564/564/564 568/568/568 
f 564/564/564 565/565/565 568/568/568 
f 569/569/569 567/567/567 568/568/568 
f 565/565/565 569/569/569 568/568/568 
f 567/567/567 569/569/569 570/570/570 
f 569/569/569 565/565/565 571/571/571 
f 576/576/576 573/573/573 575/575/575 
f 573/573/573 577/577/577 574/574/574 
f 573/573/573 576/576/576 578/578/578 
f 577/577/577 573/573/573 578/578/578 
f 576/576/576 582/582/582 581/581/581 
f 576/576/576 581/581/581 578/578/578 
f 581/581/581 577/577/577 578/578/578 
f 577/577/577 581/581/581 583/583/583 
f 584/584/584 585/585/585 586/586/586 
f 587/587/587 586/586/586 585/585/585 
f 586/586/586 588/588/588 584/584/584 
f 586/586/586 590/590/590 588/588/588 
f 590/590/590 586/586/586 591/591/591 
f 592/592/592 591/591/591 586/586/586 
f 586/586/586 593/593/593 592/592/592 
f 586/586/586 587/587/587 593/593/593 
f 600/600/600 598/598/598 597/597/597 
f 601/601/601 597/597/597 599/599/599 
f 600/600/600 597/597/597 602/602/602 
f 597/597/597 601/601/601 602/602/602 
f 603/603/603 600/600/600 602/602/602 
f 601/601/601 603/603/603 602/602/602 
f 600/600/600 603/603/603 604/604/604 
f 603/603/603 601/601/601 605/605/605 
f 606/606/606 607/607/607 608/608/608 
f 609/609/609 608/608/608 607/607/607 
f 608/608/608 610/610/610 606/606/606 
f 608/608/608 612/612/612 610/610/610 
f 612/612/612 608/608/608 613/613/613 
f 614/614/614 613/613/613 608/608/608 
f 608/608/608 615/615/615 614/614/614 
f 608/608/608 609/609/609 615/615/615 
f 621/621/621 618/618/618 620/620/620 
f 618/618/618 621/621/621 622/622/622 
f 621/621/621 620/620/620 623/623/623 
f 623/623/623 624/624/624 621/621/621 
f 625/625/625 621/621/621 624/624/624 
f 626/626/626 622/622/622 621/621/621 
f 621/621/621 625/625/625 627/627/627 
f 621/621/621 627/627/627 626/626/626 
f 636/636/636 633/633/633 634/634/634 
f 636/636/636 634/634/634 635/635/635 
f 633/633/633 636/636/636 637/637/637 
f 635/635/635 638/638/638 636/636/636 
f 631/631/631 636/636/636 638/638/638 
f 636/636/636 639/639/639 637/637/637 
f 636/636/636 631/631/631 640/640/640 
f 636/636/636 640/640/640 639/639/639 
f 650/650/650 647/647/647 649/649/649 
f 650/650/650 649/649/649 648/648/648 
f 647/647/647 650/650/650 651/651/651 
f 643/643/643 651/651/651 650/650/650 
f 650/650/650 644/644/644 643/643/643 
f 650/650/650 642/642/642 644/644/644 
f 648/648/648 652/652/652 650/650/650 
f 642/642/642 650/650/650 652/652/652 
f 653/653/653 654/654/654 655/655/655 
f 656/656/656 655/655/655 654/654/654 
f 655/655/655 657/657/657 653/653/653 
f 655/655/655 659/659/659 657/657/657 
f 659/659/659 655/655/655 660/660/660 
f 661/661/661 660/660/660 655/655/655 
f 655/655/655 662/662/662 661/661/661 
f 655/655/655 656/656/656 662/662/662 
f 666/666/666 664/664/664 665/665/665 
f 664/664/664 666/666/666 667/667/667 
f 666/666/666 665/665/665 668/668/668 
f 668/668/668 669/669/669 666/666/666 
f 670/670/670 666/666/666 669/669/669 
f 671/671/671 667/667/667 666/666/666 
f 666/666/666 670/670/670 672/672/672 
f 666/666/666 672/672/672 671/671/671 
f 680/680/680 677/677/677 679/679/679 
f 680/680/680 679/679/679 678/678/678 
f 677/677/677 680/680/680 681/681/681 
f 674/674/674 681/681/681 680/680/680 
f 680/680/680 675/675/675 674/674/674 
f 680/680/680 673/673/673 675/675/675 
f 678/678/678 682/682/682 680/680/680 
f 673/673/673 680/680/680 682/682/682 
f 689/689/689 687/687/687 688/688/688 
f 689/689/689 686/686/686 685/685/685 
f 688/688/688 690/690/690 689/689/689 
f 686/686/686 689/689/689 690/690/690 
f 713/713/713 708/708/708 711/711/711 
f 711/711/711 714/714/714 713/713/713 
f 715/715/715 713/713/713 714/714/714 
f 713/713/713 715/715/715 716/716/716 
f 756/756/756 755/755/755 754/754/754 
f 755/755/755 756/756/756 757/757/757 
f 758/758/758 757/757/757 756/756/756 
f 758/758/758 756/756/756 759/759/759 
f 766/766/766 764/764/764 763/763/763 
f 767/767/767 766/766/766 762/762/762 
f 766/766/766 767/767/767 769/769/769 
f 764/764/764 766/766/766 769/769/769 
f 774/774/774 771/771/771 773/773/773 
f 771/771/771 777/777/777 776/776/776 
f 771/771/771 779/779/779 777/777/777 
f 771/771/771 774/774/774 779/779/779 
f 780/780/780 777/777/777 779/779/779 
f 774/774/774 780/780/780 779/779/779 
f 777/777/777 780/780/780 781/781/781 
f 780/780/780 774/774/774 782/782/782 
f 790/790/790 787/787/787 788/788/788 
f 787/787/787 790/790/790 791/791/791 
f 794/794/794 791/791/791 790/790/790 
f 794/794/794 790/790/790 795/795/795 
f 798/798/798 796/796/796 797/797/797 
f 796/796/796 800/800/800 799/799/799 
f 800/800/800 796/796/796 801/801/801 
f 796/796/796 798/798/798 801/801/801 
f 802/802/802 800/800/800 801/801/801 
f 798/798/798 802/802/802 801/801/801 
f 800/800/800 802/802/802 803/803/803 
f 802/802/802 798/798/798 804/804/804 
f 810/810/810 806/806/806 809/809/809 
f 811/811/811 807/807/807 806/806/806 
f 806/806/806 810/810/810 812/812/812 
f 811/811/811 806/806/806 812/812/812 
f 814/814/814 810/810/810 815/815/815 
f 814/814/814 812/812/812 810/810/810 
f 814/814/814 811/811/811 812/812/812 
f 811/811/811 814/814/814 816/816/816 
f 817/817/817 818/818/818 819/819/819 
f 818/818/818 817/817/817 821/821/821 
f 824/824/824 818/818/818 821/821/821 
f 818/818/818 824/824/824 825/825/825 
f 835/835/835 832/832/832 834/834/834 
f 835/835/835 834/834/834 833/833/833 
f 832/832/832 835/835/835 836/836/836 
f 835/835/835 829/829/829 836/836/836 
f 835/835/835 830/830/830 829/829/829 
f 835/835/835 828/828/828 830/830/830 
f 833/833/833 837/837/837 835/835/835 
f 828/828/828 835/835/835 837/837/837 
f 838/838/838 839/839/839 840/840/840 
f 838/838/838 840/840/840 841/841/841 
f 842/842/842 838/838/838 841/841/841 
f 838/838/838 842/842/842 843/843/843 
f 840/840/840 844/844/844 841/841/841 
f 842/842/842 841/841/841 844/844/844 
f 844/844/844 840/840/840 845/845/845 
f 842/842/842 844/844/844 846/846/846 
f 848/848/848 851/851/851 849/849/849 
f 852/852/852 848/848/848 850/850/850 
f 848/848/848 853/853/853 851/851/851 
f 848/848/848 852/852/852 853/853/853 
f 854/854/854 851/851/851 853/853/853 
f 852/852/852 854/854/854 853/853/853 
f 851/851/851 854/854/854 855/855/855 
f 852/852/852 856/856/856 854/854/854 
f 860/860/860 858/858/858 859/859/859 
f 860/860/860 859/859/859 857/857/857 
f 858/858/858 860/860/860 861/861/861 
f 857/857/857 862/862/862 860/860/860 
f 860/860/860 863/863/863 861/861/861 
f 864/864/864 860/860/860 862/862/862 
f 860/860/860 865/865/865 863/863/863 
f 860/860/860 864/864/864 865/865/865 
f 869/869/869 867/867/867 868/868/868 
f 867/867/867 872/872/872 871/871/871 
f 872/872/872 867/867/867 873/873/873 
f 867/867/867 869/869/869 873/873/873 
f 874/874/874 872/872/872 873/873/873 
f 869/869/869 874/874/874 873/873/873 
f 872/872/872 874/874/874 875/875/875 
f 874/874/874 869/869/869 876/876/876 
f 884/884/884 881/881/881 883/883/883 
f 884/884/884 883/883/883 879/879/879 
f 881/881/881 884/884/884 885/885/885 
f 879/879/879 886/886/886 884/884/884 
f 884/884/884 887/887/887 885/885/885 
f 888/888/888 884/884/884 886/886/886 
f 884/884/884 889/889/889 887/887/887 
f 884/884/884 888/888/888 889/889/889 
f 891/891/891 892/892/892 893/893/893 
f 894/894/894 893/893/893 892/892/892 
f 893/893/893 895/895/895 891/891/891 
f 893/893/893 896/896/896 895/895/895 
f 896/896/896 893/893/893 897/897/897 
f 893/893/893 898/898/898 897/897/897 
f 893/893/893 899/899/899 898/898/898 
f 893/893/893 894/894/894 899/899/899 
f 905/905/905 901/901/901 903/903/903 
f 901/901/901 905/905/905 906/906/906 
f 907/907/907 906/906/906 905/905/905 
f 905/905/905 908/908/908 907/907/907 
f 913/913/913 910/910/910 911/911/911 
f 910/910/910 913/913/913 914/914/914 
f 913/913/913 911/911/911 915/915/915 
f 913/913/913 915/915/915 917/917/917 
f 918/918/918 914/914/914 913/913/913 
f 919/919/919 913/913/913 917/917/917 
f 913/913/913 920/920/920 918/918/918 
f 913/913/913 919/919/919 920/920/920 
f 925/925/925 923/923/923 924/924/924 
f 925/925/925 924/924/924 922/922/922 
f 923/923/923 925/925/925 926/926/926 
f 922/922/922 927/927/927 925/925/925 
f 925/925/925 928/928/928 926/926/926 
f 929/929/929 925/925/925 927/927/927 
f 925/925/925 930/930/930 928/928/928 
f 925/925/925 929/929/929 930/930/930 
f 932/932/932 933/933/933 934/934/934 
f 935/935/935 934/934/934 933/933/933 
f 934/934/934 936/936/936 932/932/932 
f 934/934/934 938/938/938 936/936/936 
f 938/938/938 934/934/934 939/939/939 
f 934/934/934 940/940/940 939/939/939 
f 934/934/934 942/942/942 940/940/940 
f 934/934/934 935/935/935 942/942/942 
f 946/946/946 944/944/944 945/945/945 
f 944/944/944 946/946/946 947/947/947 
f 946/946/946 945/945/945 948/948/948 
f 946/946/946 948/948/948 949/949/949 
f 950/950/950 947/947/947 946/946/946 
f 951/951/951 946/946/946 949/949/949 
f 946/946/946 952/952/952 950/950/950 
f 946/946/946 951/951/951 952/952/952 

g Meshpart2

v 0.658061 2.13208 -0.205848 
v 1.30334 1.28181 -0.205848 
v 0.703005 2.25557 -0.000122592 
v 0.876446 1.73709 0.205602 
v 1.30334 1.28181 0.205602 
v 1.38576 1.36144 -0.000122622 
v 1.63782 0.814941 -0.000122633 
v 1.49809 0.823022 -0.205848 
v 1.49809 0.823022 0.205602 
v 1.64891 0.721354 -0.297275 
v 1.64891 0.721354 0.29703 
v 1.79553 0.712874 -0.00012264 
v 1.31877 0.224286 -0.000122619 
v -0.360796 -1.13714 0.160523 
v -0.426154 -1.17825 -0.113411 
v -0.360796 -1.13714 -0.160769 
v 0.421767 -1.11968 -0.205106 
v 0.421767 -1.11968 0.20486 
v 0.351664 -1.3123 -0.000122576 
v 0.372196 -1.25589 0.144822 
v 0.372196 -1.25589 -0.145068 
v 0.491871 -0.927058 -0.000122583 
v 0.471338 -0.983476 0.144822 
v 0.471338 -0.983476 -0.145068 
v 0.471338 -0.983476 0.144822 
v 0.439494 -0.876236 -0.00012258 
v 0.471338 -0.983476 -0.145068 
v 0.415972 -0.940868 0.165925 
v 0.415972 -0.940868 -0.166171 
v 0.372196 -1.25589 0.144822 
v -0.309395 -0.526179 0.119877 
v -0.229659 -0.555199 0.0847305 
v 0.587886 1.52574 0.141298 
v 0.587886 1.52574 -0.141544 
v -0.309395 -0.526179 -0.120123 
v -0.229659 -0.555199 -0.0849756 
v 0.642933 1.50571 -0.000122589 
v -0.196631 -0.567219 -0.000122553 
v -0.688224 -1.00608 -0.000122531 
v -0.89339 -1.13558 -0.0776185 
v -0.7174 -0.943514 -0.0776185 
v -0.457144 -0.932145 -0.0776185 
v -0.82852 -1.15919 -0.000122525 
v -0.480753 -0.997016 -0.00012254 
v -0.819456 -1.36666 -0.000122525 
v -0.882022 -1.39584 -0.0776185 
v -0.688224 -1.00608 -0.000122531 
v -0.89339 -1.13558 0.0773735 
v -0.82852 -1.15919 -0.000122525 
v -0.819456 -1.36666 -0.000122525 
v -0.7174 -0.943514 0.0773735 
v -0.882022 -1.39584 0.0773735 
v -0.13017 -0.65455 -0.000122555 
v -0.298267 -1.1599 -0.000122548 
v -0.188607 -0.633282 -0.150256 
v -0.188607 -0.633282 0.15001 
v -0.360796 -1.13714 -0.160769 
v -0.360796 -1.13714 0.160523 
v -0.470767 -0.530591 0.15001 
v -0.350631 1.58927 -0.000122546 
v -0.363044 1.7075 -0.205848 
v -0.59471 1.49621 -0.205848 
v -0.363044 1.7075 0.205602 
v -0.59471 1.49621 0.205602 
v -0.495319 1.42216 -0.000122539 
v -0.525677 1.32907 -0.297275 
v -0.525677 1.32907 0.297031 
v -0.4201 1.25041 -0.000122543 
v 0.00274443 1.94949 -0.205848 
v 0.281537 2.09255 -0.000122573 
v 0.236882 1.96985 -0.205848 
v 0.658061 2.13208 -0.205848 
v 0.703005 2.25557 -0.000122592 
v 0.236882 1.96985 0.205602 
v 0.658061 2.13208 0.205602 
v 0.00274445 1.94949 0.205602 
v 0.0249194 2.06918 -0.000122562 
v -0.382777 1.89547 -0.205848 
v -0.382777 1.89547 0.205602 
v -0.394742 2.00944 -0.000122544 
v -0.939098 1.75279 -0.00012252 
v -0.826862 1.66918 -0.205848 
v -0.826862 1.66918 0.205602 
v -1.00774 1.68823 -0.297275 
v -1.00774 1.68823 0.297031 
v -1.12552 1.77597 -0.000122512 
v 1.04272 1.57099 -0.205848 
v 0.921101 1.85978 -0.000122601 
v 1.10267 1.67694 -0.000122609 
v 0.876446 1.73709 -0.205848 
v 0.658061 2.13208 -0.205848 
v 1.30334 1.28181 -0.205848 
v 0.703005 2.25557 -0.000122592 
v 0.876446 1.73709 0.205602 
v 0.658061 2.13208 0.205602 
v 1.04272 1.57099 0.205602 
v 1.30334 1.28181 0.205602 
v 1.38576 1.36144 -0.000122622 
v 1.63782 0.814941 -0.000122633 
v 1.49809 0.823022 -0.205848 
v 1.49809 0.823022 0.205602 
v 1.64891 0.721354 -0.297275 
v 1.64891 0.721354 0.29703 
v 1.79553 0.712874 -0.00012264 
v -1.30056 -0.647094 -0.145068 
v -1.2452 -0.689702 -0.166171 
v -1.20142 -0.374684 -0.145068 
v -1.20142 -0.374684 0.144823 
v -1.13162 -0.377631 -0.166171 
v -1.13162 -0.377631 0.165926 
v -1.1081 -0.312999 -0.000122513 
v -1.18089 -0.318267 -0.00012251 
v 0.471338 -0.983476 0.144822 
v 0.491871 -0.927058 -0.000122583 
v 0.439494 -0.876236 -0.00012258 
v 0.471338 -0.983476 -0.145068 
v 0.415972 -0.940868 0.165925 
v 0.415972 -0.940868 -0.166171 
v 0.454993 1.57411 0.199877 
v 0.3221 1.62248 0.141298 
v 0.267053 1.64251 -0.000122573 
v 0.3221 1.62248 -0.141544 
v 0.587886 1.52574 0.141298 
v 0.587886 1.52574 -0.141544 
v 0.454993 1.57411 -0.200123 
v 0.642933 1.50571 -0.000122589 
v -0.786735 -0.679853 0.119877 
v -0.757715 -0.600117 0.0847305 
v -1.13162 -0.377631 0.165926 
v -1.1081 -0.312999 -0.000122513 
v -0.745695 -0.567089 -0.000122529 
v -1.2452 -0.689702 -0.166171 
v -0.757715 -0.600117 -0.0849755 
v -1.13162 -0.377631 -0.166171 
v -0.363313 -0.67433 -0.000122545 
v -0.378339 -0.715615 -0.106189 
v -0.0134721 -0.87098 -0.0849756 
v -0.378339 -0.715615 0.105943 
v 0.415972 -0.940868 -0.166171 
v 0.439494 -0.876236 -0.00012258 
v -0.00145185 -0.837952 -0.000122561 
v -0.0134721 -0.87098 0.0847304 
v 0.415972 -0.940868 0.165925 
v -0.89339 -1.13558 -0.0776185 
v -0.82852 -1.15919 -0.000122525 
v -0.819456 -1.36666 -0.000122525 
v -0.882022 -1.39584 -0.0776185 
v -0.689953 -1.57183 -0.0776185 
v -0.253706 -1.36839 -0.0776186 
v -0.666344 -1.50696 -0.000122532 
v -0.318577 -1.34478 -0.000122547 
v -0.458873 -1.4979 -0.000122541 
v -0.429696 -1.56046 -0.0776186 
v -0.819456 -1.36666 -0.000122525 
v -0.882022 -1.39584 0.0773735 
v -0.689953 -1.57183 0.0773735 
v -0.666344 -1.50696 -0.000122532 
v -0.458873 -1.4979 -0.000122541 
v -0.429696 -1.56046 0.0773735 
v -0.389131 -0.49716 -0.0849756 
v -0.529205 -0.509323 -0.000122538 
v -0.422159 -0.48514 -0.000122543 
v -0.389131 -0.49716 0.0847305 
v -0.470767 -0.530591 -0.150256 
v -0.470767 -0.530591 0.15001 
v -0.329687 -0.581937 -0.212443 
v -0.329687 -0.581937 0.212197 
v -0.309395 -0.526179 -0.120123 
v -0.309395 -0.526179 0.119877 
v -0.229659 -0.555199 -0.0849756 
v -0.229659 -0.555199 0.0847305 
v -0.188607 -0.633282 -0.150256 
v -0.188607 -0.633282 0.15001 
v -0.13017 -0.65455 -0.000122555 
v -0.196631 -0.567219 -0.000122553 
v -0.59471 1.49621 -0.205848 
v -0.59471 1.49621 0.205602 
v -0.495319 1.42216 -0.000122539 
v -0.525677 1.32907 -0.297275 
v -0.525677 1.32907 0.297031 
v -0.4201 1.25041 -0.000122543 
v 1.20907 0.839736 -0.205848 
v 1.20907 0.839736 0.205602 
v 1.08534 0.846891 -0.000122609 
v 1.04876 0.756061 -0.297275 
v 1.04876 0.756061 0.29703 
v -0.394742 2.00944 -0.000122544 
v -0.939098 1.75279 -0.00012252 
v 0.703005 2.25557 -0.000122592 
v 0.876446 1.73709 0.205602 
v 1.38576 1.36144 -0.000122622 
v -0.639068 -1.10076 0.113165 
v -0.662714 -1.02726 0.160523 
v -0.360796 -1.13714 0.160523 
v -1.30056 -0.647094 -0.145068 
v -1.30056 -0.647094 0.144823 
v -1.2452 -0.689702 -0.166171 
v -1.2452 -0.689702 0.165926 
v -1.18841 -0.533666 0.234705 
v -1.25099 -0.510889 0.204861 
v -1.20142 -0.374684 0.144823 
v -1.13162 -0.377631 0.165926 
v 0.471338 -0.983476 0.144822 
v 0.471338 -0.983476 -0.145068 
v 0.415972 -0.940868 0.165925 
v 0.415972 -0.940868 -0.166171 
v 0.359183 -1.0969 0.234704 
v 0.421767 -1.11968 0.20486 
v 0.372196 -1.25589 0.144822 
v 0.302395 -1.25294 0.165925 
v -0.389131 -0.49716 0.0847305 
v 0.454993 1.57411 0.199877 
v 0.3221 1.62248 0.141298 
v -0.309395 -0.526179 0.119877 
v -0.229659 -0.555199 0.0847305 
v 0.267053 1.64251 -0.000122573 
v 0.587886 1.52574 0.141298 
v -0.309395 -0.526179 -0.120123 
v 0.642933 1.50571 -0.000122589 
v -0.815754 -0.75959 0.0847305 
v -0.450888 -0.914955 0.105943 
v -0.414613 -0.815285 0.149877 
v -0.786735 -0.679853 0.119877 
v -1.18841 -0.533666 0.234705 
v -1.2452 -0.689702 0.165926 
v -0.757715 -0.600117 0.0847305 
v -1.13162 -0.377631 0.165926 
v -0.827774 -0.792618 -0.000122525 
v -0.745695 -0.567089 -0.000122529 
v -0.378339 -0.715615 0.105943 
v -0.00145185 -0.837952 -0.000122561 
v -0.0835315 -1.06348 -0.000122557 
v -0.0715113 -1.03045 0.0847304 
v 0.302395 -1.25294 0.165925 
v 0.359183 -1.0969 0.234704 
v -0.0424917 -0.950716 0.119877 
v -0.0134721 -0.87098 0.0847304 
v 0.415972 -0.940868 0.165925 
v 0.43702 1.52473 0.205602 
v 0.236882 1.96985 0.205602 
v 0.143363 1.71289 0.205602 
v 0.00274445 1.94949 0.205602 
v 0.658061 2.13208 0.205602 
v -0.0359583 1.74058 0.205602 
v 0.876446 1.73709 0.205602 
v -0.382777 1.89547 0.205602 
v 0.782927 1.48013 0.205602 
v -0.363044 1.7075 0.205602 
v 1.04272 1.57099 0.205602 
v -0.826862 1.66918 0.205602 
v 0.938094 1.38608 0.205602 
v -0.59471 1.49621 0.205602 
v 1.30334 1.28181 0.205602 
v -0.525677 1.32907 0.297031 
v -1.00774 1.68823 0.297031 
v -1.07432 1.09524 -0.000122514 
v 1.16741 1.15051 0.205602 
v 1.49809 0.823022 0.205602 
v 1.20907 0.839736 0.205602 
v 1.04876 0.756061 0.29703 
v 1.64891 0.721354 0.29703 
v 1.31877 0.224286 -0.000122619 
v -0.666344 -1.50696 -0.000122532 
v -0.89339 -1.13558 0.0773735 
v -0.82852 -1.15919 -0.000122525 
v -0.819456 -1.36666 -0.000122525 
v -0.7174 -0.943514 0.0773735 
v -0.882022 -1.39584 0.0773735 
v -0.958097 -1.43132 -0.000122519 
v -0.972269 -1.10688 -0.000122519 
v -0.718661 -1.65071 -0.00012253 
v -0.752877 -0.867439 -0.000122528 
v -0.428436 -0.853267 -0.000122542 
v -0.689953 -1.57183 0.0773735 
v -0.666344 -1.50696 -0.000122532 
v -0.39422 -1.63654 -0.000122544 
v -0.458873 -1.4979 -0.000122541 
v -0.429696 -1.56046 0.0773735 
v -0.174828 -1.3971 -0.000122553 
v -0.253706 -1.36839 0.0773735 
v -0.318577 -1.34478 -0.000122547 
v -0.265075 -1.10814 0.0773735 
v -0.189 -1.07266 -0.000122553 
v -0.457144 -0.932145 0.0773735 
v -0.480753 -0.997016 -0.00012254 
v -0.428436 -0.853267 -0.000122542 
v -0.89339 -1.13558 -0.0776185 
v -0.958097 -1.43132 -0.000122519 
v -0.470767 -0.530591 0.15001 
v -0.309395 -0.526179 0.119877 
v -0.188607 -0.633282 0.15001 
v -0.188607 -0.633282 0.15001 
v -0.360796 -1.13714 0.160523 
v -0.511755 -1.0822 0.227064 
v -0.329687 -0.581937 0.212197 
v -0.470767 -0.530591 0.15001 
v -0.662714 -1.02726 0.160523 
v -0.382777 1.89547 -0.205848 
v -0.382777 1.89547 0.205602 
v -0.394742 2.00944 -0.000122544 
v -0.939098 1.75279 -0.00012252 
v -0.826862 1.66918 -0.205848 
v -0.826862 1.66918 0.205602 
v -1.00774 1.68823 -0.297275 
v -1.00774 1.68823 0.297031 
v -1.12552 1.77597 -0.000122512 
v -1.07432 1.09524 -0.000122514 
v -0.639068 -1.10076 0.113165 
v -0.662714 -1.02726 0.160523 
v -0.639068 -1.10076 -0.113411 
v -0.662714 -1.02726 -0.160769 
v -0.360796 -1.13714 -0.160769 
v -1.25099 -0.510889 -0.205106 
v -1.3211 -0.703512 -0.000122503 
v -1.25099 -0.510889 0.204861 
v -1.30056 -0.647094 0.144823 
v -1.30056 -0.647094 -0.145068 
v -1.18089 -0.318267 -0.00012251 
v -1.20142 -0.374684 -0.145068 
v -1.20142 -0.374684 0.144823 
v -1.30056 -0.647094 -0.145068 
v -1.26872 -0.754333 -0.000122506 
v -1.30056 -0.647094 0.144823 
v -1.2452 -0.689702 -0.166171 
v -1.2452 -0.689702 0.165926 
v -1.18841 -0.533666 -0.23495 
v -1.20142 -0.374684 -0.145068 
v -1.20142 -0.374684 0.144823 
v -0.389131 -0.49716 0.0847305 
v 0.454993 1.57411 0.199877 
v 0.3221 1.62248 0.141298 
v -0.309395 -0.526179 0.119877 
v 0.267053 1.64251 -0.000122573 
v -0.422159 -0.48514 -0.000122543 
v -0.389131 -0.49716 -0.0849756 
v 0.3221 1.62248 -0.141544 
v 0.454993 1.57411 -0.200123 
v -0.309395 -0.526179 -0.120123 
v 0.415972 -0.940868 -0.166171 
v 0.302395 -1.25294 0.165925 
v 0.415972 -0.940868 0.165925 
v -0.457144 -0.932145 -0.0776185 
v -0.480753 -0.997016 -0.00012254 
v -0.32764 -1.13731 -0.000122547 
v -0.265075 -1.10814 -0.0776186 
v -0.689953 -1.57183 -0.0776185 
v -0.253706 -1.36839 -0.0776186 
v -0.666344 -1.50696 -0.000122532 
v -0.318577 -1.34478 -0.000122547 
v -0.458873 -1.4979 -0.000122541 
v -0.429696 -1.56046 -0.0776186 
v -0.458873 -1.4979 -0.000122541 
v -0.429696 -1.56046 0.0773735 
v -0.253706 -1.36839 0.0773735 
v -0.318577 -1.34478 -0.000122547 
v -0.32764 -1.13731 -0.000122547 
v -0.265075 -1.10814 0.0773735 
v -0.752877 -0.867439 -0.000122528 
v -0.89339 -1.13558 -0.0776185 
v -0.958097 -1.43132 -0.000122519 
v -0.360796 -1.13714 -0.160769 
v -0.470767 -0.530591 -0.150256 
v -0.470767 -0.530591 0.15001 
v -0.662714 -1.02726 -0.160769 
v -0.662714 -1.02726 0.160523 
v -0.725243 -1.0045 -0.000122529 
v -0.529205 -0.509323 -0.000122538 
v 1.0819 1.0679 -0.000122608 
v 1.16741 1.15051 -0.205848 
v 1.16741 1.15051 0.205602 
v 1.20907 0.839736 -0.205848 
v 1.20907 0.839736 0.205602 
v 1.08534 0.846891 -0.000122609 
v 1.04876 0.756061 -0.297275 
v 1.04876 0.756061 0.29703 
v 0.917318 0.763661 -0.000122601 
v -0.532611 -1.13951 -0.160336 
v -0.532611 -1.13951 0.16009 
v -0.683163 -1.08471 -0.000122531 
v -0.639068 -1.10076 0.113165 
v -0.639068 -1.10076 -0.113411 
v -0.382059 -1.1943 -0.000122544 
v -0.426154 -1.17825 0.113165 
v -0.426154 -1.17825 -0.113411 
v -0.639068 -1.10076 0.113165 
v -0.532611 -1.13951 0.16009 
v -0.511755 -1.0822 0.227064 
v -0.426154 -1.17825 0.113165 
v -0.662714 -1.02726 0.160523 
v -0.360796 -1.13714 0.160523 
v -0.725243 -1.0045 -0.000122529 
v -0.298267 -1.1599 -0.000122548 
v -0.683163 -1.08471 -0.000122531 
v -0.382059 -1.1943 -0.000122544 
v -0.639068 -1.10076 -0.113411 
v -0.426154 -1.17825 -0.113411 
v -0.662714 -1.02726 -0.160769 
v -0.360796 -1.13714 -0.160769 
v -0.511755 -1.0822 -0.22731 
v -0.532611 -1.13951 -0.160336 
v -1.30056 -0.647094 -0.145068 
v -1.26872 -0.754333 -0.000122506 
v -1.3211 -0.703512 -0.000122503 
v -1.30056 -0.647094 0.144823 
v -1.2452 -0.689702 -0.166171 
v -1.2452 -0.689702 0.165926 
v 0.471338 -0.983476 -0.145068 
v 0.415972 -0.940868 -0.166171 
v 0.372196 -1.25589 0.144822 
v 0.372196 -1.25589 -0.145068 
v 0.302395 -1.25294 0.165925 
v 0.302395 -1.25294 -0.166171 
v 0.278873 -1.31757 -0.000122573 
v 0.351664 -1.3123 -0.000122576 
v -0.815754 -0.75959 0.0847305 
v -0.450888 -0.914955 0.105943 
v -0.786735 -0.679853 0.119877 
v -1.2452 -0.689702 0.165926 
v -1.26872 -0.754333 -0.000122506 
v -0.827774 -0.792618 -0.000122525 
v -0.465913 -0.95624 -0.000122541 
v -0.815754 -0.75959 -0.0849755 
v -1.2452 -0.689702 -0.166171 
v -0.786735 -0.679853 -0.120123 
v -0.450888 -0.914955 -0.106189 
v -0.0715113 -1.03045 -0.0849756 
v 0.302395 -1.25294 -0.166171 
v 0.278873 -1.31757 -0.000122573 
v -0.0835315 -1.06348 -0.000122557 
v -0.0715113 -1.03045 0.0847304 
v 0.302395 -1.25294 0.165925 
v -0.688224 -1.00608 -0.000122531 
v -0.89339 -1.13558 -0.0776185 
v -0.7174 -0.943514 -0.0776185 
v -0.457144 -0.932145 -0.0776185 
v -0.82852 -1.15919 -0.000122525 
v -0.480753 -0.997016 -0.00012254 
v -0.32764 -1.13731 -0.000122547 
v -0.265075 -1.10814 -0.0776186 
v -0.688224 -1.00608 -0.000122531 
v -0.7174 -0.943514 0.0773735 
v -0.32764 -1.13731 -0.000122547 
v -0.265075 -1.10814 0.0773735 
v -0.457144 -0.932145 0.0773735 
v -0.480753 -0.997016 -0.00012254 
v -0.958097 -1.43132 -0.000122519 
v -0.689953 -1.57183 -0.0776185 
v -0.39422 -1.63654 -0.000122544 
v 0.143363 1.71289 -0.205848 
v -0.0583068 1.61994 -0.000122559 
v -0.0359583 1.74058 -0.205848 
v -0.350631 1.58927 -0.000122546 
v -0.363044 1.7075 -0.205848 
v -0.59471 1.49621 -0.205848 
v -0.0359583 1.74058 0.205602 
v -0.363044 1.7075 0.205602 
v 0.143363 1.71289 0.205602 
v -0.59471 1.49621 0.205602 
v 0.100848 1.59607 -0.000122566 
v 0.43702 1.52473 0.205602 
v -0.525677 1.32907 -0.297275 
v -0.525677 1.32907 0.297031 
v -0.4201 1.25041 -0.000122543 
v -1.07432 1.09524 -0.000122514 
v 0.394592 1.40815 -0.000122578 
v 0.43702 1.52473 -0.205848 
v 0.782927 1.48013 -0.205848 
v 0.740412 1.36331 -0.000122593 
v 0.782927 1.48013 0.205602 
v 0.877678 1.2793 -0.000122599 
v 0.938094 1.38608 -0.205848 
v 0.938094 1.38608 0.205602 
v 1.0819 1.0679 -0.000122608 
v 1.16741 1.15051 -0.205848 
v 1.16741 1.15051 0.205602 
v 1.20907 0.839736 -0.205848 
v 1.20907 0.839736 0.205602 
v 1.04876 0.756061 -0.297275 
v 1.04876 0.756061 0.29703 
v 0.917318 0.763661 -0.000122601 
v 1.31877 0.224286 -0.000122619 
v -0.394742 2.00944 -0.000122544 
v -0.939098 1.75279 -0.00012252 
v 0.876446 1.73709 -0.205848 
v 0.658061 2.13208 -0.205848 
v 1.38576 1.36144 -0.000122622 
v -0.639068 -1.10076 -0.113411 
v -0.426154 -1.17825 -0.113411 
v -0.662714 -1.02726 -0.160769 
v -0.360796 -1.13714 -0.160769 
v -1.30056 -0.647094 -0.145068 
v -1.2452 -0.689702 -0.166171 
v -1.18841 -0.533666 -0.23495 
v -1.25099 -0.510889 -0.205106 
v -1.20142 -0.374684 -0.145068 
v -1.20142 -0.374684 0.144823 
v -1.13162 -0.377631 -0.166171 
v -1.13162 -0.377631 0.165926 
v 0.471338 -0.983476 -0.145068 
v 0.415972 -0.940868 -0.166171 
v 0.359183 -1.0969 -0.23495 
v 0.421767 -1.11968 -0.205106 
v 0.372196 -1.25589 0.144822 
v 0.372196 -1.25589 -0.145068 
v 0.302395 -1.25294 0.165925 
v 0.302395 -1.25294 -0.166171 
v 0.267053 1.64251 -0.000122573 
v -0.389131 -0.49716 -0.0849756 
v 0.3221 1.62248 -0.141544 
v 0.587886 1.52574 -0.141544 
v 0.454993 1.57411 -0.200123 
v -0.309395 -0.526179 -0.120123 
v -0.229659 -0.555199 -0.0849756 
v 0.642933 1.50571 -0.000122589 
v -1.26872 -0.754333 -0.000122506 
v -0.827774 -0.792618 -0.000122525 
v -0.745695 -0.567089 -0.000122529 
v -0.815754 -0.75959 -0.0849755 
v -1.2452 -0.689702 -0.166171 
v -1.18841 -0.533666 -0.23495 
v -0.757715 -0.600117 -0.0849755 
v -1.13162 -0.377631 -0.166171 
v -0.786735 -0.679853 -0.120123 
v -0.414613 -0.815285 -0.150123 
v -0.450888 -0.914955 -0.106189 
v -0.378339 -0.715615 -0.106189 
v -0.0715113 -1.03045 -0.0849756 
v -0.0134721 -0.87098 -0.0849756 
v -0.0424917 -0.950716 -0.120123 
v 0.359183 -1.0969 -0.23495 
v 0.415972 -0.940868 -0.166171 
v 0.302395 -1.25294 -0.166171 
v -0.00145185 -0.837952 -0.000122561 
v -0.0835315 -1.06348 -0.000122557 
v 0.302395 -1.25294 0.165925 
v 0.415972 -0.940868 0.165925 
v -0.382777 1.89547 -0.205848 
v -0.0359583 1.74058 -0.205848 
v -0.363044 1.7075 -0.205848 
v 0.00274443 1.94949 -0.205848 
v -0.826862 1.66918 -0.205848 
v 0.143363 1.71289 -0.205848 
v -0.59471 1.49621 -0.205848 
v 0.236882 1.96985 -0.205848 
v -0.525677 1.32907 -0.297275 
v -1.00774 1.68823 -0.297275 
v -1.07432 1.09524 -0.000122514 
v 0.43702 1.52473 -0.205848 
v 0.658061 2.13208 -0.205848 
v 0.876446 1.73709 -0.205848 
v 0.782927 1.48013 -0.205848 
v 1.04272 1.57099 -0.205848 
v 0.938094 1.38608 -0.205848 
v 1.30334 1.28181 -0.205848 
v 1.16741 1.15051 -0.205848 
v 1.49809 0.823022 -0.205848 
v 1.20907 0.839736 -0.205848 
v 1.04876 0.756061 -0.297275 
v 1.64891 0.721354 -0.297275 
v 1.31877 0.224286 -0.000122619 
v -0.89339 -1.13558 -0.0776185 
v -0.7174 -0.943514 -0.0776185 
v -0.480753 -0.997016 -0.00012254 
v -0.265075 -1.10814 -0.0776186 
v -0.253706 -1.36839 -0.0776186 
v -0.666344 -1.50696 -0.000122532 
v -0.174828 -1.3971 -0.000122553 
v -0.972269 -1.10688 -0.000122519 
v -0.752877 -0.867439 -0.000122528 
v -0.7174 -0.943514 -0.0776185 
v -0.428436 -0.853267 -0.000122542 
v -0.89339 -1.13558 -0.0776185 
v -0.457144 -0.932145 -0.0776185 
v -0.958097 -1.43132 -0.000122519 
v -0.265075 -1.10814 -0.0776186 
v -0.882022 -1.39584 -0.0776185 
v -0.189 -1.07266 -0.000122553 
v -0.718661 -1.65071 -0.00012253 
v -0.174828 -1.3971 -0.000122553 
v -0.689953 -1.57183 -0.0776185 
v -0.253706 -1.36839 -0.0776186 
v -0.39422 -1.63654 -0.000122544 
v -0.429696 -1.56046 -0.0776186 
v -0.470767 -0.530591 -0.150256 
v -0.309395 -0.526179 -0.120123 
v -0.188607 -0.633282 -0.150256 
v -0.188607 -0.633282 -0.150256 
v -0.360796 -1.13714 -0.160769 
v -0.511755 -1.0822 -0.22731 
v -0.329687 -0.581937 -0.212443 
v -0.470767 -0.530591 -0.150256 
v -0.662714 -1.02726 -0.160769 

vn 0.787402 0.433071 -0.433071 
vn 0.732283 0.464567 -0.496063 
vn 0.874016 0.480315 0 
vn 0.692913 0.543307 0.472441 
vn 0.732283 0.464567 0.496063 
vn 0.834646 0.551181 0 
vn 0.677165 0.732283 0 
vn 0.685039 0.606299 -0.401575 
vn 0.685039 0.606299 0.401575 
vn 0.874016 0.19685 -0.448819 
vn 0.874016 0.19685 0.448819 
vn 0.992126 0.110236 0 
vn 0.716535 -0.700787 0 
vn 0.19685 -0.858268 0.472441 
vn 0.19685 -0.858268 -0.472441 
vn 0.19685 -0.858268 -0.472441 
vn 0.937008 -0.338583 0 
vn 0.937008 -0.338583 0 
vn 0.937008 -0.338583 0 
vn 0.937008 -0.338583 0 
vn 0.937008 -0.338583 0 
vn 0.937008 -0.338583 0 
vn 0.937008 -0.338583 0 
vn 0.937008 -0.338583 0 
vn 0.606299 0.464567 0.645669 
vn 0.692913 0.716535 0 
vn 0.606299 0.464567 -0.645669 
vn 0.606299 0.464567 0.645669 
vn 0.606299 0.464567 -0.645669 
vn 0.165354 -0.748031 0.645669 
vn -0.00787402 -0.0314961 1 
vn 0.653543 -0.275591 0.708661 
vn 0.732283 0.385827 0.559055 
vn 0.732283 0.385827 -0.559055 
vn -0.00787402 -0.0314961 -1 
vn 0.653543 -0.275591 -0.708661 
vn 0.952756 0.307087 0 
vn 0.929134 -0.377953 0 
vn 0.314961 -0.677165 -0.661417 
vn 0.700787 -0.251969 -0.661417 
vn 0.314961 -0.677165 -0.661417 
vn -0.251969 -0.700787 -0.661417 
vn 0.700787 -0.251969 -0.661417 
vn -0.251969 -0.700787 -0.661417 
vn 0.677165 0.314961 -0.661417 
vn 0.677165 0.314961 -0.661417 
vn 0.314961 -0.677165 0.661417 
vn -0.11811 0.0472441 0.992126 
vn 0.700787 -0.251969 0.661417 
vn 0.677165 0.314961 0.661417 
vn -0.0551181 0.11811 0.992126 
vn -0.11811 -0.0551181 0.992126 
vn 0.952756 -0.314961 0 
vn 0.952756 -0.314961 0 
vn 0.677165 -0.212598 -0.708661 
vn 0.677165 -0.212598 0.708661 
vn 0.677165 -0.212598 -0.708661 
vn 0.677165 -0.212598 0.708661 
vn -0.653543 0.267717 0.708661 
vn 0.464567 -0.88189 0 
vn 0.346457 -0.795276 -0.503937 
vn 0.905512 -0.0944882 -0.409449 
vn 0.346457 -0.795276 0.503937 
vn 0.905512 -0.0944882 0.409449 
vn 1 -0.0472441 0 
vn 0.850394 -0.322835 -0.409449 
vn 0.850394 -0.322835 0.409449 
vn 0.889764 -0.448819 0 
vn -0.102362 0.866142 -0.496063 
vn -0.251969 0.968504 0 
vn -0.181102 0.858268 -0.472441 
vn -0.322835 0.84252 -0.433071 
vn -0.362205 0.937008 0 
vn -0.181102 0.858268 0.472441 
vn -0.322835 0.84252 0.433071 
vn -0.102362 0.866142 0.496063 
vn -0.110236 0.992126 0 
vn -0.259843 0.826772 -0.496063 
vn -0.259843 0.826772 0.496063 
vn -0.283465 0.96063 0 
vn -0.0472441 1 0 
vn -0.141732 0.905512 -0.401575 
vn -0.141732 0.905512 0.401575 
vn -0.543307 0.708661 -0.448819 
vn -0.543307 0.708661 0.448819 
vn -0.692913 0.724409 0 
vn 0.629921 0.598425 -0.496063 
vn 0.818898 0.574803 0 
vn 0.724409 0.692913 0 
vn 0.692913 0.543307 -0.472441 
vn 0.787402 0.433071 -0.433071 
vn 0.732283 0.464567 -0.496063 
vn 0.874016 0.480315 0 
vn 0.692913 0.543307 0.472441 
vn 0.787402 0.433071 0.433071 
vn 0.629921 0.598425 0.496063 
vn 0.732283 0.464567 0.496063 
vn 0.834646 0.551181 0 
vn 0.677165 0.732283 0 
vn 0.685039 0.606299 -0.401575 
vn 0.685039 0.606299 0.401575 
vn 0.874016 0.19685 -0.448819 
vn 0.874016 0.19685 0.448819 
vn 0.992126 0.110236 0 
vn -0.606299 -0.464567 -0.645669 
vn -0.606299 -0.464567 -0.645669 
vn -0.165354 0.748031 -0.645669 
vn -0.165354 0.748031 0.645669 
vn -0.165354 0.748031 -0.645669 
vn -0.165354 0.748031 0.645669 
vn -0.0708661 1 0 
vn -0.0708661 1 0 
vn 0.606299 0.464567 0.645669 
vn 0.692913 0.716535 0 
vn 0.692913 0.716535 0 
vn 0.606299 0.464567 -0.645669 
vn 0.606299 0.464567 0.645669 
vn 0.606299 0.464567 -0.645669 
vn 0.212598 0.582677 0.787402 
vn -0.314961 0.771654 0.559055 
vn -0.527559 0.850394 0 
vn -0.314961 0.771654 -0.559055 
vn 0.732283 0.385827 0.559055 
vn 0.732283 0.385827 -0.559055 
vn 0.212598 0.582677 -0.787402 
vn 0.952756 0.307087 0 
vn 0.0944882 -0.0314961 0.992126 
vn 0.330709 0.629921 0.700787 
vn 0.480315 0.551181 0.685039 
vn 0.574803 0.818898 0 
vn 0.433071 0.905512 0 
vn 0.00787402 -0.732283 -0.685039 
vn 0.330709 0.629921 -0.700787 
vn 0.480315 0.551181 -0.685039 
vn 0.338583 0.937008 0 
vn 0.244094 0.661417 -0.708661 
vn 0.149606 0.692913 -0.700787 
vn 0.244094 0.661417 0.708661 
vn -0.00787402 0.732283 -0.685039 
vn 0.0866142 1 0 
vn 0.251969 0.968504 0 
vn 0.149606 0.692913 0.700787 
vn -0.00787402 0.732283 0.685039 
vn 0.700787 -0.251969 -0.661417 
vn 0.700787 -0.251969 -0.661417 
vn 0.677165 0.314961 -0.661417 
vn 0.677165 0.314961 -0.661417 
vn 0.259843 0.700787 -0.661417 
vn -0.700787 0.259843 -0.661417 
vn 0.259843 0.700787 -0.661417 
vn -0.700787 0.259843 -0.661417 
vn -0.314961 0.677165 -0.661417 
vn -0.314961 0.677165 -0.661417 
vn 0.677165 0.314961 0.661417 
vn -0.11811 -0.0551181 0.992126 
vn -0.0393701 -0.11811 0.992126 
vn 0.259843 0.700787 0.661417 
vn -0.314961 0.677165 0.661417 
vn 0.0551181 -0.11811 0.992126 
vn -0.0708661 0.92126 -0.385827 
vn -0.220472 0.976378 0 
vn -0.220472 0.976378 0 
vn -0.0708661 0.92126 0.385827 
vn -0.0708661 0.92126 -0.385827 
vn -0.0708661 0.92126 0.385827 
vn 0.291339 0.787402 -0.543307 
vn 0.291339 0.787402 0.543307 
vn 0.291339 0.787402 -0.543307 
vn 0.291339 0.787402 0.543307 
vn 0.645669 0.661417 -0.385827 
vn 0.645669 0.661417 0.385827 
vn 0.645669 0.661417 -0.385827 
vn 0.645669 0.661417 0.385827 
vn 0.795276 0.606299 0 
vn 0.795276 0.606299 0 
vn 0.905512 -0.0944882 -0.409449 
vn 0.905512 -0.0944882 0.409449 
vn 1 -0.0472441 0 
vn 0.850394 -0.322835 -0.409449 
vn 0.850394 -0.322835 0.409449 
vn 0.889764 -0.448819 0 
vn -0.755906 0.511811 -0.409449 
vn -0.755906 0.511811 0.409449 
vn -0.795276 0.606299 0 
vn -0.858268 0.299213 -0.409449 
vn -0.858268 0.299213 0.409449 
vn -0.283465 0.96063 0 
vn -0.0472441 1 0 
vn 0.874016 0.480315 0 
vn 0.692913 0.543307 0.472441 
vn 0.834646 0.551181 0 
vn -0.700787 -0.535433 0.472441 
vn -0.700787 -0.535433 0.472441 
vn 0.19685 -0.858268 0.472441 
vn -0.606299 -0.464567 -0.645669 
vn -0.606299 -0.464567 0.645669 
vn -0.606299 -0.464567 -0.645669 
vn -0.606299 -0.464567 0.645669 
vn -0.385827 0.141732 0.913386 
vn -0.385827 0.141732 0.913386 
vn -0.165354 0.748031 0.645669 
vn -0.165354 0.748031 0.645669 
vn 0.606299 0.464567 0.645669 
vn 0.606299 0.464567 -0.645669 
vn 0.606299 0.464567 0.645669 
vn 0.606299 0.464567 -0.645669 
vn 0.385827 -0.141732 0.913386 
vn 0.385827 -0.141732 0.913386 
vn 0.165354 -0.748031 0.645669 
vn 0.165354 -0.748031 0.645669 
vn -0.677165 0.204724 0.708661 
vn 0.212598 0.582677 0.787402 
vn -0.314961 0.771654 0.559055 
vn -0.00787402 -0.0314961 1 
vn 0.653543 -0.275591 0.708661 
vn -0.527559 0.850394 0 
vn 0.732283 0.385827 0.559055 
vn -0.00787402 -0.0314961 -1 
vn 0.952756 0.307087 0 
vn -0.149606 -0.692913 0.700787 
vn -0.244094 -0.661417 0.708661 
vn 0 0 1 
vn 0.0944882 -0.0314961 0.992126 
vn 0.244094 -0.0866142 0.968504 
vn 0.00787402 -0.732283 0.685039 
vn 0.330709 0.629921 0.700787 
vn 0.480315 0.551181 0.685039 
vn -0.251969 -0.968504 0 
vn 0.433071 0.905512 0 
vn 0.244094 0.661417 0.708661 
vn 0.251969 0.968504 0 
vn -0.433071 -0.905512 0 
vn -0.330709 -0.629921 0.700787 
vn -0.480315 -0.551181 0.685039 
vn -0.244094 0.0866142 0.968504 
vn -0.0944882 0.0314961 0.992126 
vn 0.149606 0.692913 0.700787 
vn -0.00787402 0.732283 0.685039 
vn 0 0 1 
vn 0 0 1 
vn 0 0 1 
vn 0 0 1 
vn 0 0 1 
vn 0 0 1 
vn 0 0 1 
vn 0 0 1 
vn 0 0 1 
vn 0 0 1 
vn 0 0 1 
vn 0.307087 0.409449 0.858268 
vn 0 0 1 
vn 0.259843 0.354331 0.897638 
vn 0 0 1 
vn -0.023622 -0.0314961 1 
vn -0.023622 -0.0314961 1 
vn -0.299213 -0.401575 0.866142 
vn 0 0 1 
vn 0.0314961 0.511811 0.858268 
vn 0.023622 0.440945 0.897638 
vn 0 -0.0393701 1 
vn 0 -0.0393701 1 
vn -0.0314961 -0.496063 0.866142 
vn 0.259843 0.700787 -0.661417 
vn -0.11811 0.0472441 0.992126 
vn 0.700787 -0.251969 0.661417 
vn 0.677165 0.314961 0.661417 
vn -0.0551181 0.11811 0.992126 
vn -0.11811 -0.0551181 0.992126 
vn -0.614173 -0.283465 0.732283 
vn -0.637795 0.23622 0.732283 
vn -0.228346 -0.637795 0.732283 
vn -0.283465 0.614173 0.732283 
vn 0.23622 0.637795 0.732283 
vn -0.0393701 -0.11811 0.992126 
vn 0.259843 0.700787 0.661417 
vn 0.283465 -0.614173 0.732283 
vn -0.314961 0.677165 0.661417 
vn 0.0551181 -0.11811 0.992126 
vn 0.637795 -0.228346 0.732283 
vn 0.11811 -0.0393701 0.992126 
vn -0.700787 0.259843 0.661417 
vn 0.11811 0.0551181 0.992126 
vn 0.614173 0.283465 0.732283 
vn 0.0472441 0.11811 0.992126 
vn -0.251969 -0.700787 0.661417 
vn 0.23622 0.637795 -0.732283 
vn -0.637795 0.23622 -0.732283 
vn -0.614173 -0.283465 -0.732283 
vn -0.0708661 0.92126 0.385827 
vn 0.291339 0.787402 0.543307 
vn 0.645669 0.661417 0.385827 
vn 0.677165 -0.212598 0.708661 
vn 0.677165 -0.212598 0.708661 
vn 0.00787402 0.023622 1 
vn 0.00787402 0.023622 1 
vn -0.653543 0.267717 0.708661 
vn -0.653543 0.267717 0.708661 
vn -0.259843 0.826772 -0.496063 
vn -0.259843 0.826772 0.496063 
vn -0.283465 0.96063 0 
vn -0.0472441 1 0 
vn -0.141732 0.905512 -0.401575 
vn -0.141732 0.905512 0.401575 
vn -0.543307 0.708661 -0.448819 
vn -0.543307 0.708661 0.448819 
vn -0.692913 0.724409 0 
vn -1 -0.0787402 0 
vn -0.700787 -0.535433 0.472441 
vn -0.700787 -0.535433 0.472441 
vn -0.700787 -0.535433 -0.472441 
vn -0.700787 -0.535433 -0.472441 
vn 0.19685 -0.858268 -0.472441 
vn -0.937008 0.338583 0 
vn -0.937008 0.338583 0 
vn -0.937008 0.338583 0 
vn -0.937008 0.338583 0 
vn -0.937008 0.338583 0 
vn -0.937008 0.338583 0 
vn -0.937008 0.338583 0 
vn -0.937008 0.338583 0 
vn -0.606299 -0.464567 -0.645669 
vn -0.692913 -0.716535 0 
vn -0.606299 -0.464567 0.645669 
vn -0.606299 -0.464567 -0.645669 
vn -0.606299 -0.464567 0.645669 
vn -0.385827 0.141732 -0.913386 
vn -0.165354 0.748031 -0.645669 
vn -0.165354 0.748031 0.645669 
vn -0.677165 0.204724 0.708661 
vn 0.212598 0.582677 0.787402 
vn -0.314961 0.771654 0.559055 
vn -0.00787402 -0.0314961 1 
vn -0.527559 0.850394 0 
vn -0.952756 0.307087 0 
vn -0.677165 0.204724 -0.708661 
vn -0.314961 0.771654 -0.559055 
vn 0.212598 0.582677 -0.787402 
vn -0.00787402 -0.0314961 -1 
vn -0.00787402 0.732283 -0.685039 
vn -0.480315 -0.551181 0.685039 
vn -0.00787402 0.732283 0.685039 
vn -0.251969 -0.700787 -0.661417 
vn -0.251969 -0.700787 -0.661417 
vn -0.677165 -0.314961 -0.661417 
vn -0.677165 -0.314961 -0.661417 
vn 0.259843 0.700787 -0.661417 
vn -0.700787 0.259843 -0.661417 
vn 0.259843 0.700787 -0.661417 
vn -0.700787 0.259843 -0.661417 
vn -0.314961 0.677165 -0.661417 
vn -0.314961 0.677165 -0.661417 
vn -0.314961 0.677165 0.661417 
vn 0.0551181 -0.11811 0.992126 
vn 0.11811 -0.0393701 0.992126 
vn -0.700787 0.259843 0.661417 
vn -0.677165 -0.314961 0.661417 
vn 0.11811 0.0551181 0.992126 
vn -0.283465 0.614173 -0.732283 
vn -0.637795 0.23622 -0.732283 
vn -0.614173 -0.283465 -0.732283 
vn 0.677165 -0.212598 -0.708661 
vn -0.653543 0.267717 -0.708661 
vn -0.653543 0.267717 0.708661 
vn -0.653543 0.267717 -0.708661 
vn -0.653543 0.267717 0.708661 
vn -0.929134 0.370079 0 
vn -0.929134 0.370079 0 
vn -0.929134 -0.377953 0 
vn -0.771654 -0.385827 -0.503937 
vn -0.771654 -0.385827 0.503937 
vn -0.755906 0.511811 -0.409449 
vn -0.755906 0.511811 0.409449 
vn -0.795276 0.606299 0 
vn -0.858268 0.299213 -0.409449 
vn -0.858268 0.299213 0.409449 
vn -0.976378 0.228346 0 
vn -0.338583 -0.937008 0 
vn -0.338583 -0.937008 0 
vn -0.338583 -0.937008 0 
vn -0.338583 -0.937008 0 
vn -0.338583 -0.937008 0 
vn -0.338583 -0.937008 0 
vn -0.338583 -0.937008 0 
vn -0.338583 -0.937008 0 
vn -0.700787 -0.535433 0.472441 
vn -0.251969 -0.692913 0.677165 
vn -0.251969 -0.692913 0.677165 
vn 0.19685 -0.858268 0.472441 
vn -0.700787 -0.535433 0.472441 
vn 0.19685 -0.858268 0.472441 
vn -0.88189 -0.464567 0 
vn 0.377953 -0.92126 0 
vn -0.88189 -0.464567 0 
vn 0.377953 -0.92126 0 
vn -0.700787 -0.535433 -0.472441 
vn 0.19685 -0.858268 -0.472441 
vn -0.700787 -0.535433 -0.472441 
vn 0.19685 -0.858268 -0.472441 
vn -0.251969 -0.692913 -0.677165 
vn -0.251969 -0.692913 -0.677165 
vn -0.606299 -0.464567 -0.645669 
vn -0.692913 -0.716535 0 
vn -0.692913 -0.716535 0 
vn -0.606299 -0.464567 0.645669 
vn -0.606299 -0.464567 -0.645669 
vn -0.606299 -0.464567 0.645669 
vn 0.606299 0.464567 -0.645669 
vn 0.606299 0.464567 -0.645669 
vn 0.165354 -0.748031 0.645669 
vn 0.165354 -0.748031 -0.645669 
vn 0.165354 -0.748031 0.645669 
vn 0.165354 -0.748031 -0.645669 
vn 0.0708661 -1 0 
vn 0.0708661 -1 0 
vn -0.149606 -0.692913 0.700787 
vn -0.244094 -0.661417 0.708661 
vn 0.0944882 -0.0314961 0.992126 
vn 0.00787402 -0.732283 0.685039 
vn -0.0866142 -1 0 
vn -0.251969 -0.968504 0 
vn -0.338583 -0.937008 0 
vn -0.149606 -0.692913 -0.700787 
vn 0.00787402 -0.732283 -0.685039 
vn 0.0944882 -0.0314961 -0.992126 
vn -0.244094 -0.661417 -0.708661 
vn -0.330709 -0.629921 -0.700787 
vn -0.480315 -0.551181 -0.685039 
vn -0.574803 -0.818898 0 
vn -0.433071 -0.905512 0 
vn -0.330709 -0.629921 0.700787 
vn -0.480315 -0.551181 0.685039 
vn 0.314961 -0.677165 -0.661417 
vn 0.700787 -0.251969 -0.661417 
vn 0.314961 -0.677165 -0.661417 
vn -0.251969 -0.700787 -0.661417 
vn 0.700787 -0.251969 -0.661417 
vn -0.251969 -0.700787 -0.661417 
vn -0.677165 -0.314961 -0.661417 
vn -0.677165 -0.314961 -0.661417 
vn 0.314961 -0.677165 0.661417 
vn -0.0551181 0.11811 0.992126 
vn -0.677165 -0.314961 0.661417 
vn 0.11811 0.0551181 0.992126 
vn 0.0472441 0.11811 0.992126 
vn -0.251969 -0.700787 0.661417 
vn -0.614173 -0.283465 -0.732283 
vn -0.228346 -0.637795 -0.732283 
vn 0.283465 -0.614173 -0.732283 
vn -0.299213 -0.80315 -0.519685 
vn -0.015748 -1 0 
vn -0.023622 -0.858268 -0.511811 
vn 0.464567 -0.88189 0 
vn 0.346457 -0.795276 -0.503937 
vn 0.905512 -0.0944882 -0.409449 
vn -0.023622 -0.858268 0.511811 
vn 0.346457 -0.795276 0.503937 
vn -0.299213 -0.80315 0.519685 
vn 0.905512 -0.0944882 0.409449 
vn -0.354331 -0.937008 0 
vn -0.291339 -0.80315 0.519685 
vn 0.850394 -0.322835 -0.409449 
vn 0.850394 -0.322835 0.409449 
vn 0.889764 -0.448819 0 
vn 0.228346 -0.976378 0 
vn -0.338583 -0.937008 0 
vn -0.291339 -0.80315 -0.519685 
vn -0.283465 -0.811024 -0.519685 
vn -0.330709 -0.944882 0 
vn -0.283465 -0.811024 0.519685 
vn -0.629921 -0.779528 0 
vn -0.535433 -0.677165 -0.511811 
vn -0.535433 -0.677165 0.511811 
vn -0.929134 -0.377953 0 
vn -0.771654 -0.385827 -0.503937 
vn -0.771654 -0.385827 0.503937 
vn -0.755906 0.511811 -0.409449 
vn -0.755906 0.511811 0.409449 
vn -0.858268 0.299213 -0.409449 
vn -0.858268 0.299213 0.409449 
vn -0.976378 0.228346 0 
vn -0.80315 -0.598425 0 
vn -0.283465 0.96063 0 
vn -0.0472441 1 0 
vn 0.692913 0.543307 -0.472441 
vn 0.787402 0.433071 -0.433071 
vn 0.834646 0.551181 0 
vn -0.700787 -0.535433 -0.472441 
vn 0.19685 -0.858268 -0.472441 
vn -0.700787 -0.535433 -0.472441 
vn 0.19685 -0.858268 -0.472441 
vn -0.606299 -0.464567 -0.645669 
vn -0.606299 -0.464567 -0.645669 
vn -0.385827 0.141732 -0.913386 
vn -0.385827 0.141732 -0.913386 
vn -0.165354 0.748031 -0.645669 
vn -0.165354 0.748031 0.645669 
vn -0.165354 0.748031 -0.645669 
vn -0.165354 0.748031 0.645669 
vn 0.606299 0.464567 -0.645669 
vn 0.606299 0.464567 -0.645669 
vn 0.385827 -0.141732 -0.913386 
vn 0.385827 -0.141732 -0.913386 
vn 0.165354 -0.748031 0.645669 
vn 0.165354 -0.748031 -0.645669 
vn 0.165354 -0.748031 0.645669 
vn 0.165354 -0.748031 -0.645669 
vn -0.527559 0.850394 0 
vn -0.677165 0.204724 -0.708661 
vn -0.314961 0.771654 -0.559055 
vn 0.732283 0.385827 -0.559055 
vn 0.212598 0.582677 -0.787402 
vn -0.00787402 -0.0314961 -1 
vn 0.653543 -0.275591 -0.708661 
vn 0.952756 0.307087 0 
vn -0.0866142 -1 0 
vn -0.251969 -0.968504 0 
vn 0.433071 0.905512 0 
vn -0.149606 -0.692913 -0.700787 
vn 0.00787402 -0.732283 -0.685039 
vn 0.244094 -0.0866142 -0.968504 
vn 0.330709 0.629921 -0.700787 
vn 0.480315 0.551181 -0.685039 
vn 0.0944882 -0.0314961 -0.992126 
vn 0 0 -1 
vn -0.244094 -0.661417 -0.708661 
vn 0.244094 0.661417 -0.708661 
vn -0.330709 -0.629921 -0.700787 
vn 0.149606 0.692913 -0.700787 
vn -0.0944882 0.0314961 -0.992126 
vn -0.244094 0.0866142 -0.968504 
vn -0.00787402 0.732283 -0.685039 
vn -0.480315 -0.551181 -0.685039 
vn 0.251969 0.968504 0 
vn -0.433071 -0.905512 0 
vn -0.480315 -0.551181 0.685039 
vn -0.00787402 0.732283 0.685039 
vn 0 0 -1 
vn 0 0 -1 
vn 0 0 -1 
vn 0 0 -1 
vn 0.307087 0.409449 -0.858268 
vn 0 0 -1 
vn 0.259843 0.354331 -0.897638 
vn 0 0 -1 
vn -0.023622 -0.0314961 -1 
vn -0.023622 -0.0314961 -1 
vn -0.299213 -0.401575 -0.866142 
vn 0 0 -1 
vn 0 0 -1 
vn 0 0 -1 
vn 0 0 -1 
vn 0 0 -1 
vn 0 0 -1 
vn 0 0 -1 
vn 0 0 -1 
vn 0.0314961 0.511811 -0.858268 
vn 0.023622 0.440945 -0.897638 
vn 0 -0.0393701 -1 
vn 0 -0.0393701 -1 
vn -0.0314961 -0.496063 -0.866142 
vn 0.700787 -0.251969 -0.661417 
vn 0.314961 -0.677165 -0.661417 
vn -0.251969 -0.700787 -0.661417 
vn -0.677165 -0.314961 -0.661417 
vn -0.700787 0.259843 -0.661417 
vn 0.259843 0.700787 -0.661417 
vn 0.637795 -0.228346 0.732283 
vn -0.637795 0.23622 -0.732283 
vn -0.283465 0.614173 -0.732283 
vn -0.283465 0.614173 -0.732283 
vn 0.23622 0.637795 -0.732283 
vn -0.637795 0.23622 -0.732283 
vn 0.23622 0.637795 -0.732283 
vn -0.614173 -0.283465 -0.732283 
vn 0.614173 0.283465 -0.732283 
vn -0.614173 -0.283465 -0.732283 
vn 0.614173 0.283465 -0.732283 
vn -0.228346 -0.637795 -0.732283 
vn 0.637795 -0.228346 -0.732283 
vn -0.228346 -0.637795 -0.732283 
vn 0.637795 -0.228346 -0.732283 
vn 0.283465 -0.614173 -0.732283 
vn 0.283465 -0.614173 -0.732283 
vn -0.0708661 0.92126 -0.385827 
vn 0.291339 0.787402 -0.543307 
vn 0.645669 0.661417 -0.385827 
vn 0.677165 -0.212598 -0.708661 
vn 0.677165 -0.212598 -0.708661 
vn 0.00787402 0.023622 -1 
vn 0.00787402 0.023622 -1 
vn -0.653543 0.267717 -0.708661 
vn -0.653543 0.267717 -0.708661 

vt 36.2057 -15.0529 
vt 36.2057 -15.6313 
vt 36 -14.9215 
vt 35.7943 -15.3494 
vt 35.7943 -15.6313 
vt 36 -15.5282 
vt 36 -15.9556 
vt 36.2057 -15.9958 
vt 35.7943 -15.9958 
vt 36.2972 -16.0397 
vt 35.7028 -16.0397 
vt 36 -15.9976 
vt 36 -16.6197 
vt 35.8394 -18.4735 
vt 36.1133 -18.5345 
vt 36.1606 -18.4735 
vt 36.205 -18.1894 
vt 35.795 -18.1894 
vt 36 -18.3944 
vt 35.8551 -18.3344 
vt 36.1449 -18.3344 
vt 36 -17.9845 
vt 35.8551 -18.0445 
vt 36.1449 -18.0445 
vt 35.8551 -18.0445 
vt 36 -17.9546 
vt 36.1449 -18.0445 
vt 35.834 -18.0234 
vt 36.166 -18.0234 
vt 35.8551 -18.3344 
vt 35.88 -17.8818 
vt 35.9151 -17.8818 
vt 35.8586 -15.6467 
vt 36.1414 -15.6467 
vt 36.12 -17.8818 
vt 36.0849 -17.8818 
vt 36 -15.6467 
vt 36 -17.8818 
vt 36 -18.4623 
vt 36.0775 -18.6542 
vt 36.0775 -18.4135 
vt 36.0775 -18.3138 
vt 36 -18.6542 
vt 36 -18.3828 
vt 36 -18.846 
vt 36.0775 -18.8948 
vt 36 -18.4623 
vt 35.9225 -18.6542 
vt 36 -18.6542 
vt 36 -18.846 
vt 35.9225 -18.4135 
vt 35.9225 -18.8948 
vt 36 -17.9411 
vt 36 -18.4735 
vt 36.1501 -17.9411 
vt 35.8499 -17.9411 
vt 36.1606 -18.4735 
vt 35.8394 -18.4735 
vt 35.8499 -17.9411 
vt 36 -15.908 
vt 36.2057 -15.8011 
vt 36.2057 -16.0789 
vt 35.7943 -15.8011 
vt 35.7943 -16.0789 
vt 36 -16.1145 
vt 36.2972 -16.2124 
vt 35.7028 -16.2124 
vt 36 -16.2502 
vt 36.5534 -17.2057 
vt 36.3403 -17 
vt 36.3403 -17.2057 
vt 36 -17.2057 
vt 36 -17 
vt 36.3403 -16.7943 
vt 36 -16.7943 
vt 36.5534 -16.7943 
vt 36.5735 -17 
vt 36.8972 -17.2057 
vt 36.8972 -16.7943 
vt 36.9474 -17 
vt 37.3711 -17 
vt 37.2371 -17.2057 
vt 37.2371 -16.7943 
vt 37.4136 -17.2972 
vt 37.4136 -16.7028 
vt 37.5542 -17 
vt 35.4466 -17.2057 
vt 35.6597 -17 
vt 35.4265 -17 
vt 35.6597 -17.2057 
vt 36 -17.2057 
vt 35.1028 -17.2057 
vt 36 -17 
vt 35.6597 -16.7943 
vt 36 -16.7943 
vt 35.4466 -16.7943 
vt 35.1028 -16.7943 
vt 35.0526 -17 
vt 34.6289 -17 
vt 34.7629 -17.2057 
vt 34.7629 -16.7943 
vt 34.5864 -17.2972 
vt 34.5864 -16.7028 
vt 34.4458 -17 
vt 36.89 -17.1449 
vt 36.8234 -17.166 
vt 36.89 -17.1449 
vt 36.89 -16.8551 
vt 36.8234 -17.166 
vt 36.8234 -16.834 
vt 36.8234 -17 
vt 36.89 -17 
vt 35.11 -16.8551 
vt 35.11 -17 
vt 35.1766 -17 
vt 35.11 -17.1449 
vt 35.1766 -16.834 
vt 35.1766 -17.166 
vt 36 -16.8 
vt 36.1414 -16.8586 
vt 36.2 -17 
vt 36.1414 -17.1414 
vt 35.8586 -16.8586 
vt 35.8586 -17.1414 
vt 36 -17.2 
vt 35.8 -17 
vt 36.396 -16.88 
vt 36.396 -16.9151 
vt 36.8234 -16.834 
vt 36.8234 -17 
vt 36.396 -17 
vt 36.8234 -17.166 
vt 36.396 -17.0849 
vt 36.8234 -17.166 
vt 36 -17 
vt 36 -17.1061 
vt 35.604 -17.0849 
vt 36 -16.8939 
vt 35.1766 -17.166 
vt 35.1766 -17 
vt 35.604 -17 
vt 35.604 -16.9151 
vt 35.1766 -16.834 
vt 36.3404 -17.0775 
vt 36.2713 -17 
vt 36.1919 -17 
vt 36.2407 -17.0775 
vt 36 -17.0775 
vt 35.6596 -17.0775 
vt 36 -17 
vt 35.7287 -17 
vt 35.8081 -17 
vt 35.7593 -17.0775 
vt 36.1919 -17 
vt 36.2407 -16.9225 
vt 36 -16.9225 
vt 36 -17 
vt 35.8081 -17 
vt 35.7593 -16.9225 
vt 36.0849 -17.0849 
vt 36.2123 -17 
vt 36.12 -17 
vt 36.0849 -16.9151 
vt 36.1501 -17.1501 
vt 36.1501 -16.8499 
vt 36 -17.2123 
vt 36 -16.7877 
vt 36 -17.12 
vt 36 -16.88 
vt 35.9151 -17.0849 
vt 35.9151 -16.9151 
vt 35.8499 -17.1501 
vt 35.8499 -16.8499 
vt 35.7877 -17 
vt 35.88 -17 
vt 36.9598 -17.2057 
vt 36.9598 -16.7943 
vt 36.841 -17 
vt 36.8377 -17.2972 
vt 36.8377 -16.7028 
vt 36.7116 -17 
vt 35.0402 -17.2057 
vt 35.0402 -16.7943 
vt 35.159 -17 
vt 35.1623 -17.2972 
vt 35.1623 -16.7028 
vt 35.0526 -15.5282 
vt 34.6289 -15.9556 
vt 36 -14.9215 
vt 36.3403 -15.3494 
vt 36.9474 -15.5282 
vt 35.8867 -18.5345 
vt 35.8394 -18.4735 
vt 36.1606 -18.4735 
vt 35.11 -18.3344 
vt 35.11 -18.3344 
vt 35.1766 -18.3555 
vt 35.1766 -18.3555 
vt 35.1766 -18.1894 
vt 35.11 -18.1894 
vt 35.11 -18.0445 
vt 35.1766 -18.0234 
vt 36.89 -18.0445 
vt 36.89 -18.0445 
vt 36.8234 -18.0234 
vt 36.8234 -18.0234 
vt 36.8234 -18.1894 
vt 36.89 -18.1894 
vt 36.89 -18.3344 
vt 36.8234 -18.3555 
vt 35.9151 -17.8818 
vt 36 -15.6467 
vt 35.8586 -15.6467 
vt 36 -17.8818 
vt 36.0849 -17.8818 
vt 35.8 -15.6467 
vt 36.1414 -15.6467 
vt 36 -17.8818 
vt 36.2 -15.6467 
vt 35.604 -18.2743 
vt 36 -18.2955 
vt 36 -18.1894 
vt 35.604 -18.1894 
vt 35.1766 -18.1894 
vt 35.1766 -18.3555 
vt 35.604 -18.1046 
vt 35.1766 -18.0234 
vt 35.604 -18.3094 
vt 35.604 -18.0694 
vt 36 -18.0834 
vt 36.396 -18.0694 
vt 36.396 -18.3094 
vt 36.396 -18.2743 
vt 36.8234 -18.3555 
vt 36.8234 -18.1894 
vt 36.396 -18.1894 
vt 36.396 -18.1046 
vt 36.8234 -18.0234 
vt 36 -15.6993 
vt 35.6597 -15.3494 
vt 35.6597 -15.6229 
vt 35.4466 -15.4486 
vt 36 -15.0529 
vt 35.4817 -15.6582 
vt 36.3403 -15.3494 
vt 35.1028 -15.6313 
vt 36.3403 -15.6229 
vt 35.1857 -15.8011 
vt 36.5534 -15.4486 
vt 34.7629 -15.9958 
vt 36.5183 -15.6582 
vt 35.0402 -16.0789 
vt 36.8972 -15.6313 
vt 35.1623 -16.2124 
vt 34.5864 -16.0397 
vt 34.7267 -16.6197 
vt 36.8143 -15.8011 
vt 37.2371 -15.9958 
vt 36.9598 -16.0789 
vt 36.8377 -16.2124 
vt 37.4136 -16.0397 
vt 37.2733 -16.6197 
vt 36 -18.9255 
vt 35.6596 -18.6542 
vt 35.7287 -18.6542 
vt 35.8081 -18.846 
vt 35.7593 -18.4135 
vt 35.7593 -18.8948 
vt 35.7 -18.9542 
vt 35.5757 -18.6542 
vt 36 -19.0785 
vt 35.7 -18.3541 
vt 36 -18.2299 
vt 36 -18.9945 
vt 36 -18.9255 
vt 36.3 -18.9542 
vt 36.1919 -18.846 
vt 36.2407 -18.8948 
vt 36.4243 -18.6542 
vt 36.3404 -18.6542 
vt 36.2713 -18.6542 
vt 36.2407 -18.4135 
vt 36.3 -18.3541 
vt 36 -18.3138 
vt 36 -18.3828 
vt 36 -18.2299 
vt 35.6596 -18.6542 
vt 35.7 -18.9542 
vt 35.8499 -17.9411 
vt 36 -17.8818 
vt 36.1501 -17.9411 
vt 36.1501 -17.9411 
vt 36.1606 -18.4735 
vt 36 -18.4735 
vt 36 -17.9411 
vt 35.8499 -17.9411 
vt 35.8394 -18.4735 
vt 35.7943 -15.6313 
vt 36.2057 -15.6313 
vt 36 -15.5282 
vt 36 -15.9556 
vt 35.7943 -15.9958 
vt 36.2057 -15.9958 
vt 35.7028 -16.0397 
vt 36.2972 -16.0397 
vt 36 -15.9976 
vt 36 -16.6197 
vt 36.1133 -18.5345 
vt 36.1606 -18.4735 
vt 35.8867 -18.5345 
vt 35.8394 -18.4735 
vt 35.8394 -18.4735 
vt 35.795 -18.1894 
vt 36 -18.3944 
vt 36.205 -18.1894 
vt 36.1449 -18.3344 
vt 35.8551 -18.3344 
vt 36 -17.9845 
vt 35.8551 -18.0445 
vt 36.1449 -18.0445 
vt 35.8551 -18.3344 
vt 36 -18.4243 
vt 36.1449 -18.3344 
vt 35.834 -18.3555 
vt 36.166 -18.3555 
vt 35.7652 -18.1894 
vt 35.8551 -18.0445 
vt 36.1449 -18.0445 
vt 36.0849 -17.8818 
vt 36.2 -15.6467 
vt 36.1414 -15.6467 
vt 36.12 -17.8818 
vt 36 -15.6467 
vt 36 -17.8818 
vt 35.9151 -17.8818 
vt 35.8586 -15.6467 
vt 35.8 -15.6467 
vt 35.88 -17.8818 
vt 35.834 -18.0234 
vt 36.166 -18.3555 
vt 36.166 -18.0234 
vt 35.9225 -18.3138 
vt 36 -18.3828 
vt 36 -18.4623 
vt 35.9225 -18.4135 
vt 35.9225 -18.9945 
vt 35.9225 -18.6542 
vt 36 -18.9255 
vt 36 -18.6542 
vt 36 -18.846 
vt 35.9225 -18.8948 
vt 36 -18.846 
vt 36.0775 -18.8948 
vt 36.0775 -18.6542 
vt 36 -18.6542 
vt 36 -18.4623 
vt 36.0775 -18.4135 
vt 36 -18.3541 
vt 35.9225 -18.6542 
vt 36 -18.9542 
vt 35.8394 -18.4735 
vt 35.8499 -17.9411 
vt 36.1501 -17.9411 
vt 35.8394 -18.4735 
vt 36.1606 -18.4735 
vt 36 -18.4735 
vt 36 -17.9411 
vt 36 -15.908 
vt 35.7943 -15.8011 
vt 36.2057 -15.8011 
vt 35.7943 -16.0789 
vt 36.2057 -16.0789 
vt 36 -16.1145 
vt 35.7028 -16.2124 
vt 36.2972 -16.2124 
vt 36 -16.2502 
vt 36 -17.1602 
vt 36 -16.8398 
vt 35.8398 -17 
vt 35.8867 -16.8867 
vt 35.8867 -17.1133 
vt 36.1602 -17 
vt 36.1133 -16.8867 
vt 36.1133 -17.1133 
vt 35.8867 -16.8867 
vt 36 -16.8398 
vt 36 -16.7728 
vt 36.1133 -16.8867 
vt 35.8394 -16.8394 
vt 36.1606 -16.8394 
vt 35.7728 -17 
vt 36.2272 -17 
vt 35.8398 -17 
vt 36.1602 -17 
vt 35.8867 -17.1133 
vt 36.1133 -17.1133 
vt 35.8394 -17.1606 
vt 36.1606 -17.1606 
vt 36 -17.2272 
vt 36 -17.1602 
vt 35.11 -17.1449 
vt 35.1766 -17 
vt 35.11 -17 
vt 35.11 -16.8551 
vt 35.1766 -17.166 
vt 35.1766 -16.834 
vt 36.89 -17.1449 
vt 36.8234 -17.166 
vt 36.89 -16.8551 
vt 36.89 -17.1449 
vt 36.8234 -16.834 
vt 36.8234 -17.166 
vt 36.8234 -17 
vt 36.89 -17 
vt 35.604 -16.9151 
vt 36 -16.8939 
vt 35.604 -16.88 
vt 35.1766 -16.834 
vt 35.1766 -17 
vt 35.604 -17 
vt 36 -17 
vt 35.604 -17.0849 
vt 35.1766 -17.166 
vt 35.604 -17.12 
vt 36 -17.1061 
vt 36.396 -17.0849 
vt 36.8234 -17.166 
vt 36.8234 -17 
vt 36.396 -17 
vt 36.396 -16.9151 
vt 36.8234 -16.834 
vt 35.8081 -17 
vt 35.6596 -17.0775 
vt 35.7593 -17.0775 
vt 36 -17.0775 
vt 35.7287 -17 
vt 36 -17 
vt 36.1919 -17 
vt 36.2407 -17.0775 
vt 35.8081 -17 
vt 35.7593 -16.9225 
vt 36.1919 -17 
vt 36.2407 -16.9225 
vt 36 -16.9225 
vt 36 -17 
vt 35.7 -17 
vt 36 -17.0775 
vt 36.3 -17 
vt 35.6597 -17.2057 
vt 35.502 -17 
vt 35.4817 -17.2057 
vt 35.2378 -17 
vt 35.1857 -17.2057 
vt 35.0402 -17.2057 
vt 35.4817 -16.7943 
vt 35.1857 -16.7943 
vt 35.6597 -16.7943 
vt 35.0402 -16.7943 
vt 35.6597 -17 
vt 36 -16.7943 
vt 35.1623 -17.2972 
vt 35.1623 -16.7028 
vt 35.2884 -17 
vt 34.7267 -17 
vt 36 -17 
vt 36 -17.2057 
vt 36.3403 -17.2057 
vt 36.3403 -17 
vt 36.3403 -16.7943 
vt 36.498 -17 
vt 36.5183 -17.2057 
vt 36.5183 -16.7943 
vt 36.7622 -17 
vt 36.8143 -17.2057 
vt 36.8143 -16.7943 
vt 36.9598 -17.2057 
vt 36.9598 -16.7943 
vt 36.8377 -17.2972 
vt 36.8377 -16.7028 
vt 36.7116 -17 
vt 37.2733 -17 
vt 36.9474 -15.5282 
vt 37.3711 -15.9556 
vt 35.6597 -15.3494 
vt 36 -15.0529 
vt 35.0526 -15.5282 
vt 36.1133 -18.5345 
vt 35.8867 -18.5345 
vt 36.1606 -18.4735 
vt 35.8394 -18.4735 
vt 36.89 -18.3344 
vt 36.8234 -18.3555 
vt 36.8234 -18.1894 
vt 36.89 -18.1894 
vt 36.89 -18.0445 
vt 36.89 -18.0445 
vt 36.8234 -18.0234 
vt 36.8234 -18.0234 
vt 35.11 -18.0445 
vt 35.1766 -18.0234 
vt 35.1766 -18.1894 
vt 35.11 -18.1894 
vt 35.11 -18.3344 
vt 35.11 -18.3344 
vt 35.1766 -18.3555 
vt 35.1766 -18.3555 
vt 36.2 -15.6467 
vt 36.0849 -17.8818 
vt 36.1414 -15.6467 
vt 35.8586 -15.6467 
vt 36 -15.6467 
vt 36 -17.8818 
vt 35.9151 -17.8818 
vt 35.8 -15.6467 
vt 36.8234 -18.4243 
vt 36.396 -18.3094 
vt 36.396 -18.0694 
vt 36.396 -18.2743 
vt 36.8234 -18.3555 
vt 36.8234 -18.1894 
vt 36.396 -18.1046 
vt 36.8234 -18.0234 
vt 36.396 -18.1894 
vt 36 -18.1894 
vt 36 -18.2955 
vt 36 -18.0834 
vt 35.604 -18.2743 
vt 35.604 -18.1046 
vt 35.604 -18.1894 
vt 35.1766 -18.1894 
vt 35.1766 -18.0234 
vt 35.1766 -18.3555 
vt 35.604 -18.0694 
vt 35.604 -18.3094 
vt 35.1766 -18.3555 
vt 35.1766 -18.0234 
vt 36.8972 -15.6313 
vt 36.5183 -15.6582 
vt 36.8143 -15.8011 
vt 36.5534 -15.4486 
vt 37.2371 -15.9958 
vt 36.3403 -15.6229 
vt 36.9598 -16.0789 
vt 36.3403 -15.3494 
vt 36.8377 -16.2124 
vt 37.4136 -16.0397 
vt 37.2733 -16.6197 
vt 36 -15.6993 
vt 36 -15.0529 
vt 35.6597 -15.3494 
vt 35.6597 -15.6229 
vt 35.4466 -15.4486 
vt 35.4817 -15.6582 
vt 35.1028 -15.6313 
vt 35.1857 -15.8011 
vt 34.7629 -15.9958 
vt 35.0402 -16.0789 
vt 35.1623 -16.2124 
vt 34.5864 -16.0397 
vt 34.7267 -16.6197 
vt 36.3404 -18.6542 
vt 36.2407 -18.4135 
vt 36 -18.3828 
vt 35.7593 -18.4135 
vt 35.6596 -18.6542 
vt 36 -18.9255 
vt 35.5757 -18.6542 
vt 36.4243 -18.6542 
vt 36.3 -18.3541 
vt 36.2407 -18.4135 
vt 36 -18.2299 
vt 36.3404 -18.6542 
vt 36 -18.3138 
vt 36.3 -18.9542 
vt 35.7593 -18.4135 
vt 36.2407 -18.8948 
vt 35.7 -18.3541 
vt 36 -19.0785 
vt 35.5757 -18.6542 
vt 36 -18.9945 
vt 35.6596 -18.6542 
vt 35.7 -18.9542 
vt 35.7593 -18.8948 
vt 36.1501 -17.9411 
vt 36 -17.8818 
vt 35.8499 -17.9411 
vt 35.8499 -17.9411 
vt 35.8394 -18.4735 
vt 36 -18.4735 
vt 36 -17.9411 
vt 36.1501 -17.9411 
vt 36.1606 -18.4735 

usemtl Meshpart2Mtl

f 959/959/959 954/954/954 958/958/958 
f 957/957/957 959/959/959 958/958/958 
f 954/954/954 959/959/959 960/960/960 
f 959/959/959 957/957/957 961/961/961 
f 965/965/965 962/962/962 964/964/964 
f 964/964/964 963/963/963 965/965/965 
f 969/969/969 970/970/970 971/971/971 
f 971/971/971 970/970/970 972/972/972 
f 969/969/969 971/971/971 973/973/973 
f 969/969/969 974/974/974 970/970/970 
f 970/970/970 974/974/974 975/975/975 
f 974/974/974 969/969/969 976/976/976 
f 984/984/984 989/989/989 985/985/985 
f 988/988/988 986/986/986 989/989/989 
f 989/989/989 984/984/984 990/990/990 
f 988/988/988 989/989/989 990/990/990 
f 991/991/991 992/992/992 993/993/993 
f 992/992/992 991/991/991 995/995/995 
f 997/997/997 992/992/992 995/995/995 
f 992/992/992 997/997/997 998/998/998 
f 999/999/999 1000/1000/1000 1001/1001/1001 
f 1002/1002/1002 1001/1001/1001 1000/1000/1000 
f 1000/1000/1000 999/999/999 1003/1003/1003 
f 1002/1002/1002 1000/1000/1000 1004/1004/1004 
f 1005/1005/1005 1006/1006/1006 1007/1007/1007 
f 1008/1008/1008 1006/1006/1006 1005/1005/1005 
f 1009/1009/1009 1007/1007/1007 1006/1006/1006 
f 1006/1006/1006 1008/1008/1008 1010/1010/1010 
f 1013/1013/1013 1012/1012/1012 1014/1014/1014 
f 1016/1016/1016 1012/1012/1012 1015/1015/1015 
f 1014/1014/1014 1012/1012/1012 1017/1017/1017 
f 1012/1012/1012 1016/1016/1016 1017/1017/1017 
f 1017/1017/1017 1020/1020/1020 1018/1018/1018 
f 1017/1017/1017 1019/1019/1019 1020/1020/1020 
f 1021/1021/1021 1022/1022/1022 1023/1023/1023 
f 1024/1024/1024 1023/1023/1023 1022/1022/1022 
f 1024/1024/1024 1022/1022/1022 1025/1025/1025 
f 1022/1022/1022 1026/1026/1026 1025/1025/1025 
f 1025/1025/1025 1026/1026/1026 1027/1027/1027 
f 1022/1022/1022 1028/1028/1028 1026/1026/1026 
f 1022/1022/1022 1021/1021/1021 1029/1029/1029 
f 1029/1029/1029 1028/1028/1028 1022/1022/1022 
f 1030/1030/1030 1029/1029/1029 1021/1021/1021 
f 1029/1029/1029 1031/1031/1031 1028/1028/1028 
f 1029/1029/1029 1030/1030/1030 1032/1032/1032 
f 1032/1032/1032 1031/1031/1031 1029/1029/1029 
f 1036/1036/1036 1033/1033/1033 1034/1034/1034 
f 1037/1037/1037 1035/1035/1035 1033/1033/1033 
f 1033/1033/1033 1036/1036/1036 1038/1038/1038 
f 1038/1038/1038 1037/1037/1037 1033/1033/1033 
f 1039/1039/1039 1040/1040/1040 1041/1041/1041 
f 1040/1040/1040 1039/1039/1039 1042/1042/1042 
f 1043/1043/1043 1040/1040/1040 1042/1042/1042 
f 1041/1041/1041 1044/1044/1044 1039/1039/1039 
f 1040/1040/1040 1043/1043/1043 1045/1045/1045 
f 1040/1040/1040 1045/1045/1045 1046/1046/1046 
f 1045/1045/1045 1047/1047/1047 1046/1046/1046 
f 1040/1040/1040 1046/1046/1046 1048/1048/1048 
f 1041/1041/1041 1040/1040/1040 1048/1048/1048 
f 1041/1041/1041 1048/1048/1048 1049/1049/1049 
f 1044/1044/1044 1041/1041/1041 1050/1050/1050 
f 1050/1050/1050 1041/1041/1041 1049/1049/1049 
f 1051/1051/1051 1054/1054/1054 1052/1052/1052 
f 1055/1055/1055 1051/1051/1051 1053/1053/1053 
f 1054/1054/1054 1051/1051/1051 1056/1056/1056 
f 1051/1051/1051 1055/1055/1055 1056/1056/1056 
f 1059/1059/1059 1063/1063/1063 1061/1061/1061 
f 1063/1063/1063 1060/1060/1060 1062/1062/1062 
f 1063/1063/1063 1059/1059/1059 1064/1064/1064 
f 1060/1060/1060 1063/1063/1063 1064/1064/1064 
f 1065/1065/1065 1066/1066/1066 1067/1067/1067 
f 1068/1068/1068 1067/1067/1067 1066/1066/1066 
f 1067/1067/1067 1069/1069/1069 1065/1065/1065 
f 1067/1067/1067 1068/1068/1068 1070/1070/1070 
f 1072/1072/1072 1074/1074/1074 1073/1073/1073 
f 1075/1075/1075 1072/1072/1072 1071/1071/1071 
f 1076/1076/1076 1074/1074/1074 1072/1072/1072 
f 1076/1076/1076 1072/1072/1072 1075/1075/1075 
f 1074/1074/1074 1076/1076/1076 1077/1077/1077 
f 1076/1076/1076 1075/1075/1075 1078/1078/1078 
f 1080/1080/1080 1082/1082/1082 1081/1081/1081 
f 1082/1082/1082 1080/1080/1080 1083/1083/1083 
f 1085/1085/1085 1082/1082/1082 1083/1083/1083 
f 1082/1082/1082 1085/1085/1085 1086/1086/1086 
f 1087/1087/1087 1085/1085/1085 1083/1083/1083 
f 1080/1080/1080 1087/1087/1087 1083/1083/1083 
f 1085/1085/1085 1087/1087/1087 1088/1088/1088 
f 1089/1089/1089 1088/1088/1088 1087/1087/1087 
f 1087/1087/1087 1080/1080/1080 1090/1090/1090 
f 1091/1091/1091 1089/1089/1089 1092/1092/1092 
f 1093/1093/1093 1092/1092/1092 1089/1089/1089 
f 1089/1089/1089 1087/1087/1087 1093/1093/1093 
f 1094/1094/1094 1087/1087/1087 1090/1090/1090 
f 1087/1087/1087 1094/1094/1094 1093/1093/1093 
f 1094/1094/1094 1092/1092/1092 1093/1093/1093 
f 1092/1092/1092 1094/1094/1094 1095/1095/1095 
f 1098/1098/1098 1100/1100/1100 1099/1099/1099 
f 1100/1100/1100 1098/1098/1098 1102/1102/1102 
f 1104/1104/1104 1100/1100/1100 1102/1102/1102 
f 1100/1100/1100 1104/1104/1104 1105/1105/1105 
f 1108/1108/1108 1106/1106/1106 1107/1107/1107 
f 1106/1106/1106 1108/1108/1108 1109/1109/1109 
f 1110/1110/1110 1109/1109/1109 1108/1108/1108 
f 1110/1110/1110 1108/1108/1108 1111/1111/1111 
f 1112/1112/1112 1113/1113/1113 1114/1114/1114 
f 1113/1113/1113 1115/1115/1115 1114/1114/1114 
f 1113/1113/1113 1112/1112/1112 1116/1116/1116 
f 1113/1113/1113 1117/1117/1117 1115/1115/1115 
f 1118/1118/1118 1116/1116/1116 1112/1112/1112 
f 1119/1119/1119 1115/1115/1115 1117/1117/1117 
f 1118/1118/1118 1112/1112/1112 1120/1120/1120 
f 1115/1115/1115 1119/1119/1119 1121/1121/1121 
f 1122/1122/1122 1118/1118/1118 1120/1120/1120 
f 1119/1119/1119 1123/1123/1123 1121/1121/1121 
f 1118/1118/1118 1122/1122/1122 1124/1124/1124 
f 1123/1123/1123 1119/1119/1119 1125/1125/1125 
f 1122/1122/1122 1126/1126/1126 1124/1124/1124 
f 1126/1126/1126 1123/1123/1123 1125/1125/1125 
f 1122/1122/1122 1127/1127/1127 1126/1126/1126 
f 1123/1123/1123 1126/1126/1126 1127/1127/1127 
f 1128/1128/1128 1130/1130/1130 1131/1131/1131 
f 1132/1132/1132 1130/1130/1130 1129/1129/1129 
f 1137/1137/1137 1136/1136/1136 1134/1134/1134 
f 1136/1136/1136 1138/1138/1138 1135/1135/1135 
f 1151/1151/1151 1148/1148/1148 1150/1150/1150 
f 1148/1148/1148 1151/1151/1151 1152/1152/1152 
f 1153/1153/1153 1152/1152/1152 1151/1151/1151 
f 1151/1151/1151 1154/1154/1154 1153/1153/1153 
f 1159/1159/1159 1155/1155/1155 1157/1157/1157 
f 1155/1155/1155 1159/1159/1159 1160/1160/1160 
f 1159/1159/1159 1161/1161/1161 1160/1160/1160 
f 1161/1161/1161 1159/1159/1159 1162/1162/1162 
f 1163/1163/1163 1164/1164/1164 1165/1165/1165 
f 1164/1164/1164 1163/1163/1163 1166/1166/1166 
f 1164/1164/1164 1166/1166/1166 1167/1167/1167 
f 1167/1167/1167 1169/1169/1169 1164/1164/1164 
f 1172/1172/1172 1173/1173/1173 1174/1174/1174 
f 1172/1172/1172 1174/1174/1174 1175/1175/1175 
f 1175/1175/1175 1176/1176/1176 1172/1172/1172 
f 1177/1177/1177 1172/1172/1172 1176/1176/1176 
f 1178/1178/1178 1176/1176/1176 1175/1175/1175 
f 1174/1174/1174 1178/1178/1178 1175/1175/1175 
f 1176/1176/1176 1178/1178/1178 1179/1179/1179 
f 1178/1178/1178 1174/1174/1174 1182/1182/1182 
f 1185/1185/1185 1174/1174/1174 1173/1173/1173 
f 1187/1187/1187 1185/1185/1185 1186/1186/1186 
f 1174/1174/1174 1185/1185/1185 1188/1188/1188 
f 1185/1185/1185 1187/1187/1187 1188/1188/1188 
f 1174/1174/1174 1188/1188/1188 1189/1189/1189 
f 1187/1187/1187 1189/1189/1189 1188/1188/1188 
f 1174/1174/1174 1189/1189/1189 1182/1182/1182 
f 1189/1189/1189 1187/1187/1187 1190/1190/1190 
f 1191/1191/1191 1192/1192/1192 1193/1193/1193 
f 1193/1193/1193 1192/1192/1192 1194/1194/1194 
f 1191/1191/1191 1195/1195/1195 1192/1192/1192 
f 1193/1193/1193 1194/1194/1194 1196/1196/1196 
f 1191/1191/1191 1197/1197/1197 1195/1195/1195 
f 1194/1194/1194 1198/1198/1198 1196/1196/1196 
f 1191/1191/1191 1199/1199/1199 1197/1197/1197 
f 1196/1196/1196 1198/1198/1198 1200/1200/1200 
f 1197/1197/1197 1199/1199/1199 1201/1201/1201 
f 1198/1198/1198 1202/1202/1202 1200/1200/1200 
f 1203/1203/1203 1201/1201/1201 1199/1199/1199 
f 1200/1200/1200 1202/1202/1202 1204/1204/1204 
f 1201/1201/1201 1203/1203/1203 1205/1205/1205 
f 1202/1202/1202 1206/1206/1206 1204/1204/1204 
f 1206/1206/1206 1202/1202/1202 1207/1207/1207 
f 1206/1206/1206 1207/1207/1207 1208/1208/1208 
f 1203/1203/1203 1209/1209/1209 1205/1205/1205 
f 1210/1210/1210 1205/1205/1205 1209/1209/1209 
f 1210/1210/1210 1209/1209/1209 1211/1211/1211 
f 1212/1212/1212 1210/1210/1210 1211/1211/1211 
f 1210/1210/1210 1212/1212/1212 1213/1213/1213 
f 1212/1212/1212 1214/1214/1214 1213/1213/1213 
f 1216/1216/1216 1221/1221/1221 1220/1220/1220 
f 1221/1221/1221 1216/1216/1216 1222/1222/1222 
f 1219/1219/1219 1222/1222/1222 1216/1216/1216 
f 1223/1223/1223 1220/1220/1220 1221/1221/1221 
f 1222/1222/1222 1219/1219/1219 1224/1224/1224 
f 1219/1219/1219 1225/1225/1225 1224/1224/1224 
f 1220/1220/1220 1223/1223/1223 1226/1226/1226 
f 1228/1228/1228 1226/1226/1226 1223/1223/1223 
f 1226/1226/1226 1228/1228/1228 1230/1230/1230 
f 1231/1231/1231 1230/1230/1230 1228/1228/1228 
f 1230/1230/1230 1231/1231/1231 1232/1232/1232 
f 1231/1231/1231 1234/1234/1234 1232/1232/1232 
f 1231/1231/1231 1235/1235/1235 1234/1234/1234 
f 1225/1225/1225 1234/1234/1234 1235/1235/1235 
f 1234/1234/1234 1225/1225/1225 1236/1236/1236 
f 1225/1225/1225 1219/1219/1219 1236/1236/1236 
f 1245/1245/1245 1244/1244/1244 1246/1246/1246 
f 1246/1246/1246 1244/1244/1244 1247/1247/1247 
f 1248/1248/1248 1246/1246/1246 1247/1247/1247 
f 1246/1246/1246 1248/1248/1248 1249/1249/1249 
f 1253/1253/1253 1252/1252/1252 1250/1250/1250 
f 1253/1253/1253 1251/1251/1251 1252/1252/1252 
f 1250/1250/1250 1254/1254/1254 1253/1253/1253 
f 1251/1251/1251 1253/1253/1253 1255/1255/1255 
f 1259/1259/1259 1258/1258/1258 1256/1256/1256 
f 1258/1258/1258 1259/1259/1259 1257/1257/1257 
f 1265/1265/1265 1266/1266/1266 1267/1267/1267 
f 1267/1267/1267 1266/1266/1266 1268/1268/1268 
f 1266/1266/1266 1265/1265/1265 1269/1269/1269 
f 1267/1267/1267 1270/1270/1270 1265/1265/1265 
f 1265/1265/1265 1270/1270/1270 1271/1271/1271 
f 1270/1270/1270 1267/1267/1267 1272/1272/1272 
f 1285/1285/1285 1281/1281/1281 1283/1283/1283 
f 1285/1285/1285 1286/1286/1286 1281/1281/1281 
f 1285/1285/1285 1287/1287/1287 1286/1286/1286 
f 1287/1287/1287 1285/1285/1285 1288/1288/1288 
f 1299/1299/1299 1296/1296/1296 1297/1297/1297 
f 1296/1296/1296 1299/1299/1299 1301/1301/1301 
f 1299/1299/1299 1302/1302/1302 1301/1301/1301 
f 1299/1299/1299 1303/1303/1303 1302/1302/1302 
f 1306/1306/1306 1304/1304/1304 1305/1305/1305 
f 1304/1304/1304 1306/1306/1306 1307/1307/1307 
f 1308/1308/1308 1307/1307/1307 1306/1306/1306 
f 1308/1308/1308 1306/1306/1306 1309/1309/1309 
f 1318/1318/1318 1314/1314/1314 1316/1316/1316 
f 1315/1315/1315 1318/1318/1318 1317/1317/1317 
f 1314/1314/1314 1318/1318/1318 1319/1319/1319 
f 1318/1318/1318 1315/1315/1315 1319/1319/1319 
f 1321/1321/1321 1323/1323/1323 1320/1320/1320 
f 1320/1320/1320 1324/1324/1324 1322/1322/1322 
f 1323/1323/1323 1325/1325/1325 1320/1320/1320 
f 1324/1324/1324 1320/1320/1320 1325/1325/1325 
f 1325/1325/1325 1326/1326/1326 1328/1328/1328 
f 1327/1327/1327 1325/1325/1325 1328/1328/1328 
f 1329/1329/1329 1330/1330/1330 1331/1331/1331 
f 1331/1331/1331 1330/1330/1330 1332/1332/1332 
f 1329/1329/1329 1331/1331/1331 1333/1333/1333 
f 1329/1329/1329 1334/1334/1334 1330/1330/1330 
f 1330/1330/1330 1334/1334/1334 1335/1335/1335 
f 1334/1334/1334 1329/1329/1329 1336/1336/1336 
f 1337/1337/1337 1338/1338/1338 1339/1339/1339 
f 1340/1340/1340 1339/1339/1339 1338/1338/1338 
f 1339/1339/1339 1341/1341/1341 1337/1337/1337 
f 1339/1339/1339 1340/1340/1340 1342/1342/1342 
f 1343/1343/1343 1337/1337/1337 1341/1341/1341 
f 1344/1344/1344 1342/1342/1342 1340/1340/1340 
f 1337/1337/1337 1343/1343/1343 1345/1345/1345 
f 1344/1344/1344 1340/1340/1340 1346/1346/1346 
f 1343/1343/1343 1347/1347/1347 1345/1345/1345 
f 1348/1348/1348 1344/1344/1344 1346/1346/1346 
f 1343/1343/1343 1349/1349/1349 1347/1347/1347 
f 1344/1344/1344 1348/1348/1348 1350/1350/1350 
f 1351/1351/1351 1347/1347/1347 1349/1349/1349 
f 1348/1348/1348 1351/1351/1351 1350/1350/1350 
f 1347/1347/1347 1351/1351/1351 1352/1352/1352 
f 1351/1351/1351 1348/1348/1348 1352/1352/1352 
f 1353/1353/1353 1354/1354/1354 1355/1355/1355 
f 1356/1356/1356 1355/1355/1355 1354/1354/1354 
f 1354/1354/1354 1353/1353/1353 1357/1357/1357 
f 1354/1354/1354 1358/1358/1358 1356/1356/1356 
f 1365/1365/1365 1361/1361/1361 1363/1363/1363 
f 1362/1362/1362 1365/1365/1365 1364/1364/1364 
f 1361/1361/1361 1365/1365/1365 1366/1366/1366 
f 1365/1365/1365 1362/1362/1362 1366/1366/1366 
f 1371/1371/1371 1367/1367/1367 1370/1370/1370 
f 1367/1367/1367 1371/1371/1371 1372/1372/1372 
f 1373/1373/1373 1367/1367/1367 1372/1372/1372 
f 1367/1367/1367 1373/1373/1373 1368/1368/1368 
f 1372/1372/1372 1371/1371/1371 1374/1374/1374 
f 1374/1374/1374 1373/1373/1373 1372/1372/1372 
f 1375/1375/1375 1374/1374/1374 1371/1371/1371 
f 1374/1374/1374 1377/1377/1377 1373/1373/1373 
f 1378/1378/1378 1373/1373/1373 1377/1377/1377 
f 1380/1380/1380 1378/1378/1378 1379/1379/1379 
f 1378/1378/1378 1380/1380/1380 1381/1381/1381 
f 1373/1373/1373 1378/1378/1378 1381/1381/1381 
f 1380/1380/1380 1382/1382/1382 1381/1381/1381 
f 1373/1373/1373 1381/1381/1381 1382/1382/1382 
f 1382/1382/1382 1380/1380/1380 1383/1383/1383 
f 1373/1373/1373 1382/1382/1382 1368/1368/1368 
f 1387/1387/1387 1384/1384/1384 1386/1386/1386 
f 1384/1384/1384 1387/1387/1387 1389/1389/1389 
f 1387/1387/1387 1390/1390/1390 1389/1389/1389 
f 1390/1390/1390 1387/1387/1387 1391/1391/1391 
f 1396/1396/1396 1394/1394/1394 1395/1395/1395 
f 1394/1394/1394 1396/1396/1396 1397/1397/1397 
f 1392/1392/1392 1397/1397/1397 1396/1396/1396 
f 1392/1392/1392 1396/1396/1396 1393/1393/1393 
f 1401/1401/1401 1402/1402/1402 1403/1403/1403 
f 1404/1404/1404 1403/1403/1403 1402/1402/1402 
f 1403/1403/1403 1404/1404/1404 1405/1405/1405 
f 1402/1402/1402 1407/1407/1407 1404/1404/1404 
f 1404/1404/1404 1407/1407/1407 1408/1408/1408 
f 1402/1402/1402 1409/1409/1409 1407/1407/1407 
f 1411/1411/1411 1409/1409/1409 1402/1402/1402 
f 1402/1402/1402 1401/1401/1401 1411/1411/1411 
f 1411/1411/1411 1412/1412/1412 1409/1409/1409 
f 1416/1416/1416 1413/1413/1413 1415/1415/1415 
f 1416/1416/1416 1415/1415/1415 1414/1414/1414 
f 1401/1401/1401 1417/1417/1417 1411/1411/1411 
f 1412/1412/1412 1411/1411/1411 1417/1417/1417 
f 1401/1401/1401 1418/1418/1418 1417/1417/1417 
f 1419/1419/1419 1417/1417/1417 1418/1418/1418 
f 1417/1417/1417 1420/1420/1420 1412/1412/1412 
f 1417/1417/1417 1419/1419/1419 1420/1420/1420 
f 1420/1420/1420 1421/1421/1421 1412/1412/1412 
f 1419/1419/1419 1422/1422/1422 1420/1420/1420 
f 1420/1420/1420 1422/1422/1422 1421/1421/1421 
f 1422/1422/1422 1419/1419/1419 1423/1423/1423 
f 1422/1422/1422 1424/1424/1424 1421/1421/1421 
f 1423/1423/1423 1425/1425/1425 1422/1422/1422 
f 1422/1422/1422 1425/1425/1425 1424/1424/1424 
f 1425/1425/1425 1423/1423/1423 1426/1426/1426 
f 1425/1425/1425 1427/1427/1427 1424/1424/1424 
f 1433/1433/1433 1432/1432/1432 1430/1430/1430 
f 1433/1433/1433 1431/1431/1431 1432/1432/1432 
f 1445/1445/1445 1444/1444/1444 1443/1443/1443 
f 1443/1443/1443 1446/1446/1446 1445/1445/1445 
f 1447/1447/1447 1445/1445/1445 1446/1446/1446 
f 1445/1445/1445 1447/1447/1447 1449/1449/1449 
f 1451/1451/1451 1453/1453/1453 1452/1452/1452 
f 1453/1453/1453 1451/1451/1451 1454/1454/1454 
f 1456/1456/1456 1453/1453/1453 1454/1454/1454 
f 1453/1453/1453 1456/1456/1456 1458/1458/1458 
f 1463/1463/1463 1460/1460/1460 1461/1461/1461 
f 1460/1460/1460 1463/1463/1463 1464/1464/1464 
f 1463/1463/1463 1465/1465/1465 1464/1464/1464 
f 1465/1465/1465 1463/1463/1463 1462/1462/1462 
f 1472/1472/1472 1470/1470/1470 1471/1471/1471 
f 1474/1474/1474 1473/1473/1473 1472/1472/1472 
f 1470/1470/1470 1472/1472/1472 1475/1475/1475 
f 1475/1475/1475 1472/1472/1472 1473/1473/1473 
f 1476/1476/1476 1470/1470/1470 1475/1475/1475 
f 1473/1473/1473 1476/1476/1476 1475/1475/1475 
f 1470/1470/1470 1476/1476/1476 1477/1477/1477 
f 1473/1473/1473 1478/1478/1478 1476/1476/1476 
f 1476/1476/1476 1479/1479/1479 1477/1477/1477 
f 1480/1480/1480 1476/1476/1476 1478/1478/1478 
f 1476/1476/1476 1480/1480/1480 1481/1481/1481 
f 1476/1476/1476 1481/1481/1481 1479/1479/1479 
f 1480/1480/1480 1482/1482/1482 1481/1481/1481 
f 1482/1482/1482 1479/1479/1479 1481/1481/1481 
f 1482/1482/1482 1480/1480/1480 1483/1483/1483 
f 1479/1479/1479 1482/1482/1482 1484/1484/1484 
f 1489/1489/1489 1490/1490/1490 1491/1491/1491 
f 1490/1490/1490 1489/1489/1489 1492/1492/1492 
f 1491/1491/1491 1493/1493/1493 1489/1489/1489 
f 1492/1492/1492 1494/1494/1494 1490/1490/1490 
f 1493/1493/1493 1491/1491/1491 1495/1495/1495 
f 1494/1494/1494 1492/1492/1492 1496/1496/1496 
f 1497/1497/1497 1493/1493/1493 1495/1495/1495 
f 1497/1497/1497 1498/1498/1498 1493/1493/1493 
f 1498/1498/1498 1497/1497/1497 1499/1499/1499 
f 1496/1496/1496 1500/1500/1500 1494/1494/1494 
f 1500/1500/1500 1496/1496/1496 1501/1501/1501 
f 1502/1502/1502 1500/1500/1500 1501/1501/1501 
f 1500/1500/1500 1502/1502/1502 1503/1503/1503 
f 1504/1504/1504 1503/1503/1503 1502/1502/1502 
f 1503/1503/1503 1504/1504/1504 1505/1505/1505 
f 1506/1506/1506 1505/1505/1505 1504/1504/1504 
f 1505/1505/1505 1506/1506/1506 1507/1507/1507 
f 1508/1508/1508 1507/1507/1507 1506/1506/1506 
f 1507/1507/1507 1508/1508/1508 1509/1509/1509 
f 1508/1508/1508 1510/1510/1510 1509/1509/1509 
f 1511/1511/1511 1510/1510/1510 1508/1508/1508 
f 1511/1511/1511 1512/1512/1512 1510/1510/1510 
f 1520/1520/1520 1521/1521/1521 1522/1522/1522 
f 1523/1523/1523 1522/1522/1522 1521/1521/1521 
f 1520/1520/1520 1522/1522/1522 1524/1524/1524 
f 1522/1522/1522 1523/1523/1523 1525/1525/1525 
f 1524/1524/1524 1526/1526/1526 1520/1520/1520 
f 1523/1523/1523 1527/1527/1527 1525/1525/1525 
f 1526/1526/1526 1524/1524/1524 1528/1528/1528 
f 1527/1527/1527 1523/1523/1523 1529/1529/1529 
f 1530/1530/1530 1526/1526/1526 1528/1528/1528 
f 1531/1531/1531 1527/1527/1527 1529/1529/1529 
f 1528/1528/1528 1532/1532/1532 1530/1530/1530 
f 1527/1527/1527 1531/1531/1531 1533/1533/1533 
f 1532/1532/1532 1534/1534/1534 1530/1530/1530 
f 1531/1531/1531 1535/1535/1535 1533/1533/1533 
f 1534/1534/1534 1532/1532/1532 1535/1535/1535 
f 1531/1531/1531 1534/1534/1534 1535/1535/1535 
f 1541/1541/1541 1539/1539/1539 1540/1540/1540 
f 1539/1539/1539 1541/1541/1541 1542/1542/1542 
f 1542/1542/1542 1541/1541/1541 1543/1543/1543 
f 1543/1543/1543 1541/1541/1541 1544/1544/1544 

