# Blender 5.2.0 LTS
# www.blender.org
mtllib gingerbread aug better body.mtl
o gingerbread_aug_better_body
v 1.674425 0.266668 -0.051636
v 1.758290 0.142429 0.132300
v 1.758290 0.142429 -0.130738
v 1.674425 0.266668 0.053198
v 1.758290 0.084107 0.105810
v 1.758290 0.084107 -0.104248
v 1.695275 -0.364731 0.105810
v 1.695275 -0.364731 -0.104248
v 1.693278 -0.408976 0.105810
v 1.693278 -0.408976 -0.104248
v 1.687289 -0.452460 0.105810
v 1.687289 -0.452460 -0.104248
v 1.004346 0.223272 -0.060474
v 1.004346 0.160554 -0.019775
v 1.004346 0.160554 -0.098510
v 1.004346 0.223272 -0.019775
v 0.638546 0.340050 -0.019385
v 0.638546 0.340050 0.020532
v 0.638546 0.287212 -0.019385
v 0.638546 0.287212 0.020532
v 0.638546 0.348161 0.025146
v 0.638546 0.348161 -0.023999
v 0.638546 0.369842 0.000586
v 0.638546 0.375382 0.014014
v 0.638546 0.375382 -0.012475
v 0.638546 0.388761 0.019800
v 0.638546 0.388761 -0.018238
v 0.638546 0.402209 0.025146
v 0.638546 0.402209 -0.023999
v 0.638546 0.404086 0.019385
v 0.638546 0.402139 0.014014
v 0.638546 0.412450 0.015161
v 0.638546 0.407681 0.000586
v 0.638546 0.412450 -0.013623
v 0.638546 0.404086 -0.017846
v 0.638546 0.402139 -0.012475
v 0.445702 0.132737 -0.108081
v 0.445702 0.132737 0.108886
v 0.445702 0.076554 -0.086206
v 0.445702 0.076554 0.087354
v 0.445702 0.247142 -0.043970
v 0.445702 0.247142 0.045117
v 0.705055 0.292327 0.028222
v 0.705055 0.292327 -0.027050
v 0.734970 0.247142 0.045117
v 0.734970 0.247142 -0.043970
v 0.653599 0.335854 -0.023999
v 0.653599 0.335854 -0.014014
v 0.673567 0.305932 -0.014014
v 0.673567 0.305932 -0.023999
v 0.673567 0.288756 -0.023999
v 0.673567 0.288756 -0.014014
v 0.653599 0.335854 0.015552
v 0.653599 0.335854 0.025537
v 0.673567 0.305932 0.025537
v 0.673567 0.305932 0.015552
v 0.673567 0.288756 0.015552
v 0.673567 0.288756 0.025537
v -0.253718 0.305932 0.025537
v -0.253718 0.288756 0.015552
v -0.253718 0.305932 0.015552
v -0.253718 0.288756 0.025537
v -0.253718 0.305932 -0.014014
v -0.253718 0.288756 -0.023999
v -0.253718 0.305932 -0.023999
v -0.253718 0.288756 -0.014014
v -0.319112 -0.070354 0.031299
v -0.319112 0.000318 0.031299
v -0.306402 -0.070354 0.000586
v -0.306402 0.000318 0.000586
v -0.319112 -0.070354 -0.029761
v -0.319112 0.000318 -0.029761
v -0.328022 0.389283 0.002490
v -0.324834 0.367982 -0.004028
v -0.328022 0.389283 -0.000952
v -0.324834 0.367982 0.005591
v -0.318497 0.369868 0.000586
v -0.318497 0.347634 -0.023218
v -0.318497 0.375329 -0.012475
v -0.318497 0.390431 -0.023218
v -0.318497 0.388515 -0.017846
v -0.318497 0.390431 -0.017066
v -0.318497 0.340293 -0.019385
v -0.318497 0.340293 0.020532
v -0.318497 0.287039 -0.019385
v -0.318497 0.287039 0.020532
v -0.318497 0.347634 0.024780
v -0.318497 0.375329 0.014014
v -0.318497 0.390431 0.024780
v -0.318497 0.388515 0.019385
v -0.318497 0.390431 0.018652
v -0.402939 0.101375 0.016333
v -0.402939 0.164094 0.091211
v -0.402939 0.101375 0.096973
v -0.402939 0.132737 0.108886
v -0.402939 0.164094 0.016333
v 1.674425 0.266668 -0.051636
v 1.604576 0.266668 -0.051636
v 1.604576 0.266668 0.053198
v 1.674425 0.266668 0.053198
v -0.409429 0.292327 -0.027050
v -0.499207 0.247142 -0.043970
v -0.499207 0.247142 0.045117
v -0.409429 0.292327 0.028222
v 0.445702 0.292327 0.028222
v 0.445702 0.292327 -0.027050
v 0.705055 0.292327 0.028222
v 0.705055 0.292327 -0.027050
v -0.341652 0.390431 -0.023218
v -0.318497 0.390431 -0.017066
v -0.318497 0.390431 -0.023218
v -0.341652 0.390431 -0.017066
v -0.341652 0.390431 0.024780
v -0.318497 0.390431 0.024780
v -0.341652 0.390431 0.018652
v -0.318497 0.390431 0.018652
v -0.328022 0.389283 -0.000952
v -0.331630 0.389283 -0.000952
v -0.331630 0.389283 0.002490
v -0.328022 0.389283 0.002490
v -0.341652 0.375329 0.014014
v -0.318497 0.375329 0.014014
v -0.318497 0.369868 0.000586
v -0.341652 0.369868 0.000586
v -0.341652 0.375329 -0.012475
v -0.318497 0.375329 -0.012475
v 0.553990 0.305932 -0.023999
v 0.553990 0.305932 -0.014014
v 0.593887 0.335854 -0.014014
v 0.593887 0.335854 -0.023999
v 0.653599 0.335854 -0.023999
v 0.653599 0.335854 -0.014014
v 0.553990 0.305932 0.015552
v 0.553990 0.305932 0.025537
v 0.593887 0.335854 0.025537
v 0.593887 0.335854 0.015552
v 0.653599 0.335854 0.015552
v 0.653599 0.335854 0.025537
v -0.253718 0.305932 0.025537
v -0.253718 0.305932 0.015552
v -0.293613 0.335854 0.015552
v -0.293613 0.335854 0.025537
v -0.353326 0.335854 0.025537
v -0.353326 0.335854 0.015552
v -0.253718 0.305932 -0.014014
v -0.253718 0.305932 -0.023999
v -0.293613 0.335854 -0.023999
v -0.293613 0.335854 -0.014014
v -0.353326 0.335854 -0.023999
v -0.353326 0.335854 -0.014014
v 0.616351 0.375382 0.014014
v 0.638546 0.375382 0.014014
v 0.616351 0.369842 0.000586
v 0.638546 0.369842 0.000586
v 0.616351 0.375382 -0.012475
v 0.638546 0.375382 -0.012475
v 1.004346 0.223272 -0.060474
v 0.657707 0.223272 -0.060474
v 0.657707 0.223272 -0.019775
v 1.004346 0.223272 -0.019775
v 0.638546 0.402209 0.025146
v 0.616351 0.402209 0.025146
v 0.638546 0.412450 0.015161
v 0.616351 0.402209 -0.023999
v 0.616351 0.412450 0.015161
v 0.638546 0.402209 -0.023999
v 0.638546 0.412450 -0.013623
v 0.616351 0.412450 -0.013623
v -0.402939 0.101375 0.016333
v 0.281425 0.101375 0.096973
v 0.281425 0.101375 0.016333
v -0.402939 0.101375 0.096973
v -0.514414 0.076554 -0.095801
v -0.260436 0.076554 0.096973
v -0.260436 0.076554 -0.095801
v -0.514414 0.076554 0.096973
v 1.687289 -0.452460 0.105810
v 1.617477 -0.452460 0.105810
v 1.623468 -0.408976 0.105810
v 1.693278 -0.408976 0.105810
v 1.625463 -0.364731 0.105810
v 1.695275 -0.364731 0.105810
v 1.688479 0.084107 0.105810
v 1.604576 0.266668 0.053198
v 1.758290 0.084107 0.105810
v 1.674425 0.266668 0.053198
v 1.758290 0.142429 0.132300
v 1.688479 0.142429 0.132300
v -0.341652 0.375329 -0.012475
v -0.318497 0.375329 -0.012475
v -0.341652 0.388515 -0.017846
v -0.318497 0.388515 -0.017846
v -0.341652 0.390431 -0.017066
v -0.318497 0.390431 -0.017066
v -0.260436 0.076554 0.096973
v -0.464571 -0.004758 0.096973
v -0.260436 -0.004758 0.096973
v -0.514414 0.076554 0.096973
v -0.499207 0.132737 0.108886
v -0.402939 0.101375 0.096973
v -0.402939 0.132737 0.108886
v -0.402939 0.164094 0.091211
v -0.499207 0.076554 0.087354
v -0.499207 0.247142 0.045117
v 0.281425 0.101375 0.096973
v 0.445702 0.076554 0.087354
v 0.445702 0.132737 0.108886
v 0.281425 0.132737 0.108886
v 0.281425 0.164094 0.091211
v 0.445702 0.247142 0.045117
v -0.409429 0.292327 0.028222
v 0.445702 0.292327 0.028222
v 0.705055 0.292327 0.028222
v 0.734970 0.247142 0.045117
v 0.673567 0.288756 0.025537
v 0.653599 0.335854 0.025537
v 0.593887 0.335854 0.025537
v 0.673567 0.305932 0.025537
v 0.553990 0.288756 0.025537
v 0.553990 0.305932 0.025537
v -0.293613 0.335854 0.025537
v -0.373293 0.288756 0.025537
v -0.253718 0.288756 0.025537
v -0.253718 0.305932 0.025537
v -0.353326 0.335854 0.025537
v -0.373293 0.305932 0.025537
v -0.331630 0.389283 0.002490
v -0.334778 0.367982 0.005591
v -0.324834 0.367982 0.005591
v -0.328022 0.389283 0.002490
v -0.402939 0.101375 0.016333
v 0.281425 0.101375 0.016333
v 0.281425 0.164094 0.016333
v -0.402939 0.164094 0.016333
v 0.616351 0.375382 -0.012475
v 0.638546 0.375382 -0.012475
v 0.616351 0.402139 -0.012475
v 0.638546 0.388761 -0.018238
v 0.638546 0.402139 -0.012475
v 0.616351 0.388761 -0.018238
v 0.673567 0.288756 -0.014014
v 0.653599 0.335854 -0.014014
v 0.593887 0.335854 -0.014014
v 0.673567 0.305932 -0.014014
v 0.553990 0.288756 -0.014014
v 0.553990 0.305932 -0.014014
v -0.293613 0.335854 -0.014014
v -0.373293 0.288756 -0.014014
v -0.253718 0.288756 -0.014014
v -0.253718 0.305932 -0.014014
v -0.353326 0.335854 -0.014014
v -0.373293 0.305932 -0.014014
v 1.004346 0.223272 -0.019775
v 0.657707 0.223272 -0.019775
v 1.004346 0.160554 -0.019775
v 0.657707 0.160554 -0.019775
v -0.380398 0.000318 0.031299
v -0.380398 -0.070354 0.031299
v -0.349754 -0.070354 0.043970
v -0.349754 0.000318 0.043970
v -0.319112 -0.070354 0.031299
v -0.319112 0.000318 0.031299
v 0.616351 0.340050 0.020532
v 0.616351 0.287212 0.020532
v 0.638546 0.287212 0.020532
v 0.638546 0.340050 0.020532
v 0.638546 0.348161 0.025146
v 0.616351 0.348161 0.025146
v 0.638546 0.402209 0.025146
v 0.616351 0.402209 0.025146
v -0.341652 0.340293 0.020532
v -0.341652 0.287039 0.020532
v -0.318497 0.287039 0.020532
v -0.318497 0.340293 0.020532
v -0.318497 0.347634 0.024780
v -0.341652 0.347634 0.024780
v -0.318497 0.390431 0.024780
v -0.341652 0.390431 0.024780
v -0.464571 -0.004758 -0.095801
v -0.514414 0.076554 0.096973
v -0.514414 0.076554 -0.095801
v -0.464571 -0.004758 0.096973
v -0.331630 0.389283 -0.000952
v -0.334778 0.367982 -0.004028
v -0.334778 0.367982 0.005591
v -0.331630 0.389283 0.002490
v -0.341652 0.340293 -0.019385
v -0.341652 0.369868 0.000586
v -0.341652 0.347634 -0.023218
v -0.341652 0.375329 -0.012475
v -0.341652 0.390431 -0.023218
v -0.341652 0.388515 -0.017846
v -0.341652 0.390431 -0.017066
v -0.341652 0.340293 0.020532
v -0.341652 0.287039 -0.019385
v -0.341652 0.287039 0.020532
v -0.341652 0.347634 0.024780
v -0.341652 0.375329 0.014014
v -0.341652 0.390431 0.024780
v -0.341652 0.388515 0.019385
v -0.341652 0.390431 0.018652
v -0.499207 0.247142 -0.043970
v -0.499207 0.247142 0.045117
v -0.499207 0.132737 0.108886
v -0.499207 0.132737 -0.108081
v -0.499207 0.076554 -0.086206
v -0.499207 0.076554 0.087354
v 0.553990 0.305932 -0.023999
v 0.553990 0.288756 -0.023999
v 0.553990 0.288756 -0.014014
v 0.553990 0.305932 -0.014014
v 0.553990 0.305932 0.015552
v 0.553990 0.288756 0.015552
v 0.553990 0.288756 0.025537
v 0.553990 0.305932 0.025537
v -0.353326 0.335854 0.025537
v -0.353326 0.335854 0.015552
v -0.373293 0.305932 0.015552
v -0.373293 0.305932 0.025537
v -0.373293 0.288756 0.025537
v -0.373293 0.288756 0.015552
v -0.353326 0.335854 -0.023999
v -0.353326 0.335854 -0.014014
v -0.373293 0.305932 -0.023999
v -0.373293 0.305932 -0.014014
v -0.373293 0.288756 -0.014014
v -0.373293 0.288756 -0.023999
v 0.281425 0.101375 0.016333
v 0.281425 0.164094 0.091211
v 0.281425 0.164094 0.016333
v 0.281425 0.101375 0.096973
v 0.281425 0.132737 0.108886
v -0.380398 0.000318 0.031299
v -0.380398 -0.070354 0.031299
v -0.393070 0.000318 0.000586
v -0.393070 -0.070354 0.000586
v -0.380398 0.000318 -0.029761
v -0.380398 -0.070354 -0.029761
v 0.616351 0.340050 -0.019385
v 0.616351 0.287212 -0.019385
v 0.616351 0.287212 0.020532
v 0.616351 0.340050 0.020532
v 0.616351 0.348161 -0.023999
v 0.616351 0.348161 0.025146
v 0.616351 0.369842 0.000586
v 0.616351 0.375382 0.014014
v 0.616351 0.375382 -0.012475
v 0.616351 0.388761 0.019800
v 0.616351 0.388761 -0.018238
v 0.616351 0.402209 0.025146
v 0.616351 0.402209 -0.023999
v 0.616351 0.404086 0.019385
v 0.616351 0.402139 0.014014
v 0.616351 0.412450 0.015161
v 0.616351 0.407681 0.000586
v 0.616351 0.412450 -0.013623
v 0.616351 0.404086 -0.017846
v 0.616351 0.402139 -0.012475
v 0.657707 0.223272 -0.060474
v 0.657707 0.160554 -0.098510
v 0.657707 0.160554 -0.019775
v 0.657707 0.223272 -0.019775
v 1.604576 0.266668 -0.051636
v 1.688479 0.142429 0.132300
v 1.604576 0.266668 0.053198
v 1.688479 0.142429 -0.130738
v 1.688479 0.084107 0.105810
v 1.688479 0.084107 -0.104248
v 1.625463 -0.364731 0.105810
v 1.625463 -0.364731 -0.104248
v 1.623468 -0.408976 0.105810
v 1.623468 -0.408976 -0.104248
v 1.617477 -0.452460 0.105810
v 1.617477 -0.452460 -0.104248
v 1.687289 -0.452460 -0.104248
v 1.617477 -0.452460 -0.104248
v 1.687289 -0.452460 0.105810
v 1.617477 -0.452460 0.105810
v -0.464571 -0.004758 -0.095801
v -0.260436 -0.004758 -0.095801
v -0.464571 -0.004758 0.096973
v -0.260436 -0.004758 0.096973
v 0.445702 0.247142 -0.043970
v 0.445702 0.247142 0.045117
v 0.734970 0.247142 -0.043970
v 0.734970 0.247142 0.045117
v 0.445702 0.076554 0.087354
v -0.499207 0.076554 0.087354
v 0.445702 0.076554 -0.086206
v -0.499207 0.076554 -0.086206
v 0.657707 0.160554 -0.098510
v 1.004346 0.160554 -0.098510
v 1.004346 0.160554 -0.019775
v 0.657707 0.160554 -0.019775
v -0.402939 0.164094 0.016333
v 0.281425 0.164094 0.016333
v 0.281425 0.164094 0.091211
v -0.402939 0.164094 0.091211
v 0.638546 0.402139 0.014014
v 0.616351 0.402139 0.014014
v 0.616351 0.407681 0.000586
v 0.638546 0.407681 0.000586
v 0.616351 0.402139 -0.012475
v 0.638546 0.402139 -0.012475
v 0.616351 0.287212 0.020532
v 0.638546 0.287212 0.020532
v 0.616351 0.287212 -0.019385
v 0.638546 0.287212 -0.019385
v -0.341652 0.287039 0.020532
v -0.318497 0.287039 0.020532
v -0.341652 0.287039 -0.019385
v -0.318497 0.287039 -0.019385
v 1.623468 -0.408976 -0.104248
v 1.693278 -0.408976 -0.104248
v 1.687289 -0.452460 -0.104248
v 1.625463 -0.364731 -0.104248
v 1.617477 -0.452460 -0.104248
v 1.695275 -0.364731 -0.104248
v 1.688479 0.084107 -0.104248
v 1.758290 0.084107 -0.104248
v 1.688479 0.142429 -0.130738
v 1.758290 0.142429 -0.130738
v 1.674425 0.266668 -0.051636
v 1.604576 0.266668 -0.051636
v -0.318497 0.388515 0.019385
v -0.341652 0.375329 0.014014
v -0.341652 0.388515 0.019385
v -0.318497 0.390431 0.018652
v -0.341652 0.390431 0.018652
v -0.318497 0.375329 0.014014
v -0.260436 -0.004758 -0.095801
v -0.464571 -0.004758 -0.095801
v -0.260436 0.076554 -0.095801
v -0.514414 0.076554 -0.095801
v 0.705055 0.292327 -0.027050
v 0.445702 0.247142 -0.043970
v 0.445702 0.292327 -0.027050
v 0.734970 0.247142 -0.043970
v -0.409429 0.292327 -0.027050
v -0.499207 0.247142 -0.043970
v -0.499207 0.132737 -0.108081
v 0.445702 0.132737 -0.108081
v -0.499207 0.076554 -0.086206
v 0.445702 0.076554 -0.086206
v 1.004346 0.223272 -0.060474
v 0.657707 0.160554 -0.098510
v 0.657707 0.223272 -0.060474
v 1.004346 0.160554 -0.098510
v 0.653599 0.335854 -0.023999
v 0.673567 0.288756 -0.023999
v 0.593887 0.335854 -0.023999
v 0.673567 0.305932 -0.023999
v 0.553990 0.288756 -0.023999
v 0.553990 0.305932 -0.023999
v -0.253718 0.288756 -0.023999
v -0.293613 0.335854 -0.023999
v -0.253718 0.305932 -0.023999
v -0.373293 0.288756 -0.023999
v -0.353326 0.335854 -0.023999
v -0.373293 0.305932 -0.023999
v -0.334778 0.367982 -0.004028
v -0.328022 0.389283 -0.000952
v -0.324834 0.367982 -0.004028
v -0.331630 0.389283 -0.000952
v 0.638546 0.388761 0.019800
v 0.616351 0.375382 0.014014
v 0.616351 0.388761 0.019800
v 0.638546 0.375382 0.014014
v 0.638546 0.402139 0.014014
v 0.616351 0.402139 0.014014
v 0.653599 0.335854 0.015552
v 0.673567 0.288756 0.015552
v 0.593887 0.335854 0.015552
v 0.673567 0.305932 0.015552
v 0.553990 0.288756 0.015552
v 0.553990 0.305932 0.015552
v -0.253718 0.288756 0.015552
v -0.293613 0.335854 0.015552
v -0.253718 0.305932 0.015552
v -0.373293 0.288756 0.015552
v -0.353326 0.335854 0.015552
v -0.373293 0.305932 0.015552
v -0.380398 0.000318 -0.029761
v -0.380398 -0.070354 -0.029761
v -0.349754 0.000318 -0.042407
v -0.349754 -0.070354 -0.042407
v -0.319112 -0.070354 -0.029761
v -0.319112 0.000318 -0.029761
v 0.616351 0.287212 -0.019385
v 0.638546 0.287212 -0.019385
v 0.638546 0.340050 -0.019385
v 0.616351 0.340050 -0.019385
v 0.616351 0.348161 -0.023999
v 0.638546 0.348161 -0.023999
v 0.616351 0.402209 -0.023999
v 0.638546 0.402209 -0.023999
v -0.341652 0.287039 -0.019385
v -0.318497 0.287039 -0.019385
v -0.318497 0.340293 -0.019385
v -0.341652 0.340293 -0.019385
v -0.341652 0.347634 -0.023218
v -0.318497 0.347634 -0.023218
v -0.341652 0.390431 -0.023218
v -0.318497 0.390431 -0.023218
v -0.164936 0.247207 0.098902
v -0.199764 0.197068 0.117700
v -0.194773 0.182480 0.095434
v -0.177991 0.237573 0.073169
v -0.198958 0.186546 0.075464
v 0.234347 0.225499 -0.063159
v 0.499077 0.265589 -0.038965
v 0.486674 0.243371 -0.048950
v 0.499691 0.267586 -0.065088
v 0.498655 0.200931 -0.058154
v 0.512248 0.201902 -0.076978
v 0.499960 0.211403 -0.097339
v 0.485330 0.267839 -0.091186
v 0.347436 0.252648 -0.081592
v 0.333113 0.238997 -0.054712
v 0.334418 0.270731 -0.101562
v 0.325549 0.213035 -0.083130
v 0.319098 0.211702 -0.058935
v 0.319827 0.219950 -0.099658
v 0.237497 0.234278 -0.096167
v 0.233810 0.263850 -0.111938
v 0.199866 0.199038 -0.160302
v 0.207161 0.179323 -0.147656
v 0.200978 0.172281 -0.123462
v 0.142840 0.158753 -0.158789
v 0.102136 0.121205 -0.175683
v 0.096452 0.133589 -0.191406
v -0.069702 0.251231 -0.101172
v -0.071202 0.222627 -0.053565
v -0.058759 0.230269 -0.082349
v -0.099117 0.177684 -0.083886
v -0.112981 0.179442 -0.100390
v -0.104839 0.177787 -0.058935
v 1.694392 0.268688 -0.070068
v 1.702917 0.253823 0.099267
v 1.706566 0.216822 0.136914
v 1.702303 0.259230 0.063550
v 1.721809 0.233629 0.084692
v 1.721809 0.228702 0.010962
v 1.727763 0.200536 0.119629
v 1.696582 0.214514 0.070459
v 1.698579 0.160158 0.165308
v 1.718854 0.149851 0.143042
v 1.668741 0.101932 0.175293
v 1.705183 0.161391 0.115796
v 1.682835 0.096026 0.152270
v 1.650426 0.070172 0.131518
v 1.295839 0.177046 -0.081982
v 1.276102 0.082798 -0.095019
v 1.311200 0.184522 -0.107300
v 1.330437 0.214402 -0.097730
v 1.283819 0.080590 -0.117285
v 1.264082 0.075882 -0.138818
v 1.285279 0.124822 -0.141504
v 1.309202 0.233364 -0.118457
v 1.556537 0.189496 -0.068921
v 1.554425 0.185763 -0.098510
v 1.512376 0.075943 -0.088110
v 1.512300 0.085708 -0.131909
v 1.561836 0.217524 -0.121534
v 1.518635 0.066132 -0.111938
v 1.315001 0.204890 -0.069702
v 1.168735 0.146964 0.132300
v 1.208631 0.181397 0.110034
v 1.161824 0.162531 0.148804
v 1.438763 0.170250 0.086206
v 1.453778 0.173471 0.118872
v 1.409850 0.099651 0.113086
v 1.415225 0.100119 0.135351
v 1.403359 0.116370 0.154566
v 0.496313 0.292342 0.089282
v 0.541049 0.338438 0.014014
v 0.518278 0.335957 -0.034742
v 0.445471 0.234811 0.118091
v 0.534443 0.292891 0.037842
v 0.550841 0.315447 0.004419
v 0.540396 0.313390 -0.022851
v 0.540242 0.295003 -0.002490
v 0.508562 0.318562 -0.055493
v 0.514821 0.263150 0.033984
v 0.489285 0.257234 0.081982
v 0.464671 0.237707 0.060864
v 0.441899 0.199487 0.094678
v 0.431532 0.208304 0.113477
v 0.339448 0.189653 0.127295
v 0.352504 0.172665 0.100415
v 0.431993 0.198842 0.072778
v 0.302585 0.138301 0.143823
v 0.295366 0.123590 0.093506
v 0.305234 0.123666 0.127686
v 0.293100 0.113552 0.108472
v 0.846866 0.177027 -0.112695
v 0.829050 0.178037 -0.134594
v 0.870752 0.231670 -0.119995
v 1.713208 0.240748 -0.073535
v 1.689554 0.248114 -0.103491
v 1.686366 0.208585 -0.098877
v 1.631302 0.180246 -0.132666
v 1.627691 0.160988 -0.113842
v 0.462751 0.275090 0.002490
v 0.029023 0.275769 0.007105
v 0.300895 0.288740 0.014404
v 0.291602 0.290357 0.019385
v 0.147755 0.306062 0.101587
v -0.066515 0.303306 0.100806
v -0.054804 0.325182 0.073169
v 0.050027 0.351451 0.023633
v -0.224954 0.305986 0.103101
v -0.089289 0.352688 0.024780
v -0.247034 0.328300 0.066650
v -0.254062 0.297042 0.102344
v 0.069343 0.348990 -0.001734
v -0.282823 0.320793 0.063183
v -0.236820 0.341544 0.025537
v -0.284398 0.327421 0.012110
v -0.115323 0.353153 0.000977
v -0.241929 0.338111 -0.011718
v -0.279981 0.308705 -0.042407
v -0.163053 0.337462 -0.040112
v -0.229102 0.307502 -0.076611
v 0.001643 0.317256 -0.056641
v -0.097812 0.295756 -0.082739
v 0.042463 0.293736 -0.088526
v 0.276242 0.331783 -0.052026
v -0.246689 0.285230 -0.088892
v 0.458989 0.299358 -0.083886
v 0.315448 0.302783 -0.087354
v 0.220256 0.299058 -0.090039
v 0.093342 0.237580 -0.148804
v 0.820102 0.260044 -0.103101
v 0.783737 0.248962 -0.101562
v 0.813190 0.276080 -0.073535
v 0.763539 0.279670 -0.042822
v 1.126072 0.266142 -0.103858
v 0.808044 0.288187 -0.029370
v 0.754168 0.289128 0.020166
v 1.179026 0.308613 -0.031690
v 0.922552 0.292622 0.017481
v 0.911264 0.280953 0.059326
v 1.076346 0.289754 0.062793
v 1.074232 0.262421 0.101953
v 1.096926 0.305998 0.017481
v 1.270994 0.294850 0.094678
v 1.242540 0.298222 -0.064306
v 1.287507 0.327064 0.058960
v 1.301330 0.337497 0.021704
v 1.351442 0.326258 -0.025903
v 1.382815 0.323607 0.060864
v 1.463455 0.324763 0.016724
v 1.429701 0.305648 -0.070068
v 1.436883 0.323846 -0.023999
v 1.328557 0.268910 -0.103491
v 1.641747 0.278495 -0.076221
v 1.694392 0.268688 -0.070068
v 1.646547 0.278634 0.071631
v 1.476703 0.272854 -0.102710
v 1.434041 0.287711 0.096606
v 1.652383 0.259902 0.110400
v 1.702917 0.253823 0.099267
v 1.706566 0.216822 0.136914
v 1.702303 0.259230 0.063550
v 0.502342 0.351071 0.010181
v 0.291026 0.358790 0.037426
v 0.493394 0.332182 0.048584
v 0.252012 0.304108 0.097754
v 0.484063 0.303402 0.087354
v 0.496313 0.292342 0.089282
v 0.541049 0.338438 0.014014
v 0.518278 0.335957 -0.034742
v 0.271750 0.361593 0.017481
v 0.430034 0.333189 -0.039331
v 0.508562 0.318562 -0.055493
v 0.901817 0.257998 0.098902
v 0.777208 0.253439 0.134986
v 0.910802 0.225964 0.135351
v 0.759658 0.281368 0.068164
v 0.752940 0.243566 0.117310
v 0.731243 0.263650 0.030151
v 0.793605 0.231163 0.154566
v 1.689554 0.248114 -0.103491
v 1.632684 0.263339 -0.104248
v 0.203204 0.239235 0.098902
v 0.462751 0.275090 0.002490
v 0.029023 0.275769 0.007105
v 0.291602 0.290357 0.019385
v 0.146334 0.267566 0.105030
v 0.222482 0.272190 0.118872
v 0.145682 0.290403 0.113477
v 0.147755 0.306062 0.101587
v 0.071954 0.269099 0.118091
v 0.090771 0.243847 0.101587
v 0.016429 0.210922 0.123853
v 0.024223 0.187269 0.095825
v -0.001082 0.190802 0.116162
v -0.036872 0.202437 0.117310
v -0.079534 0.249319 0.098486
v -0.077921 0.278434 0.113867
v 0.005291 0.271103 0.121167
v -0.066515 0.303306 0.100806
v -0.122849 0.259918 0.099267
v -0.175763 0.271733 0.117700
v -0.224954 0.305986 0.103101
v -0.164936 0.247207 0.098902
v -0.217082 0.276698 0.120776
v -0.254062 0.297042 0.102344
v -0.214165 0.230196 0.126514
v -0.199764 0.197068 0.117700
v -0.213857 0.190743 0.116943
v -0.232097 0.208949 0.118091
v -0.090978 0.279754 0.004810
v -0.214817 0.245494 -0.040894
v -0.174190 0.225166 -0.054322
v -0.121312 0.237019 -0.038598
v 0.120376 0.270178 0.005591
v 0.297285 0.285538 0.020166
v 0.262956 0.259610 -0.023608
v 0.358955 0.252441 -0.033594
v 0.234347 0.225499 -0.063159
v 0.287722 0.233479 -0.048169
v 0.398930 0.236056 -0.053174
v 0.002220 0.242776 -0.032837
v 0.450041 0.242653 -0.039746
v 0.499077 0.265589 -0.038965
v 0.486674 0.243371 -0.048950
v 0.464441 0.196746 -0.053174
v 0.498655 0.200931 -0.058154
v 0.424734 0.201838 -0.058935
v 0.333113 0.238997 -0.054712
v 0.319098 0.211702 -0.058935
v 0.303658 0.207374 -0.055859
v 0.264261 0.220178 -0.062769
v 0.187808 0.200409 -0.082739
v 0.127403 0.151026 -0.128052
v 0.082361 0.161940 -0.112305
v 0.095570 0.114962 -0.149951
v 0.078213 0.111229 -0.146875
v 0.053828 0.118955 -0.149561
v 0.039007 0.191918 -0.103101
v 0.030865 0.220884 -0.068554
v -0.071202 0.222627 -0.053565
v -0.104839 0.177787 -0.058935
v -0.122388 0.173379 -0.054712
v -0.141512 0.178206 -0.058935
v 0.876319 0.195832 -0.076611
v 1.042899 0.211545 -0.053565
v 1.074232 0.262421 0.101953
v 1.270994 0.294850 0.094678
v 1.434041 0.287711 0.096606
v 1.365689 0.247787 0.120019
v 1.652383 0.259902 0.110400
v 1.635257 0.215581 0.151098
v 1.706566 0.216822 0.136914
v 1.641131 0.164901 0.173779
v 1.698579 0.160158 0.165308
v 1.718854 0.149851 0.143042
v 1.668741 0.101932 0.175293
v 1.565291 0.167600 0.166455
v 1.628192 0.103322 0.184131
v 1.621586 0.057810 0.174146
v 1.594629 0.071243 0.176441
v 1.061369 0.198950 -0.073145
v 1.101881 0.160162 -0.091186
v 1.114015 0.194011 -0.066626
v 1.242310 0.205582 -0.058154
v 1.194424 0.139014 -0.087354
v 1.248300 0.146503 -0.077368
v 1.295839 0.177046 -0.081982
v 1.233900 0.080140 -0.094262
v 1.253675 0.075336 -0.090039
v 1.276102 0.082798 -0.095019
v 1.534726 0.224290 -0.045117
v 1.556537 0.189496 -0.068921
v 1.628230 0.210911 -0.058154
v 1.512376 0.075943 -0.088110
v 1.496211 0.062411 -0.087354
v 1.495174 0.185057 -0.061621
v 1.477318 0.078370 -0.088526
v 1.437613 0.194354 -0.068140
v 1.378937 0.214551 -0.065088
v 1.315001 0.204890 -0.069702
v 1.094278 0.150412 0.139966
v 1.131410 0.139118 0.134619
v 1.135097 0.160097 0.153809
v 1.168735 0.146964 0.132300
v 1.208631 0.181397 0.110034
v 1.161824 0.162531 0.148804
v 1.123155 0.231348 0.130762
v 1.192275 0.205911 0.131909
v 1.223800 0.248228 0.118457
v 1.253291 0.196680 0.125000
v 1.253982 0.171167 0.105810
v 1.314233 0.172027 0.132690
v 1.298643 0.144602 0.109253
v 1.453778 0.173471 0.118872
v 1.345527 0.104071 0.152270
v 1.378207 0.085378 0.141138
v 1.376556 0.109900 0.160718
v 1.415225 0.100119 0.135351
v 1.403359 0.116370 0.154566
v 1.436000 0.196024 0.137671
v 1.497670 0.197978 0.145752
v 0.252012 0.304108 0.097754
v 0.484063 0.303402 0.087354
v 0.496313 0.292342 0.089282
v 0.400429 0.268754 0.119238
v 0.445471 0.234811 0.118091
v 0.285997 0.202732 0.134204
v 0.431532 0.208304 0.113477
v 0.339448 0.189653 0.127295
v 0.302585 0.138301 0.143823
v 0.305234 0.123666 0.127686
v 0.284651 0.135601 0.149585
v 0.284460 0.115595 0.132690
v 0.265260 0.137456 0.143433
v 0.237880 0.214198 0.121924
v 0.254507 0.126846 0.119629
v 0.777208 0.253439 0.134986
v 0.910802 0.225964 0.135351
v 0.752940 0.243566 0.117310
v 0.774136 0.225131 0.143823
v 0.793605 0.231163 0.154566
v 0.768530 0.207252 0.123462
v 0.812346 0.193351 0.154956
v 0.898515 0.191150 0.156885
v 0.883960 0.166486 0.150342
v 1.052459 0.175649 0.120019
v 1.063020 0.202932 0.137671
v 0.783737 0.211054 -0.070459
v 0.821676 0.201599 -0.063159
v 0.821062 0.172319 -0.078906
v 0.802246 0.164747 -0.092334
v 0.830086 0.160027 -0.093115
v 1.546282 0.143600 0.145337
v 1.498361 0.174190 0.129224
v 1.689095 0.220342 -0.062012
v 1.651039 0.177115 -0.084278
v 1.609914 0.153404 -0.089258
v 1.585607 0.159256 -0.094262
v 1.579960 0.176102 -0.082739
v 0.240031 0.185606 0.077368
v 0.203204 0.239235 0.098902
v 0.210886 0.234224 0.073169
v -0.036872 0.202437 0.117310
v -0.036795 0.191262 0.075854
v -0.061718 0.237772 0.071997
v -0.048238 0.192882 0.098902
v -0.079534 0.249319 0.098486
v -0.254062 0.297042 0.102344
v -0.232097 0.208949 0.118091
v -0.221346 0.244166 0.063941
v -0.232059 0.192978 0.076221
v -0.234938 0.190982 0.095044
v -0.260744 0.273507 0.092358
v -0.253178 0.255118 0.072388
v -0.229831 0.256930 0.052417
v -0.299567 0.299592 0.048194
v -0.284859 0.275466 0.040137
v -0.234209 0.268396 0.019800
v -0.282823 0.320793 0.063183
v -0.298798 0.300986 0.014014
v -0.284398 0.327421 0.012110
v -0.279981 0.308705 -0.042407
v -0.246689 0.285230 -0.088892
v -0.258171 0.267033 -0.075830
v -0.184597 0.233483 -0.082739
v -0.293575 0.283633 -0.029761
v -0.249031 0.250279 -0.056250
v -0.281018 0.277063 0.010962
v -0.275489 0.261618 -0.025146
v -0.174190 0.225166 -0.054322
v 0.398930 0.236056 -0.053174
v 0.424734 0.201838 -0.058935
v 0.415135 0.203278 -0.078906
v 0.426270 0.214951 -0.102710
v 0.381074 0.245974 -0.082349
v 0.304312 0.204406 -0.078540
v 0.302853 0.214068 -0.100806
v 0.289030 0.236470 -0.109643
v 0.067078 0.126862 -0.191797
v 0.053828 0.118955 -0.149561
v 0.047264 0.125847 -0.171070
v 0.047839 0.158914 -0.184888
v 0.027218 0.260206 -0.112695
v 0.025682 0.199649 -0.129590
v 0.039007 0.191918 -0.103101
v 0.010361 0.236210 -0.098510
v 0.030865 0.220884 -0.068554
v -0.140322 0.189465 -0.103101
v -0.141512 0.178206 -0.058935
v -0.143892 0.175222 -0.079687
v 0.783737 0.248962 -0.101562
v 0.763539 0.279670 -0.042822
v 0.754168 0.289128 0.020166
v 1.594629 0.071243 0.176441
v 1.194424 0.139014 -0.087354
v 1.180716 0.135943 -0.116553
v 1.233900 0.080140 -0.094262
v 1.230903 0.073874 -0.116138
v 1.234899 0.085243 -0.140332
v 1.194693 0.153938 -0.142261
v 1.561836 0.217524 -0.121534
v 1.496173 0.043030 -0.114624
v 1.477318 0.078370 -0.088526
v 1.475475 0.065106 -0.112695
v 1.477740 0.095223 -0.132666
v 1.424249 0.196761 -0.096582
v 1.437613 0.194354 -0.068140
v 1.438072 0.223418 -0.117285
v 1.314233 0.172027 0.132690
v 1.298643 0.144602 0.109253
v 1.316883 0.148312 0.080078
v 1.348448 0.090708 0.111182
v 1.340921 0.090904 0.136499
v 1.345527 0.104071 0.152270
v 0.265260 0.137456 0.143433
v 0.237880 0.214198 0.121924
v 0.254507 0.126846 0.119629
v 0.264030 0.121697 0.101953
v 0.759658 0.281368 0.068164
v 0.752940 0.243566 0.117310
v 0.731243 0.263650 0.030151
v 0.774136 0.225131 0.143823
v 0.768530 0.207252 0.123462
v 0.812346 0.193351 0.154956
v 0.750290 0.231159 0.065869
v 0.805087 0.179546 0.133057
v 0.753592 0.237618 -0.016309
v 0.742572 0.259030 -0.023608
v 0.783737 0.211054 -0.070459
v 0.802246 0.164747 -0.092334
v 0.797291 0.169343 -0.113086
v 0.770988 0.232538 -0.083886
v 0.801785 0.186143 -0.132666
v 1.583801 0.061835 0.156470
v 1.594821 0.062499 0.132300
v 1.546282 0.143600 0.145337
v 1.565599 0.143692 0.115381
v 1.594091 0.168526 -0.133814
v 1.589907 0.154494 -0.115771
v 1.568632 0.184227 -0.105786
v 1.585607 0.159256 -0.094262
v 1.579960 0.176102 -0.082739
v 0.417631 0.231060 0.056665
v 0.282042 0.232642 0.057398
v 0.482643 0.249646 0.037061
v 0.203204 0.239235 0.098902
v 0.210886 0.234224 0.073169
v 0.230278 0.257226 0.038990
v 0.271058 0.275742 0.018652
v 0.163884 0.248931 0.081982
v 0.462751 0.275090 0.002490
v 0.505722 0.279582 -0.001318
v 0.183466 0.249254 0.055102
v 0.029023 0.275769 0.007105
v 0.146334 0.267566 0.105030
v 0.111775 0.246435 0.082373
v 0.090771 0.243847 0.101587
v 0.093496 0.249622 0.056250
v 0.073144 0.232385 0.075854
v 0.024223 0.187269 0.095825
v -0.001082 0.190802 0.116162
v -0.050810 0.249288 0.050903
v 0.006327 0.229516 0.065088
v 0.020613 0.188920 0.076636
v -0.018823 0.178463 0.093897
v -0.036872 0.202437 0.117310
v -0.013026 0.184654 0.071997
v -0.036795 0.191262 0.075854
v -0.061718 0.237772 0.071997
v -0.048238 0.192882 0.098902
v -0.079534 0.249319 0.098486
v -0.122925 0.247249 0.074707
v -0.077921 0.278434 0.113867
v -0.122849 0.259918 0.099267
v -0.175763 0.271733 0.117700
v -0.164936 0.247207 0.098902
v -0.199764 0.197068 0.117700
v -0.213857 0.190743 0.116943
v -0.232097 0.208949 0.118091
v -0.213973 0.175050 0.093897
v -0.194773 0.182480 0.095434
v -0.177991 0.237573 0.073169
v -0.198958 0.186546 0.075464
v -0.221346 0.244166 0.063941
v -0.214817 0.183958 0.071240
v -0.232059 0.192978 0.076221
v -0.234938 0.190982 0.095044
v -0.253178 0.255118 0.072388
v -0.229831 0.256930 0.052417
v -0.284859 0.275466 0.040137
v -0.234209 0.268396 0.019800
v -0.258171 0.267033 -0.075830
v -0.184597 0.233483 -0.082739
v -0.293575 0.283633 -0.029761
v -0.249031 0.250279 -0.056250
v -0.281018 0.277063 0.010962
v -0.275489 0.261618 -0.025146
v -0.243311 0.268112 0.000977
v -0.090978 0.279754 0.004810
v -0.214817 0.245494 -0.040894
v -0.174190 0.225166 -0.054322
v -0.121312 0.237019 -0.038598
v 0.120376 0.270178 0.005591
v 0.297285 0.285538 0.020166
v 0.262956 0.259610 -0.023608
v 0.358955 0.252441 -0.033594
v 0.234347 0.225499 -0.063159
v 0.287722 0.233479 -0.048169
v 0.398930 0.236056 -0.053174
v 0.002220 0.242776 -0.032837
v 0.450041 0.242653 -0.039746
v 0.499077 0.265589 -0.038965
v 0.464441 0.196746 -0.053174
v 0.498655 0.200931 -0.058154
v 0.512248 0.201902 -0.076978
v 0.499960 0.211403 -0.097339
v 0.472313 0.191239 -0.077758
v 0.424734 0.201838 -0.058935
v 0.467705 0.203892 -0.100390
v 0.415135 0.203278 -0.078906
v 0.426270 0.214951 -0.102710
v 0.381074 0.245974 -0.082349
v 0.365791 0.244523 -0.056641
v 0.347436 0.252648 -0.081592
v 0.333113 0.238997 -0.054712
v 0.325549 0.213035 -0.083130
v 0.319098 0.211702 -0.058935
v 0.303658 0.207374 -0.055859
v 0.304312 0.204406 -0.078540
v 0.319827 0.219950 -0.099658
v 0.264261 0.220178 -0.062769
v 0.302853 0.214068 -0.100806
v 0.289030 0.236470 -0.109643
v 0.237497 0.234278 -0.096167
v 0.207161 0.179323 -0.147656
v 0.200978 0.172281 -0.123462
v 0.142840 0.158753 -0.158789
v 0.187808 0.200409 -0.082739
v 0.127403 0.151026 -0.128052
v 0.082361 0.161940 -0.112305
v 0.095570 0.114962 -0.149951
v 0.102136 0.121205 -0.175683
v 0.096452 0.133589 -0.191406
v 0.078061 0.112054 -0.173755
v 0.078213 0.111229 -0.146875
v 0.067078 0.126862 -0.191797
v 0.053828 0.118955 -0.149561
v 0.047264 0.125847 -0.171070
v 0.039007 0.191918 -0.103101
v 0.010361 0.236210 -0.098510
v 0.030865 0.220884 -0.068554
v -0.022318 0.232330 -0.060083
v -0.022472 0.243425 -0.086206
v -0.071202 0.222627 -0.053565
v -0.058759 0.230269 -0.082349
v -0.099117 0.177684 -0.083886
v -0.112981 0.179442 -0.100390
v -0.140322 0.189465 -0.103101
v -0.122504 0.166751 -0.078125
v -0.104839 0.177787 -0.058935
v -0.122388 0.173379 -0.054712
v -0.141512 0.178206 -0.058935
v -0.143892 0.175222 -0.079687
v 0.876319 0.195832 -0.076611
v 0.966290 0.205294 -0.080054
v 1.042899 0.211545 -0.053565
v 1.721809 0.233629 0.084692
v 1.721809 0.228702 0.010962
v 1.696582 0.214514 0.070459
v 1.668741 0.101932 0.175293
v 1.682835 0.096026 0.152270
v 1.621586 0.057810 0.174146
v 1.639826 0.057131 0.152661
v 1.650426 0.070172 0.131518
v 1.613637 0.054627 0.128833
v 1.607455 0.043510 0.152270
v 1.594629 0.071243 0.176441
v 1.103530 0.176221 -0.133447
v 1.041861 0.210662 -0.099658
v 1.061369 0.198950 -0.073145
v 1.096388 0.160530 -0.114990
v 1.101881 0.160162 -0.091186
v 1.114015 0.194011 -0.066626
v 1.242310 0.205582 -0.058154
v 1.194424 0.139014 -0.087354
v 1.180716 0.135943 -0.116553
v 1.233900 0.080140 -0.094262
v 1.253675 0.075336 -0.090039
v 1.230903 0.073874 -0.116138
v 1.252984 0.063402 -0.116138
v 1.276102 0.082798 -0.095019
v 1.330437 0.214402 -0.097730
v 1.283819 0.080590 -0.117285
v 1.234899 0.085243 -0.140332
v 1.264082 0.075882 -0.138818
v 1.194693 0.153938 -0.142261
v 1.534726 0.224290 -0.045117
v 1.556537 0.189496 -0.068921
v 1.628230 0.210911 -0.058154
v 1.617055 0.216767 -0.038965
v 1.554425 0.185763 -0.098510
v 1.512376 0.075943 -0.088110
v 1.402821 0.262740 0.009034
v 1.518635 0.066132 -0.111938
v 1.496173 0.043030 -0.114624
v 1.496211 0.062411 -0.087354
v 1.477318 0.078370 -0.088526
v 1.424249 0.196761 -0.096582
v 1.437613 0.194354 -0.068140
v 1.378937 0.214551 -0.065088
v 1.375557 0.222585 -0.093872
v 1.420947 0.242845 -0.032837
v 1.306860 0.266380 0.012866
v 1.307743 0.266787 0.030151
v 1.627653 0.214710 0.049341
v 1.506618 0.221260 0.056665
v 1.315001 0.204890 -0.069702
v 1.195538 0.239458 -0.017066
v 1.081990 0.219167 0.042066
v 1.133598 0.155746 0.089282
v 1.069548 0.168014 0.091602
v 1.114438 0.136031 0.111548
v 1.094278 0.150412 0.139966
v 1.131410 0.139118 0.134619
v 1.161207 0.142294 0.108106
v 1.193350 0.179051 0.080835
v 1.254943 0.173452 0.078516
v 1.168735 0.146964 0.132300
v 1.208631 0.181397 0.110034
v 1.253982 0.171167 0.105810
v 1.298643 0.144602 0.109253
v 1.316883 0.148312 0.080078
v 1.348448 0.090708 0.111182
v 1.340921 0.090904 0.136499
v 1.438763 0.170250 0.086206
v 1.500819 0.172907 0.098486
v 1.453778 0.173471 0.118872
v 1.345527 0.104071 0.152270
v 1.378207 0.085378 0.141138
v 1.380050 0.086902 0.115014
v 1.409850 0.099651 0.113086
v 1.415225 0.100119 0.135351
v 0.540242 0.295003 -0.002490
v 0.514821 0.263150 0.033984
v 0.489285 0.257234 0.081982
v 0.464671 0.237707 0.060864
v 0.441899 0.199487 0.094678
v 0.431532 0.208304 0.113477
v 0.339448 0.189653 0.127295
v 0.352504 0.172665 0.100415
v 0.431993 0.198842 0.072778
v 0.338719 0.174866 0.071631
v 0.302585 0.138301 0.143823
v 0.295366 0.123590 0.093506
v 0.305234 0.123666 0.127686
v 0.284651 0.135601 0.149585
v 0.293100 0.113552 0.108472
v 0.284460 0.115595 0.132690
v 0.265260 0.137456 0.143433
v 0.254507 0.126846 0.119629
v 0.264030 0.121697 0.101953
v 0.768530 0.207252 0.123462
v 0.812346 0.193351 0.154956
v 0.750290 0.231159 0.065869
v 0.805087 0.179546 0.133057
v 0.883960 0.166486 0.150342
v 0.877740 0.155266 0.126929
v 0.802130 0.186738 0.100806
v 1.052459 0.175649 0.120019
v 0.877242 0.169505 0.094678
v 0.795486 0.217286 0.042066
v 0.893945 0.209053 0.040503
v 0.753592 0.237618 -0.016309
v 0.807467 0.221068 0.010962
v 1.068011 0.230161 0.004810
v 0.783737 0.211054 -0.070459
v 0.808044 0.218395 -0.030542
v 0.913106 0.216921 -0.024366
v 0.821676 0.201599 -0.063159
v 0.821062 0.172319 -0.078906
v 0.802246 0.164747 -0.092334
v 0.830086 0.160027 -0.093115
v 0.797291 0.169343 -0.113086
v 0.821062 0.160906 -0.116919
v 0.846866 0.177027 -0.112695
v 0.801785 0.186143 -0.132666
v 0.829050 0.178037 -0.134594
v 0.893714 0.211250 -0.100806
v 1.583801 0.061835 0.156470
v 1.594821 0.062499 0.132300
v 1.546282 0.143600 0.145337
v 1.565599 0.143692 0.115381
v 1.498361 0.174190 0.129224
v 1.630496 0.207778 0.067798
v 1.696620 0.210140 0.012866
v 1.689095 0.220342 -0.062012
v 1.713208 0.240748 -0.073535
v 1.686366 0.208585 -0.098877
v 1.651039 0.177115 -0.084278
v 1.631302 0.180246 -0.132666
v 1.627691 0.160988 -0.113842
v 1.594091 0.168526 -0.133814
v 1.609914 0.153404 -0.089258
v 1.589907 0.154494 -0.115771
v 1.568632 0.184227 -0.105786
v 1.585607 0.159256 -0.094262
v 1.579960 0.176102 -0.082739
v 0.417631 0.231060 0.056665
v 0.282771 0.168464 0.069702
v 0.282042 0.232642 0.057398
v 0.240031 0.185606 0.077368
v 0.482643 0.249646 0.037061
v 0.210886 0.234224 0.073169
v 0.230278 0.257226 0.038990
v 0.271058 0.275742 0.018652
v 0.462751 0.275090 0.002490
v 0.029023 0.275769 0.007105
v 0.300895 0.288740 0.014404
v 0.093496 0.249622 0.056250
v 0.073144 0.232385 0.075854
v -0.050810 0.249288 0.050903
v 0.006327 0.229516 0.065088
v 0.020613 0.188920 0.076636
v -0.013026 0.184654 0.071997
v -0.036795 0.191262 0.075854
v -0.061718 0.237772 0.071997
v -0.122925 0.247249 0.074707
v -0.177991 0.237573 0.073169
v -0.198958 0.186546 0.075464
v -0.221346 0.244166 0.063941
v -0.214817 0.183958 0.071240
v -0.232059 0.192978 0.076221
v -0.253178 0.255118 0.072388
v -0.229102 0.307502 -0.076611
v -0.097812 0.295756 -0.082739
v 0.042463 0.293736 -0.088526
v -0.246689 0.285230 -0.088892
v -0.173306 0.256630 -0.100806
v -0.258171 0.267033 -0.075830
v -0.184597 0.233483 -0.082739
v 0.499960 0.211403 -0.097339
v 0.485330 0.267839 -0.091186
v 0.467705 0.203892 -0.100390
v 0.448196 0.248470 -0.109229
v 0.458989 0.299358 -0.083886
v 0.426270 0.214951 -0.102710
v 0.380730 0.275342 -0.096948
v 0.381074 0.245974 -0.082349
v 0.315448 0.302783 -0.087354
v 0.347436 0.252648 -0.081592
v 0.334418 0.270731 -0.101562
v 0.319827 0.219950 -0.099658
v 0.302853 0.214068 -0.100806
v 0.289030 0.236470 -0.109643
v 0.237497 0.234278 -0.096167
v 0.287954 0.273016 -0.106567
v 0.233810 0.263850 -0.111938
v 0.220256 0.299058 -0.090039
v 0.179053 0.231970 -0.149170
v 0.093342 0.237580 -0.148804
v 0.199866 0.199038 -0.160302
v 0.130437 0.185326 -0.175683
v 0.207161 0.179323 -0.147656
v 0.142840 0.158753 -0.158789
v 0.096452 0.133589 -0.191406
v 0.075947 0.158065 -0.193726
v 0.067078 0.126862 -0.191797
v 0.047839 0.158914 -0.184888
v 0.027218 0.260206 -0.112695
v 0.010361 0.236210 -0.098510
v -0.022432 0.267578 -0.098096
v -0.022472 0.243425 -0.086206
v -0.069702 0.251231 -0.101172
v -0.122428 0.255735 -0.104638
v -0.058759 0.230269 -0.082349
v -0.122466 0.211656 -0.110791
v -0.099117 0.177684 -0.083886
v -0.112981 0.179442 -0.100390
v -0.140322 0.189465 -0.103101
v 0.966290 0.205294 -0.080054
v 0.820102 0.260044 -0.103101
v 0.783737 0.248962 -0.101562
v 1.126072 0.266142 -0.103858
v 0.968786 0.241804 -0.111938
v 1.429701 0.305648 -0.070068
v 1.328557 0.268910 -0.103491
v 1.476703 0.272854 -0.102710
v 1.696582 0.214514 0.070459
v 1.705183 0.161391 0.115796
v 1.650426 0.070172 0.131518
v 1.643052 0.163914 0.102734
v 1.613637 0.054627 0.128833
v 1.128261 0.220438 -0.132666
v 1.103530 0.176221 -0.133447
v 1.060754 0.234692 -0.118066
v 1.041861 0.210662 -0.099658
v 1.096388 0.160530 -0.114990
v 1.311200 0.184522 -0.107300
v 1.330437 0.214402 -0.097730
v 1.234899 0.085243 -0.140332
v 1.264082 0.075882 -0.138818
v 1.285279 0.124822 -0.141504
v 1.309202 0.233364 -0.118457
v 1.375058 0.244772 -0.110791
v 1.247609 0.170768 -0.146509
v 1.252523 0.108645 -0.149561
v 1.194693 0.153938 -0.142261
v 1.554425 0.185763 -0.098510
v 1.512300 0.085708 -0.131909
v 1.561836 0.217524 -0.121534
v 1.518635 0.066132 -0.111938
v 1.496632 0.220273 -0.123462
v 1.494943 0.074875 -0.136523
v 1.496173 0.043030 -0.114624
v 1.475475 0.065106 -0.112695
v 1.477740 0.095223 -0.132666
v 1.424249 0.196761 -0.096582
v 1.438072 0.223418 -0.117285
v 1.375557 0.222585 -0.093872
v 1.307743 0.266787 0.030151
v 1.506618 0.221260 0.056665
v 1.332511 0.244530 0.044360
v 1.174226 0.218222 0.053955
v 1.363884 0.193508 0.061255
v 1.081990 0.219167 0.042066
v 1.133598 0.155746 0.089282
v 1.069548 0.168014 0.091602
v 1.114438 0.136031 0.111548
v 1.161207 0.142294 0.108106
v 1.193350 0.179051 0.080835
v 1.254943 0.173452 0.078516
v 1.316883 0.148312 0.080078
v 1.378554 0.115214 0.091968
v 1.348448 0.090708 0.111182
v 1.438763 0.170250 0.086206
v 1.500819 0.172907 0.098486
v 1.380050 0.086902 0.115014
v 1.409850 0.099651 0.113086
v 0.508562 0.318562 -0.055493
v 0.464671 0.237707 0.060864
v 0.431993 0.198842 0.072778
v 0.338719 0.174866 0.071631
v 0.295366 0.123590 0.093506
v 0.264030 0.121697 0.101953
v 0.893945 0.209053 0.040503
v 0.821062 0.160906 -0.116919
v 0.846866 0.177027 -0.112695
v 0.801785 0.186143 -0.132666
v 0.829050 0.178037 -0.134594
v 0.819140 0.213511 -0.133814
v 0.870752 0.231670 -0.119995
v 0.893714 0.211250 -0.100806
v 1.594821 0.062499 0.132300
v 1.565599 0.143692 0.115381
v 1.630496 0.207778 0.067798
v 1.689554 0.248114 -0.103491
v 1.686366 0.208585 -0.098877
v 1.632684 0.263339 -0.104248
v 1.631302 0.180246 -0.132666
v 1.622200 0.213565 -0.133447
v 1.594091 0.168526 -0.133814
v 1.568632 0.184227 -0.105786
v 1.022009 -0.121475 -0.017066
v 1.061485 -0.026228 -0.014014
v 1.011026 -0.116752 0.102734
v 1.047162 -0.029603 0.105395
v 1.011026 -0.116752 -0.101172
v 1.047162 -0.029603 -0.103858
v 1.061485 -0.026228 0.023242
v 1.022009 -0.121475 0.026294
v 0.727020 0.010026 0.033227
v 0.750366 0.065510 0.043213
v 0.720569 0.002518 0.103882
v 0.741918 0.053287 0.113086
v 0.750366 0.065510 -0.041675
v 0.720569 0.002518 -0.102319
v 0.741918 0.053287 -0.111548
v 0.727020 0.010026 -0.031690
v -0.301102 -0.316102 0.048194
v -0.301102 -0.193222 0.048194
v -0.281441 -0.302339 0.000586
v -0.281441 -0.179459 0.000586
v -0.301102 -0.193222 -0.046655
v -0.301102 -0.316102 -0.046655
v -0.301102 -0.078022 0.048194
v -0.301102 -0.057482 0.048194
v -0.281441 -0.064259 0.000586
v -0.281441 -0.057482 0.000586
v -0.316654 -0.028140 0.032446
v -0.301102 -0.057482 -0.046655
v -0.301102 -0.078022 -0.046655
v -0.303444 -0.028140 0.000586
v -0.316654 -0.028140 -0.030908
v -0.300064 -0.560537 0.000586
v -0.281441 -0.518282 0.000586
v -0.314235 -0.560537 0.035132
v -0.314235 -0.560537 -0.033594
v -0.301102 -0.518282 0.048194
v -0.301102 -0.431302 0.048194
v -0.281441 -0.417539 0.000586
v -0.301102 -0.431302 -0.046655
v -0.301102 -0.518282 -0.046655
v 1.022047 0.069050 -0.011718
v 0.926776 0.108548 -0.011304
v 1.011102 0.057580 0.107739
v 0.923897 0.093722 0.108106
v 1.011102 0.057580 -0.106152
v 0.923897 0.093722 -0.106567
v 0.926776 0.108548 0.020166
v 1.022047 0.069050 0.020947
v 0.727058 0.121055 0.052808
v 0.670726 0.144130 0.056665
v 0.720569 0.104113 0.121924
v 0.669035 0.125226 0.125000
v 0.720569 0.104113 -0.120362
v 0.669035 0.125226 -0.123462
v 0.670726 0.144130 -0.055102
v 0.727058 0.121055 -0.051245
v -0.316654 -0.028140 0.032446
v -0.303444 -0.028140 0.000586
v -0.316654 -0.028140 -0.030908
v -0.348526 -0.028140 -0.044336
v -0.348526 -0.028140 0.045898
v -0.380435 -0.028140 -0.030908
v -0.380435 -0.028140 0.032446
v -0.393646 -0.028140 0.000586
v -0.567560 0.213588 0.000586
v -0.427898 0.213588 0.000586
v -0.558536 0.200701 -0.030127
v -0.558536 0.200701 0.031690
v -0.418875 0.200701 -0.030127
v -0.418875 0.200701 0.031690
v -1.085959 0.200701 -0.030127
v -0.986504 0.213587 0.000586
v -0.977480 0.200701 -0.030127
v -1.085959 0.213587 0.000586
v -1.085959 0.200701 0.031690
v -0.977480 0.200701 0.031690
v -0.698157 0.200701 -0.030127
v -0.837819 0.200701 -0.030127
v -0.707181 0.213588 0.000586
v -0.698157 0.200701 0.031690
v -0.846842 0.213588 0.000586
v -0.837819 0.200701 0.031690
v -0.301102 -0.316102 0.048194
v -0.348526 -0.226442 0.067798
v -0.348526 -0.349322 0.067798
v -0.395989 -0.259666 0.048194
v -0.301102 -0.193222 0.048194
v -0.395989 -0.382546 0.048194
v -0.348526 -0.057482 0.067798
v -0.301102 -0.078022 0.048194
v -0.301102 -0.057482 0.048194
v -0.348526 -0.111242 0.067798
v -0.395989 -0.057482 0.048194
v -0.395989 -0.144466 0.048194
v -0.316654 -0.028140 0.032446
v -0.348526 -0.028140 0.045898
v -0.380435 -0.028140 0.032446
v -0.558536 0.200701 0.031690
v -0.418875 0.200701 0.031690
v -0.536725 0.169585 0.044751
v -0.397101 0.169585 0.044751
v -0.514951 0.138474 0.031690
v -0.375290 0.138474 0.031690
v -0.314235 -0.560537 0.035132
v -0.301102 -0.518282 0.048194
v -0.348526 -0.518282 0.067798
v -0.301102 -0.431302 0.048194
v -0.348526 -0.464522 0.067798
v -0.395989 -0.497746 0.048194
v -0.395989 -0.518282 0.048194
v -0.348526 -0.560537 0.048974
v -0.382816 -0.560537 0.035132
v 0.836690 -0.116679 0.101587
v 0.923858 -0.152821 0.101196
v 0.872670 -0.094546 0.102344
v 0.914066 -0.111694 0.102344
v 0.901741 -0.065503 0.103491
v 0.914105 -0.070603 0.103491
v 0.923897 -0.029550 0.104663
v 0.946016 -0.065477 0.103882
v 0.964947 -0.039350 0.104663
v 0.975046 -0.094546 0.103101
v 1.006034 -0.039365 0.105030
v 1.011026 -0.116752 0.102734
v 1.047162 -0.029603 0.105395
v 0.959839 -0.007416 0.105395
v 0.914105 0.011577 0.105810
v 0.988906 0.021626 0.106567
v 0.914105 0.052669 0.106958
v 0.923897 0.093722 0.108106
v 1.011102 0.057580 0.107739
v 0.882771 -0.039314 0.104248
v 0.887914 -0.007339 0.105030
v 0.841644 -0.039295 0.103882
v 0.858846 0.021726 0.105810
v 0.800594 -0.029496 0.103882
v 0.836729 0.057653 0.106567
v 0.617426 0.002657 0.103491
v 0.668997 -0.018456 0.100049
v 0.638699 0.015536 0.105810
v 0.663198 0.005522 0.104248
v 0.655903 0.032447 0.108886
v 0.663198 0.029467 0.108472
v 0.668997 0.053387 0.112720
v 0.682092 0.032436 0.108886
v 0.693304 0.047654 0.111548
v 0.699257 0.015482 0.106177
v 0.717613 0.047619 0.111938
v 0.720569 0.002518 0.103882
v 0.741918 0.053287 0.113086
v 0.690270 0.066266 0.115014
v 0.663237 0.077360 0.116528
v 0.663237 0.101306 0.120776
v 0.707474 0.083174 0.118091
v 0.669035 0.125226 0.125000
v 0.720569 0.104113 0.121924
v 0.644690 0.047719 0.111548
v 0.647723 0.066346 0.114649
v 0.620384 0.047754 0.111182
v 0.630560 0.083304 0.117700
v 0.596075 0.053482 0.111938
v 0.617463 0.104255 0.121167
v -1.085959 0.200701 0.031690
v -0.977480 0.200701 0.031690
v -1.085959 0.169585 0.044751
v -0.955707 0.169585 0.044751
v -1.085959 0.138474 0.031690
v -0.933894 0.138474 0.031690
v -0.654613 0.138474 0.031690
v -0.794235 0.138474 0.031690
v -0.676386 0.169585 0.044751
v -0.816045 0.169585 0.044751
v -0.698157 0.200701 0.031690
v -0.837819 0.200701 0.031690
v -0.395989 -0.259666 0.048194
v -0.395989 -0.382546 0.048194
v -0.415650 -0.273424 0.000586
v -0.415650 -0.396304 0.000586
v -0.395989 -0.382546 -0.046655
v -0.395989 -0.259666 -0.046655
v -0.395989 -0.057482 0.048194
v -0.395989 -0.144466 0.048194
v -0.380435 -0.028140 -0.030908
v -0.395989 -0.057482 -0.046655
v -0.395989 -0.144466 -0.046655
v -0.380435 -0.028140 0.032446
v -0.415650 -0.057482 0.000586
v -0.393646 -0.028140 0.000586
v -0.415650 -0.158224 0.000586
v -0.395989 -0.497746 0.048194
v -0.395989 -0.497746 -0.046655
v -0.395989 -0.518282 0.048194
v -0.415650 -0.511504 0.000586
v -0.395989 -0.518282 -0.046655
v -0.415650 -0.518282 0.000586
v -0.382816 -0.560537 -0.033594
v -0.382816 -0.560537 0.035132
v -0.397025 -0.560537 0.000586
v 0.617463 0.104255 0.121167
v 0.614354 0.121209 0.052050
v 0.591008 0.065725 0.042432
v 0.596075 0.053482 0.111938
v 0.596075 0.053482 -0.110376
v 0.591008 0.065725 -0.040894
v 0.617463 0.104255 -0.119605
v 0.614354 0.121209 -0.050488
v 0.831507 0.069131 -0.012866
v 0.791994 -0.026113 -0.015918
v 0.836729 0.057653 0.106567
v 0.800594 -0.029496 0.103882
v 0.836729 0.057653 -0.105005
v 0.800594 -0.029496 -0.102319
v 0.791994 -0.026113 0.025146
v 0.831507 0.069131 0.022094
v -0.514951 0.138474 -0.030127
v -0.514951 0.138474 0.031690
v -0.375290 0.138474 -0.030127
v -0.375290 0.138474 0.031690
v -0.505928 0.125582 0.000586
v -0.366266 0.125582 0.000586
v -0.300064 -0.560537 0.000586
v -0.314235 -0.560537 0.035132
v -0.314235 -0.560537 -0.033594
v -0.348526 -0.560537 -0.047802
v -0.382816 -0.560537 -0.033594
v -0.348526 -0.560537 0.048974
v -0.382816 -0.560537 0.035132
v -0.397025 -0.560537 0.000586
v -1.085959 0.138474 -0.030127
v -0.933894 0.138474 -0.030127
v -1.085959 0.125582 0.000586
v -1.085959 0.138474 0.031690
v -0.924872 0.125582 0.000586
v -0.933894 0.138474 0.031690
v 0.831430 -0.121394 -0.018238
v 0.926699 -0.160893 -0.018994
v 0.836690 -0.116679 0.101587
v 0.923858 -0.152821 0.101196
v 0.836690 -0.116679 -0.100025
v 0.923858 -0.152821 -0.099658
v 0.926699 -0.160893 0.027857
v 0.831430 -0.121394 0.027466
v -0.654613 0.138474 -0.030127
v -0.785210 0.125582 0.000586
v -0.794235 0.138474 -0.030127
v -0.645589 0.125582 0.000586
v -0.654613 0.138474 0.031690
v -0.794235 0.138474 0.031690
v 0.614315 0.010175 0.032837
v 0.668997 -0.018456 0.100049
v 0.617426 0.002657 0.103491
v 0.670687 -0.012895 0.029004
v 0.668997 -0.018456 -0.098510
v 0.614315 0.010175 -0.031274
v 0.617426 0.002657 -0.101953
v 0.670687 -0.012895 -0.027466
v -0.301102 -0.193222 -0.046655
v -0.395989 -0.382546 -0.046655
v -0.301102 -0.316102 -0.046655
v -0.395989 -0.259666 -0.046655
v -0.348526 -0.226442 -0.066235
v -0.348526 -0.349322 -0.066235
v -0.301102 -0.057482 -0.046655
v -0.301102 -0.078022 -0.046655
v -0.316654 -0.028140 -0.030908
v -0.348526 -0.057482 -0.066235
v -0.348526 -0.111242 -0.066235
v -0.348526 -0.028140 -0.044336
v -0.380435 -0.028140 -0.030908
v -0.395989 -0.057482 -0.046655
v -0.395989 -0.144466 -0.046655
v -0.558536 0.200701 -0.030127
v -0.418875 0.200701 -0.030127
v -0.536725 0.169585 -0.043189
v -0.397101 0.169585 -0.043189
v -0.514951 0.138474 -0.030127
v -0.375290 0.138474 -0.030127
v -0.314235 -0.560537 -0.033594
v -0.301102 -0.431302 -0.046655
v -0.301102 -0.518282 -0.046655
v -0.348526 -0.464522 -0.066235
v -0.348526 -0.518282 -0.066235
v -0.395989 -0.497746 -0.046655
v -0.348526 -0.560537 -0.047802
v -0.395989 -0.518282 -0.046655
v -0.382816 -0.560537 -0.033594
v 0.923858 -0.152821 -0.099658
v 0.872670 -0.094546 -0.100806
v 0.914066 -0.111694 -0.100806
v 0.836690 -0.116679 -0.100025
v 0.901741 -0.065503 -0.101953
v 0.914105 -0.070603 -0.101953
v 0.923897 -0.029550 -0.103101
v 0.964947 -0.039350 -0.103101
v 0.946016 -0.065477 -0.102319
v 0.975046 -0.094546 -0.101562
v 1.006034 -0.039365 -0.103491
v 1.011026 -0.116752 -0.101172
v 1.047162 -0.029603 -0.103858
v 0.914105 0.011577 -0.104248
v 0.959839 -0.007416 -0.103858
v 0.988906 0.021626 -0.105005
v 0.914105 0.052669 -0.105395
v 0.923897 0.093722 -0.106567
v 1.011102 0.057580 -0.106152
v 0.882771 -0.039314 -0.102710
v 0.887914 -0.007339 -0.103491
v 0.841644 -0.039295 -0.102319
v 0.858846 0.021726 -0.104248
v 0.800594 -0.029496 -0.102319
v 0.836729 0.057653 -0.105005
v 0.668997 -0.018456 -0.098510
v 0.638699 0.015536 -0.104248
v 0.663198 0.005522 -0.102710
v 0.617426 0.002657 -0.101953
v 0.655903 0.032447 -0.107300
v 0.663198 0.029467 -0.106934
v 0.668997 0.053387 -0.111158
v 0.693304 0.047654 -0.110010
v 0.682092 0.032436 -0.107300
v 0.699257 0.015482 -0.104638
v 0.717613 0.047619 -0.110376
v 0.720569 0.002518 -0.102319
v 0.741918 0.053287 -0.111548
v 0.663237 0.077360 -0.114990
v 0.690270 0.066266 -0.113477
v 0.663237 0.101306 -0.119214
v 0.707474 0.083174 -0.116553
v 0.669035 0.125226 -0.123462
v 0.720569 0.104113 -0.120362
v 0.644690 0.047719 -0.110010
v 0.647723 0.066346 -0.113086
v 0.620384 0.047754 -0.109643
v 0.630560 0.083304 -0.116138
v 0.596075 0.053482 -0.110376
v 0.617463 0.104255 -0.119605
v -1.085959 0.200701 -0.030127
v -0.977480 0.200701 -0.030127
v -1.085959 0.169585 -0.043189
v -0.955707 0.169585 -0.043189
v -1.085959 0.138474 -0.030127
v -0.933894 0.138474 -0.030127
v -0.654613 0.138474 -0.030127
v -0.794235 0.138474 -0.030127
v -0.676386 0.169585 -0.043189
v -0.816045 0.169585 -0.043189
v -0.698157 0.200701 -0.030127
v -0.837819 0.200701 -0.030127
v 1.428895 -0.104871 0.098902
v 1.445638 -0.014892 0.102344
v 1.447174 -0.017799 0.173779
v 1.430546 -0.107993 0.175708
v 1.809669 -0.006244 -0.132666
v 1.765395 -0.244178 -0.123828
v 1.821459 -0.009915 -0.172974
v 1.777183 -0.247850 -0.164136
v 1.765587 -0.247220 -0.206006
v 1.809862 -0.009282 -0.214478
v 1.820152 -0.007323 0.116528
v 1.775955 -0.245277 0.107739
v 1.834169 -0.011378 0.156103
v 1.789971 -0.249332 0.147266
v 1.780754 -0.249163 0.189502
v 1.824952 -0.011210 0.197974
v 1.444831 -0.107813 -0.095019
v 1.461574 -0.017838 -0.098510
v 1.459117 -0.019999 -0.169922
v 1.442181 -0.110132 -0.171826
v 1.581996 -0.459334 -0.168359
v 1.538911 -0.482658 -0.147656
v 1.538028 -0.500683 -0.165698
v 1.504659 -0.548741 -0.144580
v 1.503775 -0.566762 -0.162622
v 1.582879 -0.441309 -0.150318
v 1.528467 -0.480327 0.141894
v 1.528658 -0.498540 0.159937
v 1.494214 -0.546467 0.139966
v 1.494406 -0.564677 0.158032
v 1.500858 0.007453 0.088501
v 1.504045 0.008347 0.192602
v 1.522667 -0.038493 0.088501
v 1.526046 -0.037537 0.199878
v 1.513106 -0.078655 0.089673
v 1.516754 -0.077634 0.208325
v 1.511148 -0.118622 0.202173
v 1.507730 -0.119582 0.090820
v 1.513029 0.006570 -0.191406
v 1.537337 -0.041400 -0.089258
v 1.534495 -0.039280 -0.200634
v 1.515678 0.004588 -0.087354
v 1.527621 -0.081528 -0.090406
v 1.524626 -0.079270 -0.208691
v 1.519250 -0.120308 -0.202563
v 1.522091 -0.122427 -0.091186
v 1.457312 -0.110681 0.113477
v 1.474015 -0.020702 0.116943
v 1.476396 -0.024146 0.159546
v 1.459001 -0.114267 0.160718
v 1.143199 0.117991 -0.127686
v 1.098924 -0.119943 -0.119214
v 1.089554 -0.119164 -0.145337
v 1.133829 0.118774 -0.154175
v 1.139973 0.116558 -0.183350
v 1.095699 -0.121379 -0.174536
v 1.483539 -0.093478 0.117700
v 1.484805 -0.077622 0.137280
v 1.640595 -0.217414 0.156885
v 1.641632 -0.206193 0.177222
v 1.671622 -0.312442 0.175708
v 1.672120 -0.321170 0.196045
v 1.701227 -0.415677 0.141138
v 1.701420 -0.433886 0.158789
v 1.241272 -0.499438 -0.136890
v 1.290810 -0.373349 -0.192578
v 1.292729 -0.370154 -0.171826
v 1.234554 -0.516362 -0.154566
v 1.345144 -0.241825 -0.155322
v 1.348985 -0.228654 -0.175269
v 1.455353 -0.137446 -0.113842
v 1.459884 -0.122197 -0.133447
v 1.414035 -0.080556 -0.114234
v 1.418565 -0.065304 -0.133814
v 1.154181 0.115118 0.149951
v 1.109982 -0.122838 0.141504
v 1.102110 -0.122350 0.168018
v 1.146309 0.115602 0.176855
v 1.154066 0.113099 0.205640
v 1.109867 -0.124854 0.197192
v 1.472249 -0.113515 -0.111548
v 1.489031 -0.023540 -0.114624
v 1.489223 -0.026570 -0.158008
v 1.471595 -0.116645 -0.158789
v 1.230750 -0.497814 0.147656
v 1.283781 -0.368760 0.181446
v 1.283052 -0.372174 0.202173
v 1.225068 -0.514941 0.165722
v 1.334930 -0.240120 0.163013
v 1.339847 -0.227148 0.182983
v 1.442374 -0.135015 0.116528
v 1.447979 -0.119958 0.136133
v 1.401054 -0.078245 0.120019
v 1.406623 -0.063184 0.139209
v 1.496516 -0.095993 -0.116553
v 1.496710 -0.079934 -0.136108
v 1.650654 -0.208417 -0.186402
v 1.650732 -0.219848 -0.166065
v 1.680415 -0.314742 -0.187574
v 1.679763 -0.323255 -0.207544
v 1.711635 -0.418399 -0.155322
v 1.710789 -0.436421 -0.173755
v 1.820152 -0.007323 0.116528
v 1.777644 0.000575 0.116162
v 1.807674 -0.005546 0.131152
v 1.781138 0.000679 0.095825
v 1.834169 -0.011378 0.156103
v 1.724075 0.001174 0.096973
v 1.816696 -0.008183 0.157251
v 1.724538 0.000318 0.118091
v 1.810170 -0.008046 0.186841
v 1.612178 -0.009059 0.120019
v 1.824952 -0.011210 0.197974
v 1.611719 -0.008202 0.098902
v 1.783787 -0.004094 0.212158
v 1.474015 -0.020702 0.116943
v 1.791162 -0.006160 0.231372
v 1.461726 -0.017868 0.101953
v 1.727723 -0.004332 0.222143
v 1.463263 -0.020775 0.173364
v 1.727225 -0.004782 0.243262
v 1.476396 -0.024146 0.159546
v 1.614099 -0.012634 0.207934
v 1.617631 -0.013840 0.187207
v 1.130911 0.120821 -0.113086
v 1.170194 0.114274 -0.092334
v 1.173421 0.112914 -0.113086
v 1.223610 0.094229 -0.093506
v 1.143199 0.117991 -0.127686
v 1.222879 0.093591 -0.114624
v 1.116357 0.122081 -0.152637
v 1.324331 0.044459 -0.116553
v 1.133829 0.118774 -0.154175
v 1.325061 0.045096 -0.095410
v 1.139973 0.116558 -0.183350
v 1.449094 -0.016063 -0.113477
v 1.125035 0.118920 -0.194873
v 1.461574 -0.017838 -0.098510
v 1.165970 0.110775 -0.209082
v 1.459117 -0.019999 -0.169922
v 1.158366 0.111490 -0.227906
v 1.445638 -0.018429 -0.156494
v 1.218233 0.090393 -0.219067
v 1.321298 0.041802 -0.204492
v 1.218539 0.089802 -0.239795
v 1.317574 0.041951 -0.184106
v 1.141087 0.118064 0.136133
v 1.183518 0.110280 0.133447
v 1.179141 0.111843 0.113086
v 1.232594 0.091933 0.111182
v 1.154181 0.115118 0.149951
v 1.233017 0.091077 0.132300
v 1.128761 0.118878 0.176441
v 1.334546 0.042205 0.128076
v 1.146309 0.115602 0.176855
v 1.334125 0.043061 0.106958
v 1.154066 0.113099 0.205640
v 1.434079 -0.013330 0.118091
v 1.139782 0.115303 0.217920
v 1.445638 -0.014892 0.102344
v 1.181485 0.107124 0.229834
v 1.447174 -0.017799 0.173779
v 1.174955 0.107619 0.249414
v 1.432775 -0.016075 0.161084
v 1.234245 0.086787 0.236743
v 1.336466 0.038630 0.216016
v 1.235742 0.085977 0.257470
v 1.331243 0.039056 0.195654
v 1.767276 0.001743 -0.129981
v 1.809669 -0.006244 -0.132666
v 1.796383 -0.004286 -0.146875
v 1.771922 0.001627 -0.109643
v 1.821459 -0.009915 -0.172974
v 1.714899 0.002258 -0.107715
v 1.803909 -0.006666 -0.173364
v 1.714169 0.001620 -0.128833
v 1.795769 -0.006210 -0.202173
v 1.601849 -0.007489 -0.124610
v 1.809862 -0.009282 -0.214478
v 1.602579 -0.006851 -0.103491
v 1.768005 -0.001928 -0.226342
v 1.489031 -0.023540 -0.114624
v 1.774303 -0.003810 -0.245947
v 1.477701 -0.020852 -0.098877
v 1.711481 -0.001940 -0.233276
v 1.475204 -0.023014 -0.170288
v 1.709791 -0.002166 -0.254370
v 1.489223 -0.026570 -0.158008
v 1.598776 -0.010146 -0.212549
v 1.603808 -0.011624 -0.192187
v 1.382583 -0.012630 0.092749
v 1.422482 0.023408 0.194898
v 1.419295 0.022510 0.090820
v 1.463493 0.015946 0.201806
v 1.386002 -0.011670 0.204102
v 1.500858 0.007453 0.088501
v 1.504045 0.008347 0.192602
v 1.513029 0.006570 -0.191406
v 1.515678 0.004588 -0.087354
v 1.472095 0.014353 -0.198315
v 1.434194 0.019848 -0.085034
v 1.431546 0.021830 -0.189111
v 1.397331 -0.015192 -0.085034
v 1.394488 -0.013072 -0.196386
v 1.424556 -0.131724 0.117310
v 1.425824 -0.115865 0.136914
v 1.483539 -0.093478 0.117700
v 1.484805 -0.077622 0.137280
v 1.640595 -0.217414 0.156885
v 1.641632 -0.206193 0.177222
v 1.414035 -0.080556 -0.114234
v 1.418565 -0.065304 -0.133814
v 1.222955 -0.139766 -0.153394
v 1.226026 -0.128925 -0.174121
v 1.401054 -0.078245 0.120019
v 1.406623 -0.063184 0.139209
v 1.212625 -0.138386 0.169531
v 1.216812 -0.127750 0.189893
v 1.437535 -0.134113 -0.113477
v 1.437727 -0.118054 -0.132666
v 1.496516 -0.095993 -0.116553
v 1.496710 -0.079934 -0.136108
v 1.650654 -0.208417 -0.186402
v 1.650732 -0.219848 -0.166065
v 1.139782 0.115303 0.217920
v 1.095621 -0.122654 0.209106
v 1.447174 -0.017799 0.173779
v 1.174955 0.107619 0.249414
v 1.430546 -0.107993 0.175708
v 1.130757 -0.130334 0.240601
v 1.336466 0.038630 0.216016
v 1.235742 0.085977 0.257470
v 1.306245 -0.124363 0.212549
v 1.195039 -0.133210 0.249414
v 1.727647 -0.236310 -0.101172
v 1.714899 0.002258 -0.107715
v 1.674079 -0.216914 -0.099658
v 1.771922 0.001627 -0.109643
v 1.602579 -0.006851 -0.103491
v 1.809669 -0.006244 -0.132666
v 1.572243 -0.169729 -0.097730
v 1.765395 -0.244178 -0.123828
v 1.460959 -0.110827 -0.095410
v 1.477701 -0.020852 -0.098877
v 1.780754 -0.249163 0.189502
v 1.824952 -0.011210 0.197974
v 1.463263 -0.020775 0.173364
v 1.791162 -0.006160 0.231372
v 1.446674 -0.110969 0.175293
v 1.746963 -0.244117 0.222925
v 1.614099 -0.012634 0.207934
v 1.727225 -0.004782 0.243262
v 1.583878 -0.175626 0.204468
v 1.686520 -0.223969 0.235205
v 1.125880 -0.123664 -0.083521
v 1.223610 0.094229 -0.093506
v 1.170194 0.114274 -0.092334
v 1.130911 0.120821 -0.113086
v 1.182827 -0.124943 -0.085450
v 1.086636 -0.117117 -0.104248
v 1.325061 0.045096 -0.095410
v 1.294765 -0.117778 -0.089673
v 1.444831 -0.107813 -0.095019
v 1.461574 -0.017838 -0.098510
v 1.449094 -0.064997 0.220630
v 1.392685 -0.138766 0.199121
v 1.433696 -0.146228 0.206030
v 1.371065 -0.092760 0.206030
v 1.474208 -0.153823 0.196802
v 1.380819 -0.052536 0.212158
v 1.511148 -0.118622 0.202173
v 1.386002 -0.011670 0.204102
v 1.516754 -0.077634 0.208325
v 1.422482 0.023408 0.194898
v 1.526046 -0.037537 0.199878
v 1.463493 0.015946 0.201806
v 1.504045 0.008347 0.192602
v 1.484805 -0.077622 0.137280
v 1.491026 -0.255061 0.178760
v 1.641632 -0.206193 0.177222
v 1.425824 -0.115865 0.136914
v 1.672120 -0.321170 0.196045
v 1.493331 -0.411000 0.196045
v 1.638789 -0.436082 0.160327
v 1.701420 -0.433886 0.158789
v 1.572626 -0.457099 0.160718
v 1.528658 -0.498540 0.159937
v 1.494406 -0.564677 0.158032
v 1.339847 -0.227148 0.182983
v 1.406623 -0.063184 0.139209
v 1.216812 -0.127750 0.189893
v 1.447979 -0.119958 0.136133
v 1.148346 -0.224457 0.211010
v 1.283052 -0.372174 0.202173
v 1.078726 -0.318909 0.176855
v 1.136441 -0.343327 0.174926
v 1.190662 -0.386570 0.171850
v 1.216850 -0.440963 0.169165
v 1.225068 -0.514941 0.165722
v 1.200222 -0.387864 -0.157226
v 1.206983 -0.370937 -0.139575
v 1.146042 -0.344475 -0.156860
v 1.152799 -0.327549 -0.138818
v 1.088365 -0.319907 -0.155322
v 1.095122 -0.302981 -0.137671
v 1.391763 -0.056095 -0.086206
v 1.434194 0.019848 -0.085034
v 1.397331 -0.015192 -0.085034
v 1.403742 -0.142207 -0.089258
v 1.382086 -0.096220 -0.087354
v 1.485228 -0.157468 -0.091577
v 1.527621 -0.081528 -0.090406
v 1.522091 -0.122427 -0.091186
v 1.515678 0.004588 -0.087354
v 1.537337 -0.041400 -0.089258
v 1.496516 -0.095993 -0.116553
v 1.500051 -0.270821 -0.159546
v 1.650732 -0.219848 -0.166065
v 1.437535 -0.134113 -0.113477
v 1.680415 -0.314742 -0.187574
v 1.501509 -0.409237 -0.177978
v 1.504659 -0.548741 -0.144580
v 1.538911 -0.482658 -0.147656
v 1.582879 -0.441309 -0.150318
v 1.649003 -0.420442 -0.153394
v 1.711635 -0.418399 -0.155322
v 1.345144 -0.241825 -0.155322
v 1.414035 -0.080556 -0.114234
v 1.222955 -0.139766 -0.153394
v 1.455353 -0.137446 -0.113842
v 1.159865 -0.217291 -0.172217
v 1.292729 -0.370154 -0.171826
v 1.095122 -0.302981 -0.137671
v 1.152799 -0.327549 -0.138818
v 1.206983 -0.370937 -0.139575
v 1.233095 -0.425411 -0.138818
v 1.241272 -0.499438 -0.136890
v 1.733446 -0.237382 0.107739
v 1.724538 0.000318 0.118091
v 1.683831 -0.218869 0.110034
v 1.777644 0.000575 0.116162
v 1.612178 -0.009059 0.120019
v 1.807674 -0.005546 0.131152
v 1.581919 -0.171944 0.113867
v 1.763475 -0.243502 0.122314
v 1.457312 -0.110681 0.113477
v 1.474015 -0.020702 0.116943
v 1.139973 0.116558 -0.183350
v 1.095699 -0.121379 -0.174536
v 1.445638 -0.018429 -0.156494
v 1.165970 0.110775 -0.209082
v 1.429471 -0.108780 -0.157226
v 1.121694 -0.127162 -0.200244
v 1.317574 0.041951 -0.184106
v 1.218233 0.090393 -0.219067
v 1.287161 -0.120995 -0.180664
v 1.177414 -0.128775 -0.211010
v 1.139320 -0.127673 0.125000
v 1.233017 0.091077 0.132300
v 1.183518 0.110280 0.133447
v 1.154181 0.115118 0.149951
v 1.192312 -0.128110 0.124218
v 1.109982 -0.122838 0.141504
v 1.334546 0.042205 0.128076
v 1.304324 -0.120680 0.121924
v 1.417375 -0.103312 0.114649
v 1.434079 -0.013330 0.118091
v 1.751494 -0.244144 -0.193726
v 1.795769 -0.006210 -0.202173
v 1.489223 -0.026570 -0.158008
v 1.768005 -0.001928 -0.226342
v 1.471595 -0.116645 -0.158789
v 1.723730 -0.239866 -0.217530
v 1.603808 -0.011624 -0.192187
v 1.711481 -0.001940 -0.233276
v 1.573394 -0.174571 -0.189111
v 1.670700 -0.221115 -0.225195
v 1.141087 0.118064 0.136133
v 1.096889 -0.119890 0.127295
v 1.084561 -0.119079 0.167627
v 1.128761 0.118878 0.176441
v 1.139782 0.115303 0.217920
v 1.095621 -0.122654 0.209106
v 1.460959 -0.110827 -0.095410
v 1.477701 -0.020852 -0.098877
v 1.475204 -0.023014 -0.170288
v 1.458271 -0.113146 -0.172217
v 1.445023 -0.107847 0.098486
v 1.461726 -0.017868 0.101953
v 1.463263 -0.020775 0.173364
v 1.446674 -0.110969 0.175293
v 1.130911 0.120821 -0.113086
v 1.086636 -0.117117 -0.104248
v 1.072083 -0.115858 -0.143799
v 1.116357 0.122081 -0.152637
v 1.125035 0.118920 -0.194873
v 1.080760 -0.119018 -0.186035
v 1.222496 -0.423833 0.151098
v 1.190662 -0.386570 0.171850
v 1.196346 -0.369443 0.153809
v 1.216850 -0.440963 0.169165
v 1.230750 -0.497814 0.147656
v 1.225068 -0.514941 0.165722
v 1.200222 -0.387864 -0.157226
v 1.226373 -0.442338 -0.156494
v 1.233095 -0.425411 -0.138818
v 1.241272 -0.499438 -0.136890
v 1.234554 -0.516362 -0.154566
v 1.206983 -0.370937 -0.139575
v 1.382583 -0.012630 0.092749
v 1.386002 -0.011670 0.204102
v 1.377208 -0.053558 0.093506
v 1.380819 -0.052536 0.212158
v 1.371065 -0.092760 0.206030
v 1.367685 -0.093716 0.094678
v 1.392685 -0.138766 0.199121
v 1.389497 -0.139666 0.095044
v 1.397331 -0.015192 -0.085034
v 1.394488 -0.013072 -0.196386
v 1.391763 -0.056095 -0.086206
v 1.388768 -0.053838 -0.204858
v 1.403742 -0.142207 -0.089258
v 1.379245 -0.094100 -0.198706
v 1.401054 -0.140226 -0.193335
v 1.382086 -0.096220 -0.087354
v 1.807674 -0.005546 0.131152
v 1.763475 -0.243502 0.122314
v 1.816696 -0.008183 0.157251
v 1.772498 -0.246141 0.148804
v 1.765970 -0.246002 0.178003
v 1.810170 -0.008046 0.186841
v 1.432351 -0.106042 -0.110010
v 1.449094 -0.016063 -0.113477
v 1.445638 -0.018429 -0.156494
v 1.429471 -0.108780 -0.157226
v 1.494214 -0.546467 0.139966
v 1.493331 -0.411000 0.196045
v 1.492677 -0.407325 0.175293
v 1.494406 -0.564677 0.158032
v 1.489874 -0.268735 0.158789
v 1.491026 -0.255061 0.178760
v 1.424556 -0.131724 0.117310
v 1.425824 -0.115865 0.136914
v 1.222955 -0.139766 -0.153394
v 1.226026 -0.128925 -0.174121
v 1.159865 -0.217291 -0.172217
v 1.156256 -0.225255 -0.192578
v 1.095122 -0.302981 -0.137671
v 1.088365 -0.319907 -0.155322
v 1.417375 -0.103312 0.114649
v 1.434079 -0.013330 0.118091
v 1.432775 -0.016075 0.161084
v 1.416876 -0.106473 0.162231
v 1.796383 -0.004286 -0.146875
v 1.752109 -0.242220 -0.138037
v 1.803909 -0.006666 -0.173364
v 1.759635 -0.244605 -0.164917
v 1.751494 -0.244144 -0.193726
v 1.795769 -0.006210 -0.202173
v 1.212625 -0.138386 0.169531
v 1.216812 -0.127750 0.189893
v 1.150802 -0.216277 0.190674
v 1.148346 -0.224457 0.211010
v 1.084410 -0.301782 0.158789
v 1.078726 -0.318909 0.176855
v 1.504659 -0.548741 -0.144580
v 1.500972 -0.412690 -0.198706
v 1.503775 -0.566762 -0.162622
v 1.501509 -0.409237 -0.177978
v 1.500051 -0.270821 -0.159546
v 1.500088 -0.256942 -0.179517
v 1.437535 -0.134113 -0.113477
v 1.437727 -0.118054 -0.132666
v 1.581996 -0.459334 -0.168359
v 1.582879 -0.441309 -0.150318
v 1.648159 -0.438467 -0.171460
v 1.649003 -0.420442 -0.153394
v 1.710789 -0.436421 -0.173755
v 1.711635 -0.418399 -0.155322
v 1.392685 -0.138766 0.199121
v 1.389497 -0.139666 0.095044
v 1.511148 -0.118622 0.202173
v 1.433696 -0.146228 0.206030
v 1.507730 -0.119582 0.090820
v 1.471020 -0.154722 0.092749
v 1.474208 -0.153823 0.196802
v 1.683372 -0.218013 0.088916
v 1.736940 -0.237274 0.086987
v 1.733446 -0.237382 0.107739
v 1.775955 -0.245277 0.107739
v 1.683831 -0.218869 0.110034
v 1.763475 -0.243502 0.122314
v 1.581497 -0.171088 0.093115
v 1.789971 -0.249332 0.147266
v 1.581919 -0.171944 0.113867
v 1.772498 -0.246141 0.148804
v 1.457312 -0.110681 0.113477
v 1.765970 -0.246002 0.178003
v 1.445023 -0.107847 0.098486
v 1.780754 -0.249163 0.189502
v 1.446674 -0.110969 0.175293
v 1.739628 -0.242047 0.203735
v 1.459001 -0.114267 0.160718
v 1.746963 -0.244117 0.222925
v 1.583878 -0.175626 0.204468
v 1.687019 -0.223523 0.214087
v 1.587448 -0.176829 0.184131
v 1.686520 -0.223969 0.235205
v 1.129106 -0.125019 -0.104248
v 1.182098 -0.125580 -0.106567
v 1.182827 -0.124943 -0.085450
v 1.125880 -0.123664 -0.083521
v 1.294765 -0.117778 -0.089673
v 1.086636 -0.117117 -0.104248
v 1.294034 -0.118414 -0.110791
v 1.098924 -0.119943 -0.119214
v 1.432351 -0.106042 -0.110010
v 1.072083 -0.115858 -0.143799
v 1.444831 -0.107813 -0.095019
v 1.089554 -0.119164 -0.145337
v 1.442181 -0.110132 -0.171826
v 1.095699 -0.121379 -0.174536
v 1.429471 -0.108780 -0.157226
v 1.080760 -0.119018 -0.186035
v 1.290884 -0.121153 -0.201026
v 1.121694 -0.127162 -0.200244
v 1.287161 -0.120995 -0.180664
v 1.114091 -0.126448 -0.219458
v 1.177414 -0.128775 -0.211010
v 1.177722 -0.129366 -0.231738
v 1.191851 -0.127254 0.103101
v 1.139320 -0.127673 0.125000
v 1.134944 -0.126114 0.104248
v 1.096889 -0.119890 0.127295
v 1.192312 -0.128110 0.124218
v 1.109982 -0.122838 0.141504
v 1.303865 -0.119824 0.101196
v 1.084561 -0.119079 0.167627
v 1.304324 -0.120680 0.121924
v 1.102110 -0.122350 0.168018
v 1.417375 -0.103312 0.114649
v 1.109867 -0.124854 0.197192
v 1.428895 -0.104871 0.098902
v 1.095621 -0.122654 0.209106
v 1.430546 -0.107993 0.175708
v 1.137286 -0.130830 0.220996
v 1.416876 -0.106473 0.162231
v 1.130757 -0.130334 0.240601
v 1.306245 -0.124363 0.212549
v 1.193542 -0.132400 0.228686
v 1.301062 -0.123933 0.192602
v 1.195039 -0.133210 0.249414
v 1.723001 -0.236195 -0.121534
v 1.674079 -0.216914 -0.099658
v 1.673351 -0.217548 -0.120776
v 1.727647 -0.236310 -0.101172
v 1.572243 -0.169729 -0.097730
v 1.765395 -0.244178 -0.123828
v 1.571511 -0.170362 -0.118848
v 1.752109 -0.242220 -0.138037
v 1.472249 -0.113515 -0.111548
v 1.777183 -0.247850 -0.164136
v 1.460959 -0.110827 -0.095410
v 1.759635 -0.244605 -0.164917
v 1.458271 -0.113146 -0.172217
v 1.751494 -0.244144 -0.193726
v 1.471595 -0.116645 -0.158789
v 1.765587 -0.247220 -0.206006
v 1.568402 -0.173100 -0.209082
v 1.723730 -0.239866 -0.217530
v 1.573394 -0.174571 -0.189111
v 1.729990 -0.241748 -0.237110
v 1.670700 -0.221115 -0.225195
v 1.669011 -0.221338 -0.246314
v 1.519250 -0.120308 -0.202563
v 1.522091 -0.122427 -0.091186
v 1.482578 -0.155482 -0.195654
v 1.485228 -0.157468 -0.091577
v 1.441606 -0.147702 -0.202563
v 1.403742 -0.142207 -0.089258
v 1.401054 -0.140226 -0.193335
v 1.232594 0.091933 0.111182
v 1.134944 -0.126114 0.104248
v 1.179141 0.111843 0.113086
v 1.141087 0.118064 0.136133
v 1.191851 -0.127254 0.103101
v 1.096889 -0.119890 0.127295
v 1.334125 0.043061 0.106958
v 1.303865 -0.119824 0.101196
v 1.428895 -0.104871 0.098902
v 1.445638 -0.014892 0.102344
v 1.475204 -0.023014 -0.170288
v 1.765587 -0.247220 -0.206006
v 1.458271 -0.113146 -0.172217
v 1.809862 -0.009282 -0.214478
v 1.598776 -0.010146 -0.212549
v 1.774303 -0.003810 -0.245947
v 1.568402 -0.173100 -0.209082
v 1.729990 -0.241748 -0.237110
v 1.709791 -0.002166 -0.254370
v 1.669011 -0.221338 -0.246314
v 1.736940 -0.237274 0.086987
v 1.724075 0.001174 0.096973
v 1.781138 0.000679 0.095825
v 1.820152 -0.007323 0.116528
v 1.683372 -0.218013 0.088916
v 1.775955 -0.245277 0.107739
v 1.611719 -0.008202 0.098902
v 1.581497 -0.171088 0.093115
v 1.445023 -0.107847 0.098486
v 1.461726 -0.017868 0.101953
v 1.125035 0.118920 -0.194873
v 1.080760 -0.119018 -0.186035
v 1.459117 -0.019999 -0.169922
v 1.158366 0.111490 -0.227906
v 1.442181 -0.110132 -0.171826
v 1.114091 -0.126448 -0.219458
v 1.321298 0.041802 -0.204492
v 1.218539 0.089802 -0.239795
v 1.290884 -0.121153 -0.201026
v 1.177722 -0.129366 -0.231738
v 1.519250 -0.120308 -0.202563
v 1.456428 -0.066356 -0.217138
v 1.524626 -0.079270 -0.208691
v 1.534495 -0.039280 -0.200634
v 1.482578 -0.155482 -0.195654
v 1.513029 0.006570 -0.191406
v 1.441606 -0.147702 -0.202563
v 1.472095 0.014353 -0.198315
v 1.401054 -0.140226 -0.193335
v 1.431546 0.021830 -0.189111
v 1.379245 -0.094100 -0.198706
v 1.394488 -0.013072 -0.196386
v 1.388768 -0.053838 -0.204858
v 1.190662 -0.386570 0.171850
v 1.196346 -0.369443 0.153809
v 1.136441 -0.343327 0.174926
v 1.142125 -0.326201 0.156470
v 1.078726 -0.318909 0.176855
v 1.084410 -0.301782 0.158789
v 1.226026 -0.128925 -0.174121
v 1.418565 -0.065304 -0.133814
v 1.348985 -0.228654 -0.175269
v 1.459884 -0.122197 -0.133447
v 1.156256 -0.225255 -0.192578
v 1.290810 -0.373349 -0.192578
v 1.146042 -0.344475 -0.156860
v 1.088365 -0.319907 -0.155322
v 1.200222 -0.387864 -0.157226
v 1.226373 -0.442338 -0.156494
v 1.234554 -0.516362 -0.154566
v 1.496710 -0.079934 -0.136108
v 1.500088 -0.256942 -0.179517
v 1.437727 -0.118054 -0.132666
v 1.650654 -0.208417 -0.186402
v 1.679763 -0.323255 -0.207544
v 1.500972 -0.412690 -0.198706
v 1.710789 -0.436421 -0.173755
v 1.648159 -0.438467 -0.171460
v 1.581996 -0.459334 -0.168359
v 1.538028 -0.500683 -0.165698
v 1.503775 -0.566762 -0.162622
v 1.528467 -0.480327 0.141894
v 1.572626 -0.457099 0.160718
v 1.528658 -0.498540 0.159937
v 1.572433 -0.438886 0.142676
v 1.638789 -0.436082 0.160327
v 1.638560 -0.417870 0.142285
v 1.701420 -0.433886 0.158789
v 1.701227 -0.415677 0.141138
v 1.377208 -0.053558 0.093506
v 1.389497 -0.139666 0.095044
v 1.367685 -0.093716 0.094678
v 1.419295 0.022510 0.090820
v 1.382583 -0.012630 0.092749
v 1.500858 0.007453 0.088501
v 1.513106 -0.078655 0.089673
v 1.522667 -0.038493 0.088501
v 1.471020 -0.154722 0.092749
v 1.507730 -0.119582 0.090820
v 1.212625 -0.138386 0.169531
v 1.401054 -0.078245 0.120019
v 1.334930 -0.240120 0.163013
v 1.442374 -0.135015 0.116528
v 1.150802 -0.216277 0.190674
v 1.283781 -0.368760 0.181446
v 1.230750 -0.497814 0.147656
v 1.222496 -0.423833 0.151098
v 1.196346 -0.369443 0.153809
v 1.142125 -0.326201 0.156470
v 1.084410 -0.301782 0.158789
v 1.483539 -0.093478 0.117700
v 1.489874 -0.268735 0.158789
v 1.424556 -0.131724 0.117310
v 1.640595 -0.217414 0.156885
v 1.671622 -0.312442 0.175708
v 1.492677 -0.407325 0.175293
v 1.701227 -0.415677 0.141138
v 1.638560 -0.417870 0.142285
v 1.572433 -0.438886 0.142676
v 1.528467 -0.480327 0.141894
v 1.494214 -0.546467 0.139966
v 1.476396 -0.024146 0.159546
v 1.765970 -0.246002 0.178003
v 1.459001 -0.114267 0.160718
v 1.810170 -0.008046 0.186841
v 1.617631 -0.013840 0.187207
v 1.783787 -0.004094 0.212158
v 1.587448 -0.176829 0.184131
v 1.739628 -0.242047 0.203735
v 1.687019 -0.223523 0.214087
v 1.727723 -0.004332 0.222143
v 1.222879 0.093591 -0.114624
v 1.129106 -0.125019 -0.104248
v 1.173421 0.112914 -0.113086
v 1.143199 0.117991 -0.127686
v 1.182098 -0.125580 -0.106567
v 1.098924 -0.119943 -0.119214
v 1.324331 0.044459 -0.116553
v 1.294034 -0.118414 -0.110791
v 1.432351 -0.106042 -0.110010
v 1.449094 -0.016063 -0.113477
v 1.154066 0.113099 0.205640
v 1.109867 -0.124854 0.197192
v 1.432775 -0.016075 0.161084
v 1.181485 0.107124 0.229834
v 1.416876 -0.106473 0.162231
v 1.137286 -0.130830 0.220996
v 1.331243 0.039056 0.195654
v 1.234245 0.086787 0.236743
v 1.301062 -0.123933 0.192602
v 1.193542 -0.132400 0.228686
v 1.723001 -0.236195 -0.121534
v 1.714169 0.001620 -0.128833
v 1.767276 0.001743 -0.129981
v 1.796383 -0.004286 -0.146875
v 1.673351 -0.217548 -0.120776
v 1.752109 -0.242220 -0.138037
v 1.601849 -0.007489 -0.124610
v 1.571511 -0.170362 -0.118848
v 1.472249 -0.113515 -0.111548
v 1.489031 -0.023540 -0.114624
v 1.061485 -0.026228 -0.014014
v 1.011064 0.057580 0.107739
v 1.047162 -0.029603 0.105395
v 1.022047 0.069050 -0.011718
v 1.011064 0.057580 -0.106152
v 1.061485 -0.026228 0.023242
v 1.047162 -0.029603 -0.103858
v 1.022047 0.069050 0.020947
v -0.301102 -0.193222 0.048194
v -0.301102 -0.193222 -0.046655
v -0.301102 -0.078022 0.048194
v -0.301102 -0.078022 -0.046655
v -0.281441 -0.179459 0.000586
v -0.281441 -0.064259 0.000586
v -0.301102 -0.316102 -0.046655
v -0.281441 -0.417539 0.000586
v -0.301102 -0.431302 -0.046655
v -0.281441 -0.302339 0.000586
v -0.301102 -0.316102 0.048194
v -0.301102 -0.431302 0.048194
v 0.720569 0.104113 0.121924
v 0.750366 0.065510 0.043213
v 0.727058 0.121059 0.052808
v 0.741918 0.053287 0.113086
v 0.720569 0.104113 -0.120362
v 0.750366 0.065510 -0.041675
v 0.741918 0.053287 -0.111548
v 0.727058 0.121059 -0.051245
v -0.707181 0.213588 0.000586
v -0.567560 0.213588 0.000586
v -0.698157 0.200701 -0.030127
v -0.698157 0.200701 0.031690
v -0.558536 0.200701 -0.030127
v -0.558536 0.200701 0.031690
v 0.670726 0.144130 0.056665
v 0.617463 0.104255 0.121167
v 0.669035 0.125226 0.125000
v 0.614354 0.121209 0.052050
v 0.617463 0.104255 -0.119605
v 0.670726 0.144130 -0.055102
v 0.669035 0.125226 -0.123462
v 0.614354 0.121209 -0.050488
v 0.926776 0.108548 -0.011304
v 0.836729 0.057653 0.106567
v 0.923897 0.093722 0.108106
v 0.831507 0.069131 -0.012866
v 0.836729 0.057653 -0.105005
v 0.926776 0.108548 0.020166
v 0.923897 0.093722 -0.106567
v 0.831507 0.069131 0.022094
v -0.977480 0.200701 0.031690
v -0.846842 0.213588 0.000586
v -0.986504 0.213587 0.000586
v -0.977480 0.200701 -0.030127
v -0.837819 0.200701 0.031690
v -0.837819 0.200701 -0.030127
v -0.395989 -0.259666 0.048194
v -0.395989 -0.144466 0.048194
v -0.348526 -0.226442 0.067798
v -0.348526 -0.111242 0.067798
v -0.301102 -0.193222 0.048194
v -0.301102 -0.078022 0.048194
v -0.301102 -0.316102 0.048194
v -0.301102 -0.431302 0.048194
v -0.348526 -0.349322 0.067798
v -0.348526 -0.464522 0.067798
v -0.395989 -0.382546 0.048194
v -0.395989 -0.497746 0.048194
v -0.698157 0.200701 0.031690
v -0.558536 0.200701 0.031690
v -0.676386 0.169585 0.044751
v -0.536725 0.169585 0.044751
v -0.654613 0.138470 0.031690
v -0.514951 0.138470 0.031690
v 0.872670 -0.094546 0.102344
v 0.882771 -0.039314 0.104248
v 0.841644 -0.039295 0.103882
v 0.901741 -0.065503 0.103491
v 0.836690 -0.116679 0.101587
v 0.800594 -0.029496 0.103882
v 0.923897 -0.029550 0.104663
v 0.914105 -0.070603 0.103491
v 0.946016 -0.065477 0.103882
v 0.914066 -0.111694 0.102344
v 0.975046 -0.094546 0.103101
v 0.923858 -0.152821 0.101196
v 1.011026 -0.116752 0.102734
v 0.964947 -0.039350 0.104663
v 0.959839 -0.007416 0.105395
v 1.006034 -0.039365 0.105030
v 0.988906 0.021626 0.106567
v 1.047162 -0.029603 0.105395
v 1.011064 0.057580 0.107739
v 0.887914 -0.007339 0.105030
v 0.914105 0.011577 0.105810
v 0.858846 0.021726 0.105810
v 0.914105 0.052669 0.106958
v 0.836729 0.057653 0.106567
v 0.923897 0.093722 0.108106
v 0.638699 0.015536 0.105810
v 0.644690 0.047719 0.111548
v 0.620384 0.047754 0.111182
v 0.655903 0.032447 0.108886
v 0.617426 0.002657 0.103491
v 0.596075 0.053486 0.111938
v 0.668997 0.053387 0.112720
v 0.663198 0.029467 0.108472
v 0.682092 0.032436 0.108886
v 0.663198 0.005522 0.104248
v 0.699257 0.015482 0.106177
v 0.668997 -0.018456 0.100049
v 0.720569 0.002518 0.103882
v 0.693304 0.047654 0.111548
v 0.690270 0.066266 0.115014
v 0.717613 0.047619 0.111938
v 0.707474 0.083174 0.118091
v 0.741918 0.053287 0.113086
v 0.720569 0.104113 0.121924
v 0.647723 0.066346 0.114649
v 0.663237 0.077360 0.116528
v 0.630560 0.083304 0.117700
v 0.663237 0.101306 0.120776
v 0.617463 0.104255 0.121167
v 0.669035 0.125226 0.125000
v -0.977480 0.200701 0.031690
v -0.837819 0.200701 0.031690
v -0.955707 0.169585 0.044751
v -0.816045 0.169585 0.044751
v -0.933894 0.138470 0.031690
v -0.794235 0.138470 0.031690
v -0.395989 -0.259666 0.048194
v -0.415650 -0.158224 0.000586
v -0.415650 -0.273424 0.000586
v -0.395989 -0.259666 -0.046655
v -0.395989 -0.144466 0.048194
v -0.395989 -0.144466 -0.046655
v -0.395989 -0.382546 -0.046655
v -0.395989 -0.497746 -0.046655
v -0.415650 -0.396304 0.000586
v -0.395989 -0.382546 0.048194
v -0.415650 -0.511504 0.000586
v -0.395989 -0.497746 0.048194
v 0.591008 0.065725 0.042432
v 0.617426 0.002657 0.103491
v 0.596075 0.053486 0.111938
v 0.614315 0.010175 0.032837
v 0.617426 0.002657 -0.101953
v 0.591008 0.065725 -0.040894
v 0.596075 0.053486 -0.110376
v 0.614315 0.010175 -0.031274
v 0.791994 -0.026113 -0.015918
v 0.836690 -0.116679 0.101587
v 0.800594 -0.029496 0.103882
v 0.831430 -0.121394 -0.018238
v 0.836690 -0.116679 -0.100025
v 0.791994 -0.026113 0.025146
v 0.800594 -0.029496 -0.102319
v 0.831430 -0.121394 0.027466
v 0.926699 -0.160893 -0.018994
v 1.011026 -0.116752 0.102734
v 0.923858 -0.152821 0.101196
v 1.022009 -0.121475 -0.017066
v 1.011026 -0.116752 -0.101172
v 0.926699 -0.160893 0.027857
v 0.923858 -0.152821 -0.099658
v 1.022009 -0.121475 0.026294
v -0.654613 0.138470 -0.030127
v -0.654613 0.138470 0.031690
v -0.514951 0.138470 -0.030127
v -0.514951 0.138470 0.031690
v -0.645589 0.125582 0.000586
v -0.505928 0.125582 0.000586
v 0.670687 -0.012895 0.029004
v 0.727020 0.010026 0.033227
v 0.668997 -0.018456 0.100049
v 0.720569 0.002518 0.103882
v 0.668997 -0.018456 -0.098510
v 0.720569 0.002518 -0.102319
v 0.727020 0.010026 -0.031690
v 0.670687 -0.012895 -0.027466
v -0.933894 0.138470 0.031690
v -0.933894 0.138470 -0.030127
v -0.794235 0.138470 0.031690
v -0.794235 0.138470 -0.030127
v -0.924872 0.125582 0.000586
v -0.785210 0.125582 0.000586
v -0.395989 -0.259666 -0.046655
v -0.395989 -0.144466 -0.046655
v -0.348526 -0.226442 -0.066235
v -0.348526 -0.111242 -0.066235
v -0.301102 -0.193222 -0.046655
v -0.301102 -0.078022 -0.046655
v -0.301102 -0.316102 -0.046655
v -0.301102 -0.431302 -0.046655
v -0.348526 -0.349322 -0.066235
v -0.348526 -0.464522 -0.066235
v -0.395989 -0.382546 -0.046655
v -0.395989 -0.497746 -0.046655
v -0.698157 0.200701 -0.030127
v -0.558536 0.200701 -0.030127
v -0.676386 0.169585 -0.043189
v -0.536725 0.169585 -0.043189
v -0.654613 0.138470 -0.030127
v -0.514951 0.138470 -0.030127
v 0.841644 -0.039295 -0.102319
v 0.836690 -0.116679 -0.100025
v 0.800594 -0.029496 -0.102319
v 0.872670 -0.094546 -0.100806
v 0.882771 -0.039314 -0.102710
v 0.901741 -0.065503 -0.101953
v 0.923897 -0.029550 -0.103101
v 0.946016 -0.065477 -0.102319
v 0.914105 -0.070603 -0.101953
v 0.914066 -0.111694 -0.100806
v 0.975046 -0.094546 -0.101562
v 0.923858 -0.152821 -0.099658
v 1.011026 -0.116752 -0.101172
v 0.959839 -0.007416 -0.103858
v 0.964947 -0.039350 -0.103101
v 1.006034 -0.039365 -0.103491
v 0.988906 0.021626 -0.105005
v 1.047162 -0.029603 -0.103858
v 1.011064 0.057580 -0.106152
v 0.914105 0.011577 -0.104248
v 0.887914 -0.007339 -0.103491
v 0.858846 0.021726 -0.104248
v 0.914105 0.052669 -0.105395
v 0.836729 0.057653 -0.105005
v 0.923897 0.093722 -0.106567
v 0.620384 0.047754 -0.109643
v 0.617426 0.002657 -0.101953
v 0.596075 0.053486 -0.110376
v 0.638699 0.015536 -0.104248
v 0.644690 0.047719 -0.110010
v 0.655903 0.032447 -0.107300
v 0.668997 0.053387 -0.111158
v 0.682092 0.032436 -0.107300
v 0.663198 0.029467 -0.106934
v 0.663198 0.005522 -0.102710
v 0.699257 0.015482 -0.104638
v 0.668997 -0.018456 -0.098510
v 0.720569 0.002518 -0.102319
v 0.690270 0.066266 -0.113477
v 0.693304 0.047654 -0.110010
v 0.717613 0.047619 -0.110376
v 0.707474 0.083174 -0.116553
v 0.741918 0.053287 -0.111548
v 0.720569 0.104113 -0.120362
v 0.663237 0.077360 -0.114990
v 0.647723 0.066346 -0.113086
v 0.630560 0.083304 -0.116138
v 0.663237 0.101306 -0.119214
v 0.617463 0.104255 -0.119605
v 0.669035 0.125226 -0.123462
v -0.977480 0.200701 -0.030127
v -0.837819 0.200701 -0.030127
v -0.955707 0.169585 -0.043189
v -0.816045 0.169585 -0.043189
v -0.933894 0.138470 -0.030127
v -0.794235 0.138470 -0.030127
v 1.729797 0.076554 0.096973
v 1.729797 0.076554 -0.095801
v 1.729797 0.132741 -0.119995
v 1.729797 0.132741 0.120776
v 1.666745 -0.355846 0.096973
v 1.666745 -0.355846 -0.095801
v 1.664749 -0.398474 0.096973
v 1.664749 -0.398474 -0.095801
v 1.658796 -0.440364 0.096973
v 1.658796 -0.440364 -0.095801
v 1.645894 0.252430 0.048584
v 1.729797 0.132741 -0.119995
v 1.645894 0.252430 -0.047802
v 1.729797 0.132741 0.120776
v 1.114974 -0.224318 0.096973
v 1.114974 -0.224318 -0.095801
v 1.133944 -0.156366 -0.095801
v 1.133944 -0.156366 0.096973
v 0.657707 0.223272 -0.065478
v 0.657707 0.160554 -0.010571
v 0.657707 0.160554 -0.103101
v 0.657707 0.223272 -0.010571
v 0.359954 -0.054629 0.096973
v 0.359954 -0.054629 -0.095801
v 0.366560 -0.095962 0.096973
v 0.366560 -0.095962 -0.095801
v 0.454418 -0.341726 0.096973
v 0.454418 -0.341726 -0.095801
v 0.454418 -0.395901 0.096973
v 0.454418 -0.395901 -0.095801
v 0.281425 0.164094 0.074317
v 0.281425 0.101375 0.010181
v 0.281425 0.164094 0.010181
v 0.281425 0.101375 0.079297
v 0.281425 0.132733 0.089673
v -0.030958 -0.046634 0.096973
v -0.030958 -0.046634 -0.095801
v 0.010361 -0.003034 -0.095801
v -0.030958 -0.096504 0.096973
v 0.010361 -0.003034 0.096973
v -0.030958 -0.096504 -0.095801
v 0.139883 -0.350105 0.096973
v 0.139883 -0.350105 -0.095801
v -1.049865 0.129369 -0.039331
v -1.049865 0.129369 0.040918
v -1.049865 0.112703 0.000586
v -1.049865 0.209828 -0.039331
v -1.049865 0.169597 -0.056250
v -1.049865 0.209828 0.040918
v -1.049865 0.169597 0.057813
v -1.049865 0.226490 0.000586
v -1.258951 0.140850 0.029370
v -1.075054 0.140850 0.029370
v -1.258951 0.128942 0.000586
v -1.075054 0.128942 0.000586
v -1.258951 0.140850 -0.027832
v -1.075054 0.140850 -0.027832
v 0.326008 0.252430 0.048584
v 1.645894 0.252430 0.048584
v 0.326008 0.252430 -0.047802
v 1.645894 0.252430 -0.047802
v 0.281425 0.164094 0.010181
v -0.402939 0.164094 0.010181
v -0.402939 0.164094 0.074317
v 0.281425 0.164094 0.074317
v 0.657707 0.160554 -0.010571
v 1.004346 0.160554 -0.010571
v 0.657707 0.160554 -0.103101
v 1.004346 0.160554 -0.103101
v -0.260436 0.076554 0.096973
v 0.326008 0.076554 0.096973
v -0.260436 0.076554 -0.095801
v 0.326008 0.076554 -0.095801
v -1.049865 0.209828 0.040918
v -1.258951 0.209828 0.040918
v -1.049865 0.226490 0.000586
v -1.258951 0.226490 0.000586
v -1.049865 0.209828 -0.039331
v -1.258951 0.209828 -0.039331
v 0.139883 -0.350105 0.096973
v 0.139883 -0.350105 -0.095801
v 0.244715 -0.348995 0.096973
v 0.244715 -0.348995 -0.095801
v -1.258951 0.140850 -0.027832
v -1.075054 0.198346 -0.027832
v -1.258951 0.198346 -0.027832
v -1.075054 0.140850 -0.027832
v -1.258951 0.169597 -0.039746
v -1.075054 0.169597 -0.039746
v 0.326008 0.132740 0.120776
v 1.729797 0.132741 0.120776
v 1.645894 0.252430 0.048584
v 0.326008 0.252430 0.048584
v 0.193183 -0.095962 0.096973
v 0.284384 -0.305392 0.096973
v 0.366560 -0.095962 0.096973
v 0.454418 -0.341726 0.096973
v 0.359954 -0.054629 0.096973
v 0.454418 -0.395901 0.096973
v 0.244715 -0.348995 0.096973
v 0.157778 -0.395901 0.096973
v 0.139883 -0.350105 0.096973
v 0.067039 -0.351710 0.096973
v -0.030958 -0.096504 0.096973
v -0.098774 -0.097678 0.096973
v -0.030958 -0.046634 0.096973
v -0.188860 -0.004210 0.096973
v 0.010361 -0.003034 0.096973
v -0.260436 0.076554 0.096973
v -0.260436 -0.004758 0.096973
v 0.326008 0.076554 0.096973
v 0.193183 -0.001859 0.096973
v 0.456031 -0.004758 0.096973
v 0.768876 -0.054629 0.096973
v 1.729797 0.132741 0.120776
v 0.326008 0.132740 0.120776
v 1.729797 0.076554 0.096973
v 1.133944 -0.156366 0.096973
v 0.797828 -0.140537 0.096973
v 1.114974 -0.224318 0.096973
v 1.433157 -0.355846 0.096973
v 1.666745 -0.355846 0.096973
v 1.664749 -0.398474 0.096973
v 1.658796 -0.440364 0.096973
v 1.391263 -0.440364 0.096973
v 1.391263 -0.398474 0.096973
v 0.281425 0.164094 0.074317
v -0.402939 0.164094 0.074317
v 0.281425 0.132733 0.089673
v -0.402939 0.132733 0.089673
v 0.281425 0.101375 0.079297
v -0.402939 0.101375 0.079297
v -1.258951 0.129369 0.040918
v -1.049865 0.129369 0.040918
v -1.049865 0.169597 0.057813
v -1.258951 0.169597 0.057813
v -1.049865 0.209828 0.040918
v -1.258951 0.209828 0.040918
v -1.258951 0.226490 0.000586
v -1.258951 0.198346 0.029370
v -1.258951 0.209828 0.040918
v -1.258951 0.210254 0.000586
v -1.258951 0.169597 0.041284
v -1.258951 0.198346 -0.027832
v -1.258951 0.169597 0.057813
v -1.258951 0.209828 -0.039331
v -1.258951 0.129369 0.040918
v -1.258951 0.169597 -0.039746
v -1.258951 0.140850 0.029370
v -1.258951 0.169597 -0.056250
v -1.258951 0.112703 0.000586
v -1.258951 0.129369 -0.039331
v -1.258951 0.128942 0.000586
v -1.258951 0.140850 -0.027832
v -1.075054 0.198346 0.029370
v -1.075054 0.169597 0.041284
v -1.075054 0.210254 0.000586
v -1.075054 0.140850 0.029370
v -1.075054 0.128942 0.000586
v -1.075054 0.198346 -0.027832
v -1.075054 0.140850 -0.027832
v -1.075054 0.169597 -0.039746
v -0.402939 0.101375 0.010181
v -0.402939 0.164094 0.074317
v -0.402939 0.164094 0.010181
v -0.402939 0.101375 0.079297
v -0.402939 0.132733 0.089673
v 0.797828 -0.140537 -0.095801
v 0.768876 -0.054629 0.096973
v 0.768876 -0.054629 -0.095801
v 0.797828 -0.140537 0.096973
v -0.098774 -0.097678 -0.095801
v 0.067039 -0.351710 -0.095801
v -0.098774 -0.097678 0.096973
v 0.067039 -0.351710 0.096973
v -0.188860 -0.004210 0.096973
v -0.188860 -0.004210 -0.095801
v 0.326008 0.076554 0.096973
v 0.326008 0.076554 -0.095801
v 0.326008 0.252430 -0.047802
v 0.326008 0.132740 -0.119995
v 0.326008 0.252430 0.048584
v 0.326008 0.132740 0.120776
v 0.244715 -0.348995 0.096973
v 0.244715 -0.348995 -0.095801
v 0.284384 -0.305392 0.096973
v 0.284384 -0.305392 -0.095801
v 0.193183 -0.095962 0.096973
v 0.193183 -0.095962 -0.095801
v 0.193183 -0.001859 0.096973
v 0.193183 -0.001859 -0.095801
v 1.004346 0.223272 -0.065478
v 1.004346 0.160554 -0.010571
v 1.004346 0.223272 -0.010571
v 1.004346 0.160554 -0.103101
v 1.391263 -0.398474 -0.095801
v 1.433157 -0.355846 0.096973
v 1.433157 -0.355846 -0.095801
v 1.391263 -0.398474 0.096973
v 1.391263 -0.440364 -0.095801
v 1.391263 -0.440364 0.096973
v 1.658796 -0.440364 0.096973
v 1.658796 -0.440364 -0.095801
v 1.391263 -0.440364 -0.095801
v 1.391263 -0.440364 0.096973
v -1.075054 0.198346 0.029370
v -1.258951 0.198346 0.029370
v -1.075054 0.210254 0.000586
v -1.258951 0.210254 0.000586
v -1.075054 0.198346 -0.027832
v -1.258951 0.198346 -0.027832
v 0.768876 -0.054629 0.096973
v 0.768876 -0.054629 -0.095801
v 0.456031 -0.004758 0.096973
v 0.456031 -0.004758 -0.095801
v 0.359954 -0.054629 0.096973
v 0.359954 -0.054629 -0.095801
v 0.067039 -0.351710 -0.095801
v 0.067039 -0.351710 0.096973
v -0.188860 -0.004210 0.096973
v 0.157778 -0.395901 -0.095801
v -0.188860 -0.004210 -0.095801
v -0.260436 -0.004758 0.096973
v -0.260436 -0.004758 -0.095801
v 0.157778 -0.395901 0.096973
v 0.454418 -0.395901 -0.095801
v 0.454418 -0.395901 0.096973
v -1.258951 0.129369 0.040918
v -1.049865 0.129369 0.040918
v -1.258951 0.112703 0.000586
v -1.049865 0.112703 0.000586
v -1.258951 0.129369 -0.039331
v -1.049865 0.129369 -0.039331
v 0.010361 -0.003034 -0.095801
v 0.010361 -0.003034 0.096973
v 0.193183 -0.001859 -0.095801
v 0.193183 -0.001859 0.096973
v 0.797828 -0.140537 -0.095801
v 1.114974 -0.224318 -0.095801
v 0.797828 -0.140537 0.096973
v 1.114974 -0.224318 0.096973
v -0.402939 0.101375 0.010181
v 0.281425 0.101375 0.010181
v 0.281425 0.101375 0.079297
v -0.402939 0.101375 0.079297
v 1.004346 0.223272 -0.010571
v 0.657707 0.223272 -0.010571
v 1.004346 0.223272 -0.065478
v 0.657707 0.223272 -0.065478
v 1.133944 -0.156366 -0.095801
v 1.433157 -0.355846 -0.095801
v 1.133944 -0.156366 0.096973
v 1.433157 -0.355846 0.096973
v -1.075054 0.198346 0.029370
v -1.258951 0.169597 0.041284
v -1.258951 0.198346 0.029370
v -1.075054 0.169597 0.041284
v -1.258951 0.140850 0.029370
v -1.075054 0.140850 0.029370
v 0.657707 0.160554 -0.103101
v 0.326008 0.132740 -0.119995
v 0.657707 0.223272 -0.065478
v 1.004346 0.160554 -0.103101
v 0.326008 0.252430 -0.047802
v 1.729797 0.132741 -0.119995
v 1.004346 0.223272 -0.065478
v 1.645894 0.252430 -0.047802
v 1.729797 0.076554 -0.095801
v 0.326008 0.076554 -0.095801
v 1.729797 0.132741 -0.119995
v 0.326008 0.132740 -0.119995
v 0.768876 -0.054629 -0.095801
v 1.133944 -0.156366 -0.095801
v 0.797828 -0.140537 -0.095801
v 1.114974 -0.224318 -0.095801
v 0.456031 -0.004758 -0.095801
v 1.433157 -0.355846 -0.095801
v 0.359954 -0.054629 -0.095801
v 1.666745 -0.355846 -0.095801
v 1.664749 -0.398474 -0.095801
v 1.658796 -0.440364 -0.095801
v 1.391263 -0.440364 -0.095801
v 1.391263 -0.398474 -0.095801
v 0.193183 -0.001859 -0.095801
v 0.193183 -0.095962 -0.095801
v 0.010361 -0.003034 -0.095801
v 0.366560 -0.095962 -0.095801
v -0.260436 0.076554 -0.095801
v 0.284384 -0.305392 -0.095801
v 0.454418 -0.341726 -0.095801
v 0.454418 -0.395901 -0.095801
v 0.244715 -0.348995 -0.095801
v 0.157778 -0.395901 -0.095801
v 0.139883 -0.350105 -0.095801
v 0.067039 -0.351710 -0.095801
v -0.030958 -0.096504 -0.095801
v -0.085410 -0.117627 -0.095801
v -0.098774 -0.097678 -0.095801
v -0.030958 -0.046634 -0.095801
v -0.188860 -0.004210 -0.095801
v -0.260436 -0.004758 -0.095801
v -1.258951 0.129369 -0.039331
v -1.049865 0.129369 -0.039331
v -1.258951 0.169597 -0.056250
v -1.049865 0.169597 -0.056250
v -1.049865 0.209828 -0.039331
v -1.258951 0.209828 -0.039331
v 0.657707 0.223272 -0.010571
v 1.004346 0.223272 -0.010571
v 1.004346 0.160554 -0.010571
v 0.657707 0.160554 -0.010571
v 0.281425 0.164094 0.010181
v -0.402939 0.101375 0.010181
v -0.402939 0.164094 0.010181
v 0.281425 0.101375 0.010181
v -0.228755 0.050434 0.145752
v -0.228755 0.055722 0.132690
v -0.229601 0.053445 0.133057
v -0.229601 0.048844 0.144190
v -0.228679 0.051259 0.133057
v -0.228755 0.037739 0.150733
v -0.228679 0.047312 0.142676
v -0.229601 0.037739 0.148804
v -0.228679 0.037739 0.146484
v -0.228679 0.028166 0.142676
v -0.229601 0.026634 0.144190
v -0.228679 0.024222 0.133057
v -0.229601 0.022034 0.133057
v -0.228755 0.025044 0.145752
v -0.228755 0.019760 0.132690
v -0.224263 0.050434 0.145752
v -0.226491 0.056701 0.132690
v -0.226491 0.051102 0.146118
v -0.224225 0.055722 0.132690
v -0.228755 0.050434 0.145752
v -0.228755 0.055722 0.132690
v -0.226491 0.028780 0.141894
v -0.228679 0.028166 0.142676
v -0.228679 0.024222 0.133057
v -0.226491 0.025132 0.133057
v -0.224302 0.024222 0.133057
v -0.224341 0.028166 0.142676
v -0.224341 0.047312 0.142676
v -0.228679 0.047312 0.142676
v -0.226491 0.046702 0.141894
v -0.228679 0.037739 0.146484
v -0.226491 0.037739 0.145752
v -0.224341 0.037739 0.146484
v -0.226491 0.028780 0.141894
v -0.228679 0.028166 0.142676
v -0.224341 0.028166 0.142676
v -0.224263 0.050434 0.145752
v -0.224225 0.055722 0.132690
v -0.223380 0.053445 0.133057
v -0.223380 0.048844 0.144190
v -0.224302 0.051259 0.133057
v -0.224263 0.037739 0.150733
v -0.224341 0.047312 0.142676
v -0.224341 0.037739 0.146484
v -0.224302 0.024222 0.133057
v -0.224263 0.025044 0.145752
v -0.224225 0.019760 0.132690
v -0.223380 0.022034 0.133057
v -0.223380 0.026634 0.144190
v -0.223380 0.037739 0.148804
v -0.224341 0.028166 0.142676
v -0.224302 0.051259 0.133057
v -0.224341 0.047312 0.142676
v -0.228679 0.051259 0.133057
v -0.228679 0.047312 0.142676
v -0.226491 0.046702 0.141894
v -0.226491 0.050346 0.133057
v -0.228755 0.025044 0.145752
v -0.228755 0.019760 0.132690
v -0.226491 0.018777 0.132690
v -0.226491 0.024376 0.146118
v -0.224263 0.025044 0.145752
v -0.224225 0.019760 0.132690
v -0.224263 0.050434 0.145752
v -0.226491 0.051102 0.146118
v -0.228755 0.050434 0.145752
v -0.226491 0.037739 0.151880
v -0.224263 0.037739 0.150733
v -0.228755 0.037739 0.150733
v -0.228755 0.025044 0.145752
v -0.226491 0.024376 0.146118
v -0.224263 0.025044 0.145752
v -0.244770 0.056021 0.122314
v -0.244770 0.019461 0.122314
v -0.245846 0.057104 0.115014
v -0.245846 0.018378 0.115014
v -0.253870 0.037739 0.115014
v -0.252334 0.037739 0.122314
v -0.208213 0.056021 0.122314
v -0.207138 0.057104 0.115014
v -0.226491 0.065122 0.115014
v -0.226491 0.063590 0.122314
v -0.244770 0.056021 0.122314
v -0.245846 0.057104 0.115014
v -0.208213 0.056021 0.122314
v -0.200647 0.037739 0.122314
v -0.199112 0.037739 0.115014
v -0.208213 0.019461 0.122314
v -0.207138 0.057104 0.115014
v -0.207138 0.018378 0.115014
v -0.208213 0.019461 0.122314
v -0.207138 0.018378 0.115014
v -0.226491 0.010356 0.115014
v -0.226491 0.011888 0.122314
v -0.244770 0.019461 0.122314
v -0.245846 0.018378 0.115014
v -0.240737 0.023492 0.133838
v -0.246651 0.037739 0.133838
v -0.252334 0.037739 0.122314
v -0.240737 0.051989 0.133838
v -0.244770 0.019461 0.122314
v -0.244770 0.056021 0.122314
v -0.245846 0.057104 0.115014
v -0.248034 0.059254 0.093506
v -0.256943 0.037739 0.093506
v -0.253870 0.037739 0.115014
v -0.245846 0.018378 0.115014
v -0.248034 0.016227 0.093506
v -0.240737 0.051989 0.133838
v -0.244770 0.056021 0.122314
v -0.226491 0.063590 0.122314
v -0.226491 0.057891 0.133838
v -0.212244 0.051989 0.133838
v -0.208213 0.056021 0.122314
v -0.207138 0.057104 0.115014
v -0.226491 0.068167 0.093506
v -0.226491 0.065122 0.115014
v -0.245846 0.057104 0.115014
v -0.204987 0.059254 0.093506
v -0.248034 0.059254 0.093506
v -0.212244 0.023492 0.133838
v -0.212244 0.051989 0.133838
v -0.208213 0.019461 0.122314
v -0.208213 0.056021 0.122314
v -0.200647 0.037739 0.122314
v -0.206370 0.037739 0.133838
v -0.207138 0.057104 0.115014
v -0.204987 0.059254 0.093506
v -0.196078 0.037739 0.093506
v -0.199112 0.037739 0.115014
v -0.207138 0.018378 0.115014
v -0.204987 0.016227 0.093506
v -0.240737 0.023492 0.133838
v -0.244770 0.019461 0.122314
v -0.226491 0.011888 0.122314
v -0.226491 0.017590 0.133838
v -0.212244 0.023492 0.133838
v -0.208213 0.019461 0.122314
v -0.207138 0.018378 0.115014
v -0.245846 0.018378 0.115014
v -0.204987 0.016227 0.093506
v -0.248034 0.016227 0.093506
v -0.226491 0.007314 0.093506
v -0.226491 0.010356 0.115014
v -0.240737 0.023492 0.133838
v -0.212244 0.051989 0.133838
v -0.240737 0.051989 0.133838
v -0.226491 0.057891 0.133838
v -0.246651 0.037739 0.133838
v -0.212244 0.023492 0.133838
v -0.206370 0.037739 0.133838
v -0.226491 0.017590 0.133838
v -0.416515 0.069796 0.110234
v -0.310540 0.012538 0.122324
v -0.310540 0.069796 0.110234
v -0.416515 0.012538 0.122324
v -0.416515 0.069796 0.110234
v -0.334951 0.082127 0.163210
v -0.351025 0.085781 0.178902
v -0.310540 0.069796 0.110234
v -0.310540 0.079450 0.151706
v -0.322323 0.082127 0.163210
v -0.416515 0.100671 0.242874
v -0.351025 0.100671 0.242874
v -0.401114 0.104171 0.257910
v -0.366426 0.104171 0.257910
v -0.416515 0.012538 0.122324
v -0.416515 0.043414 0.254963
v -0.351025 0.028522 0.190991
v -0.351025 0.043414 0.254963
v -0.366426 0.046914 0.269999
v -0.401114 0.046914 0.269999
v -0.334951 0.024870 0.175299
v -0.310540 0.012538 0.122324
v -0.310540 0.022192 0.163794
v -0.322323 0.024870 0.175299
v -0.310540 0.012538 0.122324
v -0.310540 0.079450 0.151706
v -0.310540 0.069796 0.110234
v -0.310540 0.022192 0.163794
v -0.322323 0.082127 0.163210
v -0.322323 0.024870 0.175299
v -0.334951 0.024870 0.175299
v -0.334951 0.082127 0.163210
v -0.351025 0.028522 0.190991
v -0.351025 0.085781 0.178902
v -0.351025 0.043414 0.254963
v -0.351025 0.100671 0.242874
v -0.366426 0.104171 0.257910
v -0.366426 0.046914 0.269999
v -0.401114 0.046914 0.269999
v -0.401114 0.104171 0.257910
v -0.416515 0.043414 0.254963
v -0.416515 0.100671 0.242874
v -0.416515 0.069796 0.110234
v -0.416515 0.012538 0.122324
v 0.286441 0.081911 0.043261
v -0.426440 0.081911 0.043261
v -0.426440 0.013313 0.043261
v 0.286441 0.013313 0.043261
v -0.426440 0.013338 0.049658
v 0.286441 0.081937 0.049658
v 0.286441 0.013338 0.049658
v -0.426440 0.081936 0.049658
v 0.286441 0.081911 0.110473
v 0.286441 0.047610 0.126464
v -0.426440 0.081911 0.110473
v -0.426440 0.047610 0.126464
v 0.286441 0.013313 0.115674
v -0.426440 0.013313 0.115674
vn 0.8285 0.5600 -0.0000
vn 0.9591 0.2831 -0.0000
vn 0.9591 0.2830 -0.0000
vn 0.9980 -0.0627 -0.0000
vn 0.9980 -0.0628 -0.0000
vn 0.9955 -0.0948 -0.0000
vn 0.9955 -0.0946 -0.0000
vn 0.9962 -0.0870 -0.0000
vn 0.9910 -0.1337 -0.0000
vn 0.9910 -0.1340 -0.0000
vn 1.0000 -0.0000 -0.0000
vn 0.7952 -0.6063 -0.0000
vn 0.8344 0.5511 -0.0000
vn 0.5122 0.8589 -0.0000
vn 0.8345 0.5510 -0.0000
vn 0.9570 0.2900 -0.0000
vn 0.4722 0.8815 -0.0000
vn 0.8944 0.4472 -0.0000
vn 0.7071 -0.0000 0.7071
vn 0.7071 -0.0000 -0.7071
vn 0.9888 0.1491 -0.0000
vn 0.9889 0.1489 -0.0000
vn 0.9888 0.1489 -0.0000
vn -0.0000 0.9224 -0.3863
vn -0.0000 0.9224 0.3863
vn -0.0000 0.8345 -0.5511
vn -0.0000 0.8345 0.5511
vn -0.2443 0.9697 -0.0000
vn -0.9082 0.4185 -0.0000
vn -0.9082 0.4185 0.0001
vn -0.0000 1.0000 -0.0000
vn -0.0000 0.7071 -0.7071
vn -0.0000 0.7071 0.7071
vn -0.8944 0.4472 -0.0000
vn -0.3162 0.9487 -0.0000
vn 0.3162 0.9487 -0.0000
vn 0.8944 0.4472 0.0002
vn -0.4722 0.8815 -0.0000
vn -0.0000 0.9223 0.3865
vn -0.0000 0.3863 0.9224
vn -0.0000 0.9224 -0.3862
vn -0.0000 0.3863 -0.9224
vn -0.0000 -0.6754 0.7375
vn -0.0000 -0.0000 1.0000
vn -0.0000 -0.7378 0.6750
vn -0.0000 -0.2052 0.9787
vn -0.0000 -0.2204 0.9754
vn -0.0000 -0.0315 0.9995
vn -0.0000 0.1491 0.9888
vn -0.0000 0.0001 1.0000
vn -0.0000 -0.3863 0.9224
vn -0.0000 0.0707 0.9975
vn -0.0000 -0.3632 0.9317
vn 0.0004 0.4872 0.8733
vn -0.0000 0.4566 0.8897
vn -0.0002 0.4872 0.8733
vn -0.0000 0.3931 0.9195
vn -0.0000 0.3469 0.9379
vn -0.0000 0.3468 0.9379
vn -0.0000 -0.7071 0.7071
vn -0.7071 -0.0000 0.7071
vn -0.0000 -0.2518 0.9678
vn -0.0000 -0.2519 0.9678
vn -0.0000 -0.2444 0.9697
vn -0.8532 -0.5215 -0.0000
vn -0.9888 0.1491 -0.0000
vn -1.0000 -0.0000 -0.0000
vn -0.9570 0.2900 -0.0000
vn -0.7071 -0.0002 0.7071
vn -0.7071 -0.0000 -0.7071
vn -0.8287 -0.5597 -0.0000
vn -0.9591 -0.2830 -0.0000
vn -0.9980 0.0627 -0.0000
vn -0.9980 0.0628 -0.0000
vn -0.9955 0.0948 -0.0000
vn -0.9955 0.0946 -0.0000
vn -0.9962 0.0872 -0.0000
vn -0.9910 0.1337 -0.0000
vn -0.0000 -0.6750 -0.7378
vn -0.0000 -0.6750 0.7378
vn -0.0000 -0.7378 -0.6750
vn -0.0000 -1.0000 -0.0000
vn 0.7953 -0.6063 -0.0000
vn -0.0000 -0.7071 -0.7071
vn -0.0000 -0.0000 -1.0000
vn -0.0000 -0.2052 -0.9787
vn -0.0000 -0.2208 -0.9753
vn -0.0000 0.1491 -0.9888
vn -0.0000 -0.0315 -0.9995
vn -0.0000 0.8344 -0.5512
vn -0.0000 -0.3863 -0.9224
vn -0.0000 0.3468 -0.9379
vn -0.0000 0.3929 -0.9196
vn -0.0000 0.3469 -0.9379
vn -0.0000 0.4568 -0.8896
vn -0.0000 0.0697 -0.9976
vn -0.0000 0.0704 -0.9975
vn -0.0000 -0.3628 -0.9319
vn -0.0000 -0.3631 -0.9317
vn -0.0000 0.5181 -0.8553
vn -0.0000 0.5186 -0.8550
vn -0.0000 -0.2517 -0.9678
vn -0.0000 -0.2518 -0.9678
vn -0.0000 -0.2519 -0.9678
vn -0.0000 -0.2444 -0.9697
vn 0.6545 -0.7411 0.1498
vn 0.5348 -0.6844 0.4956
vn 0.4252 -0.4016 0.8111
vn 0.4505 -0.5691 -0.6879
vn 0.5278 -0.5515 -0.6460
vn 0.9530 -0.1260 -0.2756
vn 0.6617 -0.7404 0.1181
vn 0.5424 -0.2751 0.7938
vn 0.8670 -0.4968 -0.0393
vn 0.4985 -0.5465 0.6729
vn 0.5730 -0.2591 -0.7775
vn 0.5576 0.2906 -0.7776
vn 0.6638 -0.7191 -0.2054
vn 0.4013 -0.7318 -0.5508
vn 0.4016 -0.7797 0.4804
vn 0.5114 -0.6530 0.5586
vn 0.4413 -0.4570 -0.7722
vn 0.2516 0.0315 -0.9673
vn 0.4811 0.0473 -0.8754
vn 0.2840 0.2289 -0.9311
vn 0.5437 -0.6934 -0.4728
vn 0.6853 -0.5671 -0.4568
vn 0.4958 -0.8421 0.2124
vn 0.1339 -0.9059 0.4017
vn 0.3455 -0.3062 -0.8871
vn 0.5342 -0.6910 -0.4870
vn 0.5349 -0.7393 -0.4090
vn 0.6368 -0.7390 -0.2201
vn 0.4477 -0.7228 -0.5264
vn 0.3772 -0.8017 0.4637
vn 0.2212 -0.6320 -0.7427
vn 0.1961 -0.0156 -0.9805
vn 0.4949 -0.6598 0.5655
vn 0.5813 0.8091 0.0864
vn 0.5041 0.7561 0.4174
vn 0.9907 0.1339 -0.0236
vn 0.5036 0.4955 0.7077
vn 0.9756 -0.2125 -0.0552
vn 0.5277 0.8112 -0.2520
vn 0.9989 0.0079 0.0472
vn 0.4338 -0.8282 -0.3549
vn 0.5033 0.1101 0.8571
vn 0.9425 -0.3063 0.1334
vn 0.5352 -0.4722 -0.7004
vn 0.7986 -0.5930 0.1027
vn 0.4663 -0.2845 0.8376
vn 0.4793 -0.6206 -0.6206
vn 0.9361 -0.3146 -0.1573
vn 0.5522 -0.4102 0.7258
vn 0.5826 -0.5039 0.6377
vn 0.4638 -0.7235 -0.5113
vn 0.8036 -0.5909 -0.0709
vn 0.6371 -0.1101 -0.7629
vn 0.2676 -0.6532 -0.7083
vn 0.2519 0.1183 -0.9605
vn 0.5512 -0.7875 -0.2757
vn 0.1965 -0.6447 0.7388
vn 0.5747 -0.4094 0.7086
vn 0.5282 -0.1892 -0.8278
vn -0.0396 0.1258 -0.9913
vn 0.8298 -0.5453 -0.1185
vn 0.3222 -0.8253 0.4638
vn 0.2745 -0.8553 0.4394
vn 0.3471 -0.2051 0.9151
vn 0.5117 -0.7637 0.3936
vn 0.4104 -0.7975 0.4422
vn 0.5352 -0.7004 -0.4722
vn 0.3385 -0.6614 -0.6693
vn 0.6847 -0.6610 0.3069
vn 0.4238 -0.2197 0.8787
vn 0.7000 0.6842 0.2045
vn 0.5901 0.1810 0.7868
vn 0.8858 -0.2294 0.4035
vn 0.9991 0.0393 -0.0157
vn 0.4158 0.7531 -0.5099
vn 0.8894 0.0236 -0.4565
vn 0.7723 -0.6226 -0.1261
vn 0.4722 0.4407 -0.7634
vn 0.6138 -0.7869 -0.0630
vn 0.7318 -0.5508 0.4013
vn 0.4346 -0.1185 0.8928
vn 0.4578 -0.8281 -0.3234
vn 0.5989 -0.7721 0.2127
vn 0.3695 -0.4953 0.7862
vn 0.3621 -0.7400 -0.5668
vn 0.4631 -0.2590 0.8476
vn 0.5197 -0.8349 0.1812
vn 0.3547 -0.2838 0.8908
vn 0.6368 -0.7074 0.3066
vn 0.6368 -0.7075 0.3066
vn 0.2900 -0.9333 -0.2118
vn 0.2366 -0.7178 -0.6548
vn 0.2279 -0.4480 -0.8645
vn 0.2121 0.1417 -0.9669
vn 0.6381 -0.6616 -0.3938
vn 0.9648 -0.0470 -0.2589
vn 0.5442 0.3784 -0.7488
vn 0.7660 -0.5133 -0.3870
vn 0.3681 -0.3682 -0.8538
vn 0.4414 -0.8276 -0.3468
vn -0.0000 -1.0000 -0.0077
vn -0.0078 0.5886 -0.8084
vn -0.0314 0.8340 0.5509
vn -0.0157 -0.9979 0.0630
vn 0.0079 0.8344 0.5510
vn -0.0000 0.6326 0.7745
vn -0.0157 0.6992 0.7147
vn -0.0000 0.9737 0.2277
vn -0.0787 0.6769 0.7319
vn -0.0079 0.9715 0.2370
vn -0.1730 0.8887 0.4247
vn -0.5057 0.3635 0.7824
vn -0.0236 0.9460 -0.3232
vn -0.6371 0.6213 0.4562
vn -0.1738 0.9794 0.1027
vn -0.6265 0.7755 -0.0783
vn -0.0314 0.9895 -0.1413
vn -0.2360 0.9364 -0.2597
vn -0.6700 0.5518 -0.4966
vn -0.0394 0.8757 -0.4812
vn -0.1578 0.6944 -0.7021
vn 0.0236 0.8182 -0.5744
vn 0.0157 0.5974 -0.8018
vn -0.0549 0.7367 -0.6740
vn -0.0000 0.8554 -0.5180
vn -0.4168 0.1494 -0.8966
vn 0.0393 0.6451 -0.7631
vn 0.0158 0.6870 -0.7265
vn -0.0786 0.5817 -0.8096
vn -0.1105 0.7109 -0.6946
vn -0.5972 0.4557 -0.6600
vn -0.1336 0.8880 -0.4401
vn -0.5439 0.7490 -0.3784
vn -0.0314 0.6912 -0.7220
vn -0.0629 0.9829 -0.1730
vn -0.4409 0.8975 0.0079
vn -0.0867 0.9617 -0.2601
vn -0.0472 0.9909 0.1259
vn -0.0157 0.9289 0.3700
vn -0.0947 0.8997 0.4262
vn -0.0473 0.7484 0.6616
vn -0.1020 0.9887 0.1099
vn -0.0394 0.6535 0.7559
vn -0.0393 0.8491 -0.5268
vn -0.0633 0.8862 0.4589
vn -0.0472 0.9989 -0.0000
vn -0.0078 0.9494 -0.3139
vn 0.0631 0.8910 0.4495
vn 0.1500 0.9867 0.0632
vn 0.0315 0.8494 -0.5268
vn 0.0945 0.9690 -0.2284
vn -0.0000 0.5747 -0.8184
vn 0.1413 0.8871 -0.4394
vn 0.5276 0.8113 -0.2520
vn 0.2199 0.9504 0.2200
vn 0.0158 0.5836 -0.8119
vn 0.0394 0.6703 0.7410
vn 0.1572 0.8094 0.5658
vn 0.5040 0.7561 0.4174
vn 0.5034 0.4955 0.7079
vn 0.5810 0.8093 0.0864
vn 0.1577 0.9849 0.0714
vn 0.0314 0.9091 0.4153
vn 0.2117 0.7921 0.5725
vn 0.0315 0.6453 0.7633
vn 0.2049 0.6306 0.7486
vn 0.6999 0.6843 0.2045
vn -0.0079 0.9930 -0.1179
vn 0.0233 0.8730 -0.4872
vn 0.1179 0.5971 -0.7934
vn 0.0392 0.8241 0.5651
vn -0.2910 0.6686 0.6843
vn 0.0785 0.6044 0.7928
vn -0.3924 0.8556 0.3375
vn -0.8832 0.1577 0.4416
vn -0.9929 0.1180 0.0160
vn -0.1887 0.2437 0.9513
vn 0.5440 0.3784 -0.7490
vn 0.0943 0.6679 -0.7382
vn -0.0000 -0.6149 0.7886
vn -0.5824 -0.5903 0.5589
vn -0.1342 0.1974 0.9711
vn -0.0236 0.1809 0.9832
vn -0.0157 0.6989 0.7150
vn 0.1502 0.0395 0.9879
vn 0.3935 -0.7240 0.5666
vn 0.1962 -0.2983 0.9341
vn 0.4578 -0.8524 0.2526
vn 0.0787 -0.6849 0.7244
vn -0.3387 -0.4017 0.8508
vn -0.1179 0.0786 0.9899
vn -0.4944 -0.6671 0.5573
vn -0.0236 0.2444 0.9694
vn -0.0000 0.6323 0.7747
vn 0.0473 -0.7876 0.6144
vn 0.2201 0.0393 0.9747
vn -0.0787 0.6767 0.7320
vn 0.5349 -0.6843 0.4956
vn -0.0945 0.2599 0.9610
vn -0.0948 -0.0158 0.9954
vn 0.4252 -0.4015 0.8112
vn -0.1254 -0.6274 0.7686
vn -0.6047 -0.2985 0.7384
vn -0.0316 -0.9990 0.0314
vn -0.1494 -0.8731 0.4641
vn -0.0315 -0.5508 0.8341
vn -0.4489 -0.7324 0.5119
vn -0.0000 -0.7031 0.7110
vn -0.0157 -0.9979 0.0629
vn -0.0000 -0.7031 0.7111
vn 0.0548 -0.3762 0.9249
vn -0.0315 0.8341 0.5507
vn -0.0001 -1.0000 -0.0082
vn -0.0393 -0.5971 0.8012
vn -0.0000 -0.8643 0.5030
vn 0.0158 -0.8119 0.5836
vn 0.0552 -0.5915 0.8044
vn 0.5423 -0.2751 0.7939
vn 0.6619 -0.7403 0.1181
vn 0.0157 -0.7377 0.6749
vn 0.4988 -0.5463 0.6729
vn -0.3791 -0.7422 0.5527
vn -0.3473 -0.8050 0.4810
vn 0.4017 -0.7797 0.4803
vn -0.0393 -0.5967 0.8015
vn 0.0237 -0.7745 0.6321
vn -0.3001 -0.9240 0.2369
vn 0.1339 -0.9059 0.4018
vn -0.0079 -0.8403 0.5421
vn 0.0868 -0.7574 0.6471
vn 0.4017 -0.8508 0.3387
vn 0.3145 -0.8098 0.4953
vn -0.0551 -0.6141 0.7873
vn -0.0552 -0.8993 0.4338
vn -0.5823 -0.7318 0.3541
vn -0.6379 -0.6142 0.4646
vn -0.2763 -0.8449 0.4580
vn 0.4947 -0.6599 0.5655
vn 0.3772 -0.8018 0.4635
vn 0.0079 -0.7226 0.6912
vn -0.5036 -0.6453 0.5744
vn -0.0314 0.3766 0.9258
vn 0.0394 0.6700 0.7413
vn 0.1571 0.8093 0.5660
vn 0.0628 0.5261 0.8481
vn 0.5033 0.4955 0.7079
vn 0.0474 0.2608 0.9642
vn 0.5032 0.1101 0.8571
vn 0.4662 -0.2845 0.8377
vn 0.9425 -0.3063 0.1335
vn -0.3219 0.0942 0.9421
vn 0.0236 -0.0157 0.9996
vn 0.1419 -0.6468 0.7494
vn -0.3955 -0.3162 0.8623
vn -0.3538 -0.8253 0.4402
vn -0.0785 -0.5727 0.8160
vn -0.2992 -0.8979 0.3229
vn -0.0079 -0.8896 0.4566
vn 0.0631 -0.5680 0.8206
vn -0.3390 -0.5992 0.7253
vn 0.0628 -0.2513 0.9659
vn -0.4577 -0.5838 0.6706
vn 0.0551 -0.6531 0.7553
vn -0.0394 -0.7558 0.6536
vn 0.1965 -0.6444 0.7390
vn 0.0945 -0.7639 0.6384
vn -0.0315 -0.2995 0.9536
vn -0.0079 -0.6456 0.7637
vn -0.5832 -0.4098 0.7014
vn -0.4247 -0.5112 0.7472
vn -0.0470 -0.9453 0.3228
vn 0.3224 -0.8252 0.4637
vn -0.4410 -0.6616 0.6065
vn 0.0392 -0.8937 0.4470
vn 0.0314 -0.2276 0.9732
vn 0.5117 -0.7636 0.3937
vn 0.0079 0.4504 0.8928
vn 0.2746 -0.8553 0.4394
vn 0.2369 0.0158 0.9714
vn 0.0158 0.3863 0.9222
vn -0.0473 0.7483 0.6617
vn -0.0784 -0.2196 0.9724
vn -0.2917 -0.8750 0.3863
vn -0.3066 -0.0236 0.9516
vn -0.6719 -0.7116 0.2055
vn -0.4314 -0.3295 0.8399
vn 0.0158 -0.2369 0.9714
vn 0.1179 -0.9119 0.3931
vn 0.4237 -0.2197 0.8788
vn 0.6847 -0.6611 0.3069
vn 0.0869 0.0316 0.9957
vn 0.4106 -0.7974 0.4421
vn -0.1969 -0.0867 0.9766
vn 0.2049 0.6302 0.7489
vn 0.0863 0.3686 0.9256
vn 0.4344 -0.1185 0.8929
vn -0.0316 0.1579 0.9869
vn 0.3547 -0.2837 0.8909
vn 0.4630 -0.2590 0.8477
vn -0.0236 -0.2829 0.9589
vn 0.6367 -0.7075 0.3066
vn -0.0393 -0.8889 0.4563
vn -0.5356 -0.2599 0.8035
vn -0.4655 -0.0473 0.8838
vn -0.7556 -0.6296 0.1810
vn -0.6699 -0.1182 0.7330
vn -0.8832 0.1577 0.4417
vn -0.2909 -0.4559 0.8412
vn -0.7528 -0.6117 0.2431
vn 0.1026 0.0316 0.9942
vn -0.0158 -0.6539 0.7564
vn -0.1728 -0.7775 0.6047
vn -0.0711 0.0553 0.9959
vn -0.0550 -0.5966 0.8007
vn 0.2604 -0.9468 0.1890
vn -0.1027 -0.7744 0.6243
vn -0.5116 -0.7792 0.3620
vn -0.6773 -0.6854 0.2675
vn 0.2202 -0.9358 0.2752
vn -0.7417 -0.5918 0.3156
vn -0.3154 -0.8357 0.4495
vn 0.4710 -0.7693 0.4317
vn 0.4880 -0.8659 0.1101
vn 0.1263 -0.8995 0.4182
vn -0.5668 -0.7400 0.3621
vn -0.3790 -0.7422 0.5527
vn -0.4496 -0.7808 -0.4338
vn -0.5751 -0.3940 -0.7169
vn -0.6827 -0.7060 0.1883
vn -0.3845 -0.8319 -0.4001
vn -0.4638 -0.5817 -0.6682
vn -0.4944 -0.6671 0.5572
vn -0.3388 -0.4017 0.8508
vn -0.6048 -0.2985 0.7383
vn -0.8406 -0.2200 0.4949
vn -0.7920 -0.5958 0.1333
vn -0.6718 -0.4742 -0.5690
vn -0.5058 0.3635 0.7823
vn -0.7254 -0.6465 -0.2365
vn -0.9682 -0.0551 0.2440
vn -0.6372 -0.7707 -0.0078
vn -0.5209 -0.8050 -0.2841
vn -0.1026 -0.9794 -0.1738
vn -0.1820 -0.5617 -0.8071
vn -0.6372 0.6212 0.4562
vn -0.9979 0.0157 -0.0629
vn -0.6266 0.7754 -0.0783
vn -0.6701 0.5517 -0.4966
vn -0.6471 -0.4498 -0.6156
vn -0.4169 0.1494 -0.8966
vn -0.9457 -0.2049 -0.2522
vn -0.5594 -0.8271 0.0551
vn -0.5199 -0.8506 0.0787
vn -0.4173 -0.9054 -0.0787
vn -0.3472 -0.8048 0.4813
vn -0.5619 -0.8070 -0.1819
vn -0.4711 -0.7303 -0.4947
vn -0.2922 -0.4897 -0.8215
vn -0.0629 -0.9783 -0.1975
vn -0.0633 -0.3789 -0.9233
vn -0.1105 -0.7106 -0.6949
vn -0.2595 -0.4876 -0.8336
vn -0.7777 -0.5654 -0.2749
vn -0.6603 0.1336 -0.7390
vn -0.9781 -0.1657 -0.1262
vn -0.3791 0.4107 -0.8292
vn -0.6677 -0.5264 -0.5264
vn -0.2764 -0.8449 0.4580
vn -0.5814 -0.7855 -0.2121
vn -0.5036 -0.6454 0.5744
vn -0.5744 -0.6453 -0.5036
vn -0.3697 -0.4405 -0.8181
vn -0.5413 -0.8157 -0.2040
vn -0.4576 -0.5839 0.6706
vn -0.5898 -0.8020 -0.0943
vn -0.3786 -0.4969 -0.7809
vn -0.2757 -0.2442 -0.9297
vn -0.0157 -0.9861 -0.1656
vn -0.8176 -0.5581 -0.1414
vn -0.7010 -0.6143 -0.3623
vn -0.4964 -0.1261 -0.8589
vn -0.2444 0.0080 -0.9696
vn -0.6721 -0.7114 0.2055
vn -0.2603 -0.5993 -0.7570
vn -0.3232 -0.8197 -0.4729
vn -0.5366 -0.7888 0.2998
vn -0.4316 -0.3296 0.8397
vn -0.3067 -0.0236 0.9515
vn -0.4654 -0.0476 0.8838
vn -0.7555 -0.6297 0.1810
vn -0.5356 -0.2600 0.8034
vn -0.7555 -0.6296 0.1810
vn -0.4795 -0.7546 -0.4480
vn -0.3925 0.8556 0.3375
vn -0.9929 0.1180 0.0157
vn -0.7530 -0.6115 0.2431
vn -0.7485 -0.6615 -0.0472
vn -0.2910 -0.4560 0.8411
vn -0.7528 -0.6117 0.2433
vn -0.4651 -0.8593 0.2129
vn -0.6608 -0.7472 -0.0708
vn -0.9605 0.0394 -0.2756
vn -0.6774 -0.6852 0.2677
vn -0.6866 -0.6471 -0.3314
vn -0.5116 -0.7792 0.3621
vn -0.9301 -0.1419 -0.3389
vn -0.5274 -0.1969 -0.8265
vn -0.5440 0.7489 -0.3784
vn -0.5973 0.4557 -0.6600
vn -0.3955 -0.3164 0.8622
vn -0.7417 -0.5918 0.3157
vn -0.7637 -0.6219 0.1732
vn -0.5108 -0.5108 -0.6915
vn -0.3463 -0.5666 -0.7477
vn -0.6902 -0.6273 -0.3607
vn -0.2600 -0.4412 -0.8589
vn -0.3935 -0.8578 -0.3306
vn -0.0396 0.1261 -0.9912
vn -0.0863 -0.4550 -0.8863
vn 0.1978 -0.8860 -0.4193
vn 0.0549 -0.5648 -0.8234
vn -0.4494 -0.7809 -0.4338
vn -0.0394 -0.7880 -0.6145
vn -0.0000 -0.5747 -0.8184
vn -0.1658 -0.9708 0.1736
vn -0.0000 -1.0000 -0.0079
vn 0.3148 -0.9444 -0.0944
vn -0.1025 -0.8990 -0.4258
vn -0.0000 -0.6153 0.7883
vn 0.2288 -0.9703 0.0789
vn 0.1023 -0.9835 -0.1495
vn 0.3864 -0.7964 -0.4652
vn 0.4578 -0.8525 0.2525
vn -0.0395 -0.8757 -0.4813
vn 0.0474 -0.4341 -0.8996
vn 0.3465 -0.7089 -0.6143
vn 0.0787 -0.6851 0.7242
vn -0.1499 -0.9785 0.1420
vn -0.3388 -0.4018 0.8508
vn -0.0552 -0.6941 -0.7177
vn -0.3844 -0.8319 -0.4002
vn 0.0473 -0.4340 -0.8997
vn -0.6826 -0.7061 0.1883
vn -0.0000 -0.9955 0.0948
vn 0.0473 -0.7877 0.6143
vn 0.2202 0.0394 0.9747
vn 0.0473 -0.7876 0.6143
vn 0.5349 -0.6844 0.4955
vn -0.1258 -0.9840 0.1260
vn -0.1255 -0.6274 0.7685
vn 0.6542 -0.7413 0.1498
vn 0.4507 -0.5692 -0.6877
vn 0.5279 -0.5514 -0.6459
vn -0.1820 -0.5618 -0.8070
vn -0.1023 -0.6461 -0.7564
vn -0.6719 -0.4742 -0.5689
vn -0.7918 -0.5961 0.1333
vn -0.7253 -0.6465 -0.2365
vn -0.5208 -0.8050 -0.2841
vn -0.6371 -0.7708 -0.0078
vn -0.1027 -0.9794 -0.1738
vn -0.9457 -0.2049 -0.2523
vn -0.6471 -0.4499 -0.6155
vn -0.5593 -0.8271 0.0551
vn -0.0949 -0.9648 0.2452
vn -0.5198 -0.8507 0.0787
vn -0.0315 -0.9990 0.0315
vn -0.0000 -0.7032 0.7110
vn 0.0158 -0.8120 0.5834
vn 0.0549 -0.3762 0.9249
vn -0.0000 -0.8644 0.5028
vn -0.3471 -0.8049 0.4813
vn -0.0079 -0.8404 0.5419
vn -0.0315 -0.5509 0.8340
vn 0.0552 -0.5917 0.8043
vn 0.6616 -0.7405 0.1182
vn 0.0550 -0.9820 -0.1807
vn 0.8671 -0.4966 -0.0394
vn 0.4989 -0.5460 0.6730
vn 0.5732 -0.2591 -0.7774
vn 0.0393 -0.6059 -0.7946
vn -0.5616 -0.8071 -0.1820
vn -0.2923 -0.4897 -0.8214
vn -0.0948 -0.9954 0.0158
vn -0.0395 -0.5970 0.8013
vn -0.0631 -0.9783 -0.1972
vn 0.6638 -0.7191 -0.2055
vn 0.0237 -0.7744 0.6322
vn -0.1105 -0.7105 -0.6950
vn -0.0625 -0.3788 -0.9234
vn 0.1340 -0.9058 0.4020
vn 0.5439 -0.6933 -0.4728
vn 0.5340 -0.6912 -0.4869
vn 0.6853 -0.5671 -0.4569
vn 0.4957 -0.8421 0.2125
vn 0.0868 -0.7575 0.6470
vn 0.4018 -0.8508 0.3387
vn 0.5348 -0.7394 -0.4090
vn -0.0236 -0.9377 -0.3467
vn 0.3454 -0.3062 -0.8871
vn -0.0552 -0.8993 0.4339
vn -0.7776 -0.5655 -0.2749
vn -0.6377 -0.6144 0.4646
vn -0.0000 -0.9930 0.1181
vn -0.6678 -0.5264 -0.5263
vn -0.0708 -0.7473 -0.6607
vn 0.4478 -0.7228 -0.5264
vn 0.2212 -0.6321 -0.7426
vn 0.6367 -0.7390 -0.2201
vn -0.0079 -0.9930 -0.1181
vn 0.4948 -0.6598 0.5655
vn 0.0078 -0.7226 0.6912
vn -0.5036 -0.6453 0.5745
vn -0.5811 -0.7857 -0.2121
vn 0.2604 -0.9468 0.1893
vn 0.0552 -0.9068 -0.4179
vn 0.9757 -0.2122 -0.0551
vn 0.9908 0.1334 -0.0236
vn 0.5337 -0.8395 0.1017
vn 0.7986 -0.5930 0.1029
vn 0.1420 -0.6468 0.7493
vn 0.4792 -0.6207 -0.6206
vn -0.0078 -0.6832 -0.7302
vn -0.1577 -0.9859 0.0552
vn -0.3956 -0.3164 0.8622
vn -0.3227 -0.7399 -0.5903
vn -0.2993 -0.8979 0.3229
vn -0.5054 -0.7898 -0.3475
vn -0.3537 -0.8254 0.4400
vn -0.0785 -0.5728 0.8159
vn -0.3392 -0.5991 0.7253
vn -0.5411 -0.8158 -0.2040
vn -0.3238 -0.2921 -0.8999
vn -0.0000 -0.9992 -0.0393
vn 0.0550 -0.6531 0.7553
vn -0.5896 -0.8022 -0.0943
vn -0.3786 -0.4969 -0.7808
vn -0.2758 -0.2442 -0.9297
vn -0.0394 -0.7559 0.6535
vn 0.0945 -0.7642 0.6380
vn -0.0785 -0.9890 0.1255
vn -0.0948 -0.9950 0.0316
vn 0.5748 -0.4094 0.7085
vn -0.0158 -0.9860 -0.1657
vn 0.8298 -0.5453 -0.1186
vn -0.0079 -0.6458 0.7635
vn -0.5832 -0.4100 0.7013
vn -0.0473 -0.9453 0.3229
vn -0.4252 -0.5108 0.7472
vn -0.0864 -0.8254 -0.5579
vn 0.4639 -0.7235 -0.5112
vn -0.0396 -0.8374 0.5452
vn 0.0551 -0.9598 0.2754
vn 0.0395 -0.8922 -0.4499
vn -0.0628 -0.9816 -0.1805
vn -0.0000 -0.6456 -0.7637
vn 0.3222 -0.8253 0.4637
vn 0.0631 -0.5684 0.8203
vn 0.0708 -0.8656 0.4958
vn -0.4411 -0.6615 0.6065
vn -0.1964 -0.8877 -0.4164
vn -0.1887 -0.9513 -0.2436
vn 0.0392 -0.8938 0.4467
vn 0.3149 -0.8897 -0.3306
vn 0.0158 -0.6624 -0.7490
vn 0.1418 -0.7881 -0.5990
vn -0.1894 -0.7893 -0.5841
vn -0.6720 -0.7114 0.2056
vn -0.2602 -0.5993 -0.7570
vn 0.3386 -0.6614 -0.6693
vn -0.0709 -0.8742 -0.4804
vn 0.4105 -0.7974 0.4424
vn -0.3231 -0.8197 -0.4729
vn 0.1179 -0.9120 0.3930
vn -0.5364 -0.7889 0.2998
vn 0.1335 -0.9031 -0.4082
vn 0.6847 -0.6611 0.3070
vn 0.4575 -0.8283 -0.3234
vn 0.5198 -0.8349 0.1810
vn 0.5988 -0.7721 0.2127
vn 0.3549 -0.2838 0.8908
vn 0.3622 -0.7400 -0.5668
vn 0.2835 -0.6459 -0.7089
vn -0.0241 -0.2830 0.9588
vn 0.6369 -0.7074 0.3066
vn -0.0393 -0.8890 0.4563
vn 0.2902 -0.9333 -0.2117
vn 0.6366 -0.7076 0.3066
vn -0.5357 -0.2599 0.8034
vn 0.2366 -0.7179 -0.6547
vn -0.4651 -0.8593 0.2128
vn -0.1257 -0.9901 0.0628
vn -0.2908 -0.4560 0.8411
vn -0.0158 -0.6542 0.7562
vn -0.3852 -0.8647 -0.3223
vn -0.7483 -0.6617 -0.0473
vn -0.1181 -0.8735 -0.4722
vn -0.2603 -0.9228 -0.2839
vn -0.0236 -0.8641 -0.5028
vn -0.6607 -0.7473 -0.0708
vn -0.1577 -0.9855 -0.0631
vn 0.0948 -0.9874 -0.1264
vn 0.0630 -0.8268 -0.5589
vn -0.1728 -0.9583 0.2278
vn -0.6773 -0.6852 0.2678
vn 0.0316 -0.9558 0.2923
vn -0.1027 -0.7746 0.6241
vn 0.2202 -0.9359 0.2750
vn -0.0550 -0.5967 0.8006
vn 0.0471 -0.9115 -0.4086
vn -0.6865 -0.6471 -0.3315
vn 0.6380 -0.6617 -0.3938
vn -0.5274 -0.1968 -0.8265
vn 0.2279 -0.4479 -0.8645
vn 0.2749 -0.7068 -0.6518
vn -0.7635 -0.6222 0.1732
vn -0.5108 -0.5109 -0.6914
vn -0.3463 -0.5665 -0.7478
vn -0.3154 -0.8358 0.4494
vn 0.0393 -0.8013 -0.5969
vn 0.2994 -0.9533 -0.0394
vn 0.4880 -0.8658 0.1102
vn 0.9648 -0.0468 -0.2589
vn 0.7660 -0.5133 -0.3869
vn 0.4412 -0.8277 -0.3468
vn 0.1262 -0.8995 0.4182
vn 0.5512 -0.7875 -0.2758
vn -0.6901 -0.6274 -0.3607
vn 0.1966 -0.6445 0.7389
vn 0.0549 -0.5645 -0.8236
vn -0.1185 -0.3633 -0.9241
vn -0.0863 -0.4547 -0.8865
vn -0.5751 -0.3939 -0.7170
vn -0.0863 -0.4551 -0.8862
vn -0.0394 -0.7878 -0.6146
vn -0.0000 -0.5745 -0.8185
vn -0.0079 0.5886 -0.8084
vn 0.0001 -1.0000 -0.0077
vn -0.0156 -0.9979 0.0628
vn -0.0394 -0.8757 -0.4812
vn 0.1023 -0.9835 -0.1494
vn 0.0473 -0.4341 -0.8996
vn 0.3861 -0.7966 -0.4651
vn 0.3466 -0.7089 -0.6143
vn 0.0473 -0.4339 -0.8997
vn -0.4638 -0.5819 -0.6680
vn -0.3847 -0.8318 -0.4002
vn 0.4505 -0.5692 -0.6878
vn 0.0001 -0.9955 0.0946
vn 0.5278 -0.5515 -0.6459
vn -0.1024 -0.6461 -0.7564
vn -0.6718 -0.4743 -0.5690
vn -0.1578 0.6943 -0.7022
vn -0.2443 0.0315 -0.9692
vn -0.4168 0.1494 -0.8967
vn 0.0157 0.5972 -0.8019
vn -0.5744 -0.6452 -0.5037
vn 0.5575 0.2906 -0.7776
vn 0.0711 0.1422 -0.9873
vn 0.0394 -0.6058 -0.7946
vn 0.1179 0.5969 -0.7936
vn -0.0869 0.0474 -0.9951
vn 0.4413 -0.4570 -0.7723
vn -0.1105 -0.7107 -0.6948
vn -0.0631 -0.3788 -0.9233
vn 0.0864 0.2985 -0.9505
vn 0.2840 0.2288 -0.9311
vn 0.5438 -0.6934 -0.4728
vn 0.1183 0.5361 -0.8358
vn -0.0786 0.5816 -0.8097
vn 0.4809 0.0473 -0.8755
vn 0.2590 0.1256 -0.9577
vn 0.6852 -0.5672 -0.4569
vn 0.3454 -0.3061 -0.8872
vn -0.0631 0.2365 -0.9696
vn -0.6603 0.1337 -0.7390
vn -0.3788 0.4107 -0.8293
vn -0.0946 0.0631 -0.9935
vn -0.6678 -0.5263 -0.5264
vn -0.0708 -0.7472 -0.6608
vn 0.1961 -0.0157 -0.9805
vn -0.0236 0.2829 -0.9589
vn 0.0395 -0.0869 -0.9954
vn 0.6368 -0.7389 -0.2201
vn -0.1105 0.7104 -0.6951
vn -0.0314 0.6908 -0.7224
vn -0.0079 -0.1027 -0.9947
vn 0.0315 0.8493 -0.5270
vn 0.0158 0.5833 -0.8121
vn -0.0000 0.5745 -0.8185
vn 0.5351 -0.4722 -0.7005
vn 0.4792 -0.6206 -0.6206
vn 0.0631 -0.4651 -0.8830
vn -0.0712 0.3083 -0.9486
vn -0.3237 -0.2919 -0.9000
vn -0.2121 0.0786 -0.9741
vn -0.3227 -0.7398 -0.5904
vn 0.0552 -0.9068 -0.4180
vn -0.5055 -0.7898 -0.3475
vn 0.2519 0.1181 -0.9605
vn 0.4640 -0.7235 -0.5112
vn 0.9361 -0.3146 -0.1571
vn -0.0158 -0.0948 -0.9954
vn 0.0709 0.1576 -0.9850
vn 0.6370 -0.1101 -0.7630
vn 0.0551 -0.1103 -0.9924
vn -0.0393 0.1259 -0.9913
vn 0.5281 -0.1892 -0.8278
vn -0.0158 0.2127 -0.9770
vn -0.0631 -0.3625 -0.9298
vn -0.0158 -0.9861 -0.1655
vn -0.8176 -0.5581 -0.1415
vn -0.2442 0.0079 -0.9697
vn -0.0864 -0.8253 -0.5581
vn 0.0395 -0.8922 -0.4500
vn -0.0158 -0.4969 -0.8677
vn 0.0631 -0.5681 -0.8205
vn 0.0393 -0.3697 -0.9283
vn 0.0630 -0.8266 -0.5592
vn 0.0158 -0.6623 -0.7491
vn -0.1887 -0.9513 -0.2437
vn 0.3149 -0.8896 -0.3307
vn -0.1895 -0.7893 -0.5841
vn -0.2602 -0.5993 -0.7571
vn 0.1102 -0.4880 -0.8658
vn 0.1335 -0.9030 -0.4083
vn 0.4575 -0.8284 -0.3232
vn 0.2835 -0.6458 -0.7089
vn -0.0235 -0.8640 -0.5029
vn 0.2279 -0.4479 -0.8646
vn -0.1102 0.2835 -0.9526
vn -0.5971 0.4558 -0.6601
vn 0.2122 0.1415 -0.9669
vn 0.2749 -0.7067 -0.6520
vn 0.0393 -0.8012 -0.5971
vn 0.5440 0.3784 -0.7489
vn 0.3681 -0.3681 -0.8538
vn 0.0943 0.6674 -0.7387
vn 0.0632 0.2606 -0.9634
vn -0.2600 -0.4413 -0.8589
vn 0.5511 -0.7876 -0.2756
vn 0.9176 -0.3843 0.1020
vn 0.9183 -0.3845 -0.0941
vn 0.9183 -0.3846 -0.0942
vn 0.9184 -0.3843 -0.0939
vn 0.9184 -0.3844 -0.0940
vn 0.9188 -0.3927 0.0393
vn 0.9188 -0.3927 -0.0393
vn 0.9188 -0.3927 -0.0392
vn 0.7711 -0.0000 0.6367
vn 0.6199 -0.0000 0.7847
vn 1.0000 -0.0000 0.0001
vn 0.7708 -0.0000 -0.6371
vn 0.6199 -0.0000 -0.7847
vn 0.6562 0.2925 0.6956
vn 0.9541 0.2996 -0.0000
vn 0.3788 0.8444 0.3788
vn 0.6562 0.2925 -0.6956
vn 0.5180 0.8554 -0.0000
vn 0.3788 0.8444 -0.3788
vn 0.6199 -0.7847 -0.0000
vn 0.9803 -0.1977 0.0001
vn 0.4503 -0.7663 0.4583
vn 0.4503 -0.7663 -0.4583
vn 0.6736 -0.1958 0.7127
vn 0.6736 -0.1958 -0.7127
vn 0.3793 0.9166 0.1264
vn 0.3769 0.9187 -0.1178
vn 0.3770 0.9187 -0.1178
vn 0.3783 0.8907 0.2522
vn 0.3784 0.8906 0.2522
vn 0.3783 0.8906 0.2522
vn 0.3783 0.8906 -0.2522
vn 0.3783 0.8907 -0.2521
vn 0.3783 0.8907 -0.2522
vn -0.0000 0.8284 0.5602
vn -0.0000 0.8284 -0.5602
vn -0.3788 0.8444 -0.3788
vn -0.3788 0.8444 0.3788
vn -0.5180 0.8554 -0.0001
vn -0.0000 0.7709 -0.6369
vn -0.0000 0.7708 0.6371
vn -0.0000 0.6199 -0.7847
vn -0.0000 0.6199 0.7847
vn -0.0000 0.6913 -0.7226
vn -0.0000 1.0000 -0.0001
vn -0.0000 0.6913 0.7226
vn 0.6197 -0.0000 0.7848
vn 0.1495 -0.0000 0.9888
vn -0.1493 -0.0000 0.9888
vn -0.6197 -0.0000 0.7848
vn 0.7708 -0.0000 0.6371
vn -0.7708 -0.0000 0.6371
vn -0.0000 0.2830 0.9591
vn 0.6560 0.2925 0.6958
vn -0.6561 0.2925 0.6957
vn -0.0000 0.1497 0.9887
vn -0.0000 -0.1491 0.9888
vn -0.0000 -0.6199 0.7847
vn -0.0000 -0.7708 0.6371
vn -0.0000 -0.1885 0.9821
vn 0.4503 -0.7663 0.4582
vn 0.6734 -0.1958 0.7129
vn -0.6734 -0.1958 0.7129
vn -0.0000 -0.7416 0.6708
vn -0.4504 -0.7663 0.4582
vn -0.0079 -0.0315 0.9995
vn -0.0078 -0.0315 0.9995
vn -0.0079 -0.1733 0.9848
vn -0.0078 -0.1734 0.9848
vn -0.0080 -0.1734 0.9848
vn -0.0078 -0.1733 0.9848
vn -0.0080 -0.1733 0.9848
vn -0.0000 0.6912 0.7227
vn -0.0000 -0.6911 0.7228
vn -0.0000 -0.1493 0.9888
vn -0.0000 0.1493 0.9888
vn -0.6199 0.0001 0.7847
vn -1.0000 -0.0000 0.0001
vn -0.7708 -0.0000 -0.6371
vn -0.6199 -0.0000 -0.7847
vn -0.6562 0.2925 -0.6956
vn -0.7709 -0.0000 -0.6370
vn -0.9541 0.2996 -0.0000
vn -0.6562 0.2925 0.6956
vn -0.5180 0.8554 -0.0000
vn -0.6736 -0.1958 0.7127
vn -0.6736 -0.1958 -0.7127
vn -0.9803 -0.1976 -0.0001
vn -0.4503 -0.7663 -0.4582
vn -0.4503 -0.7663 0.4582
vn -0.6199 -0.7847 -0.0000
vn -0.9223 0.3626 0.1340
vn -0.9223 0.3626 -0.1340
vn -0.9223 0.3784 0.0788
vn -0.9223 0.3784 0.0787
vn -0.9223 0.3785 0.0787
vn -0.9228 0.3786 -0.0710
vn -0.0000 -0.7709 -0.6369
vn -0.0000 -0.6199 -0.7847
vn -0.0000 -0.7710 0.6368
vn 0.4506 -0.7661 0.4583
vn 0.4503 -0.7663 -0.4582
vn 0.6199 -0.7847 -0.0001
vn 0.0001 -0.7415 0.6710
vn -0.0001 -0.7415 -0.6710
vn -0.4504 -0.7663 -0.4582
vn -0.4503 -0.7661 0.4586
vn -0.0000 -0.6913 -0.7226
vn -0.0000 -0.6913 0.7226
vn -0.3857 -0.9210 0.0551
vn -0.3859 -0.9213 -0.0472
vn -0.3851 -0.9195 -0.0786
vn -0.3851 -0.9195 0.0786
vn 0.6197 -0.0000 -0.7848
vn 0.1494 -0.0000 -0.9888
vn -0.6197 -0.0000 -0.7848
vn -0.1491 -0.0000 -0.9888
vn -0.0000 0.2830 -0.9591
vn 0.6561 0.2925 -0.6957
vn -0.0000 0.8283 -0.5603
vn -0.6560 0.2925 -0.6958
vn -0.0000 0.7708 -0.6371
vn -0.0000 0.6198 -0.7848
vn -0.0000 0.1494 -0.9888
vn -0.0000 -0.1494 -0.9888
vn -0.0000 -0.6197 -0.7848
vn -0.0000 -0.7708 -0.6371
vn 0.6735 -0.1958 -0.7128
vn -0.0000 -0.1886 -0.9821
vn -0.0000 -0.7417 -0.6707
vn -0.6735 -0.1958 -0.7128
vn -0.0079 -0.0315 -0.9995
vn -0.0078 -0.0315 -0.9995
vn -0.0078 -0.0314 -0.9995
vn -0.0078 -0.1733 -0.9848
vn -0.0079 -0.1733 -0.9848
vn -0.0080 -0.1734 -0.9848
vn -0.0079 -0.1735 -0.9848
vn -0.0000 0.6910 -0.7228
vn -0.0000 -0.6910 -0.7228
vn -0.0000 -0.1493 -0.9888
vn -0.0000 0.1492 -0.9888
vn -0.6338 -0.6337 0.4436
vn -0.8975 -0.0000 0.4411
vn -0.6339 0.6335 0.4436
vn -0.6338 -0.6336 0.4436
vn -0.6339 0.6336 0.4436
vn -0.9899 -0.0000 0.1416
vn -0.7000 0.7000 0.1416
vn -0.7001 0.6999 0.1416
vn -0.9899 -0.0000 0.1414
vn -0.7000 -0.7000 0.1415
vn -0.7002 -0.6998 0.1416
vn -0.0000 0.8975 0.4410
vn -0.6337 0.6337 0.4436
vn -0.6337 0.6338 0.4436
vn 0.6337 0.6338 0.4436
vn 0.7000 0.7000 0.1416
vn -0.0000 0.9900 0.1414
vn -0.0000 0.9900 0.1411
vn 0.6999 0.7001 0.1416
vn -0.6999 0.7000 0.1416
vn 0.8975 -0.0000 0.4409
vn 0.6338 -0.6337 0.4436
vn 0.6337 0.6337 0.4436
vn 0.6338 0.6337 0.4436
vn 0.7000 0.7000 0.1415
vn 0.9900 -0.0000 0.1412
vn 0.9900 -0.0000 0.1413
vn 0.7000 -0.7000 0.1416
vn -0.0000 -0.8976 0.4409
vn -0.6337 -0.6338 0.4436
vn 0.6337 -0.6338 0.4436
vn 0.6999 -0.7001 0.1416
vn -0.0000 -0.9900 0.1413
vn 0.7000 -0.7000 0.1415
vn -0.6997 -0.7003 0.1416
vn -0.7000 -0.7000 0.1416
vn 0.7493 -0.1419 0.6468
vn 0.5533 -0.0711 -0.8299
vn 0.5587 -0.0708 -0.8263
vn 0.7270 -0.1422 0.6717
vn 0.7661 -0.1185 0.6317
vn 0.9835 -0.1810 0.0079
vn 0.7693 -0.1178 0.6279
vn 0.9834 -0.1809 0.0158
vn 0.8267 -0.1732 -0.5353
vn 0.8209 -0.1736 -0.5441
vn 0.9810 -0.1805 -0.0706
vn 0.7298 -0.1098 -0.6748
vn 0.7336 -0.1105 -0.6705
vn 0.8541 -0.1740 0.4901
vn 0.8507 -0.1733 0.4962
vn 0.6078 -0.0867 0.7893
vn 0.6928 -0.1339 -0.7086
vn 0.6127 -0.0864 0.7856
vn 0.6690 -0.1257 -0.7326
vn 0.4584 -0.6402 0.6165
vn 0.6774 -0.5357 0.5041
vn 0.7572 -0.4812 0.4417
vn 0.8341 -0.4092 0.3699
vn 0.8341 -0.4092 0.3698
vn 0.3852 -0.6604 0.6446
vn 0.8086 -0.4082 -0.4238
vn 0.6463 -0.5277 -0.5513
vn 0.7331 -0.4730 -0.4887
vn 0.8085 -0.4082 -0.4239
vn 0.6061 0.7950 -0.0236
vn 0.9934 0.1104 -0.0315
vn 0.9975 0.0630 -0.0314
vn 0.9830 -0.1809 -0.0315
vn 0.9830 -0.1809 -0.0314
vn 0.9080 -0.4184 -0.0237
vn 0.8926 -0.4502 -0.0237
vn 0.6063 0.7952 -0.0000
vn 0.9944 0.1027 -0.0237
vn 0.9982 0.0550 -0.0236
vn 0.9078 -0.4182 -0.0316
vn 0.8924 -0.4501 -0.0316
vn 0.6699 -0.1182 -0.7330
vn 0.5901 -0.1416 0.7948
vn 0.5813 -0.1414 0.8013
vn 0.6449 -0.1179 -0.7551
vn 0.9801 -0.1881 -0.0627
vn 0.7177 -0.1578 -0.6782
vn 0.7102 -0.1571 -0.6863
vn 0.9801 -0.1882 -0.0627
vn 0.8572 -0.1412 0.4952
vn 0.8571 -0.1416 0.4953
vn 0.8454 0.4662 -0.2608
vn 0.0553 0.7978 -0.6004
vn 0.1503 0.7909 -0.5932
vn 0.8183 0.4956 -0.2911
vn 0.9673 0.2517 0.0315
vn 0.8455 0.4660 -0.2607
vn 0.9678 0.2439 0.0630
vn 0.9663 0.2200 0.1336
vn 0.9289 -0.3700 -0.0157
vn 0.9286 -0.3698 -0.0315
vn 0.9285 -0.3699 -0.0315
vn 0.8584 -0.4882 -0.1575
vn 0.8192 -0.5357 -0.2048
vn 0.9696 -0.2365 0.0630
vn 0.9598 0.0551 0.2754
vn 0.2366 0.7648 0.5992
vn 0.1416 0.7948 0.5902
vn 0.7504 -0.1659 0.6398
vn 0.7541 -0.1634 0.6361
vn 0.9834 -0.1810 0.0079
vn 0.8246 -0.1335 -0.5497
vn 0.8283 -0.1343 -0.5440
vn 0.5260 -0.1334 -0.8400
vn 0.7239 -0.1337 0.6768
vn 0.5203 -0.1340 -0.8434
vn 0.7014 -0.1263 0.7015
vn 0.9283 -0.3698 -0.0393
vn 0.9288 -0.3699 -0.0236
vn 0.9283 -0.3697 -0.0394
vn 0.8666 -0.4884 0.1024
vn 0.8298 -0.5374 0.1502
vn 0.9665 -0.2279 -0.1179
vn 0.9411 0.0633 -0.3322
vn 0.2042 0.7697 -0.6048
vn 0.1020 0.8015 -0.5893
vn 0.0862 0.7923 0.6040
vn 0.8352 0.4886 0.2524
vn 0.1885 0.7856 0.5893
vn 0.9648 0.2510 -0.0785
vn 0.8354 0.4885 0.2520
vn 0.8579 0.4641 0.2203
vn 0.9651 0.2373 -0.1108
vn 0.9572 0.2197 -0.1883
vn 0.1808 0.9827 0.0393
vn 0.0948 0.9950 0.0316
vn 0.0869 0.9957 0.0316
vn -0.0393 0.9987 0.0315
vn -0.0788 0.9931 0.0867
vn 0.1103 0.9928 0.0473
vn 0.0945 0.9918 0.0866
vn 0.0869 0.9951 0.0474
vn 0.0395 0.9947 0.0947
vn -0.0236 0.9996 0.0158
vn 0.0711 0.9949 -0.0711
vn -0.0236 0.9996 0.0157
vn 0.1103 0.9928 -0.0473
vn -0.0553 0.9953 -0.0790
vn -0.0474 0.9944 -0.0947
vn 0.1808 0.9827 -0.0393
vn 0.2756 0.9608 -0.0315
vn 0.2683 0.9628 -0.0315
vn 0.3928 0.9191 -0.0314
vn 0.4329 0.8973 -0.0866
vn 0.2675 0.9597 -0.0866
vn 0.3148 0.9444 -0.0945
vn 0.2515 0.9667 -0.0472
vn 0.2917 0.9539 0.0710
vn 0.2755 0.9601 -0.0472
vn 0.2515 0.9667 0.0472
vn 0.3863 0.9222 -0.0158
vn 0.4078 0.9097 0.0784
vn 0.3795 0.9251 -0.0158
vn 0.4007 0.9114 0.0943
vn 0.2684 0.9630 0.0236
vn 0.2757 0.9610 0.0236
vn 0.3929 0.9193 0.0236
vn 0.3928 0.9193 0.0236
vn 0.4552 0.8869 0.0785
vn 0.2913 0.9527 0.0866
vn 0.3544 0.9295 0.1024
vn 0.2516 0.9670 0.0393
vn 0.3077 0.9468 -0.0947
vn 0.2754 0.9602 0.0473
vn 0.2607 0.9638 -0.0553
vn 0.3863 0.9224 -0.0000
vn 0.4164 0.9034 -0.1021
vn 0.3768 0.9262 0.0079
vn 0.4091 0.9048 -0.1180
vn 0.1026 0.9944 -0.0237
vn 0.0863 0.9960 -0.0235
vn -0.0393 0.9990 -0.0236
vn -0.0393 0.9989 -0.0236
vn -0.1101 0.9908 -0.0786
vn 0.1103 0.9931 -0.0394
vn 0.0710 0.9937 -0.0868
vn 0.0869 0.9951 -0.0474
vn -0.0000 0.9947 -0.1026
vn -0.0236 0.9997 -0.0000
vn 0.0552 0.9940 0.0947
vn -0.0236 0.9997 -0.0079
vn 0.1025 0.9932 0.0552
vn -0.0630 0.9927 0.1024
vn -0.0629 0.9910 0.1180
vn -0.8893 0.4568 0.0236
vn -0.2830 0.9591 -0.0000
vn 0.1809 0.9834 -0.0158
vn -0.9122 0.4091 0.0236
vn 0.6061 0.7950 -0.0237
vn 0.1810 0.9834 0.0157
vn 0.6062 0.7953 -0.0000
vn -0.2829 0.9589 0.0238
vn -0.2758 0.9609 0.0237
vn -0.8892 0.4565 0.0315
vn -0.9077 0.4184 0.0315
vn 0.0553 0.7979 -0.6002
vn -0.9901 0.1257 -0.0628
vn -0.8763 0.3947 -0.2763
vn 0.8453 0.4663 -0.2608
vn 0.8182 0.4957 -0.2911
vn -0.6213 0.7393 0.2596
vn 0.2366 0.7648 0.5993
vn -0.5839 0.7575 0.2920
vn -0.6367 0.7390 -0.2202
vn 0.1021 0.8013 -0.5894
vn 0.2043 0.7698 -0.6047
vn -0.6055 0.7550 -0.2517
vn 0.0863 0.7923 0.6040
vn -0.8531 0.4028 0.3317
vn -0.9839 0.1338 0.1181
vn 0.1886 0.7858 0.5890
vn 0.8353 0.4886 0.2522
vn 0.8578 0.4644 0.2204
vn -0.8306 0.1332 0.5407
vn -0.4181 0.0473 0.9072
vn -0.8280 0.1341 0.5444
vn 0.3223 -0.0786 0.9434
vn 0.7493 -0.1421 0.6468
vn 0.0628 -0.0471 0.9969
vn 0.0706 -0.0471 0.9964
vn 0.2902 -0.0157 0.9568
vn 0.0315 0.0315 0.9990
vn 0.2924 -0.0158 0.9562
vn 0.7693 -0.1177 0.6280
vn 0.7660 -0.1185 0.6318
vn -0.5442 0.1342 0.8282
vn -0.5498 0.1335 0.8246
vn 0.4566 -0.1181 0.8818
vn 0.8539 -0.1740 0.4905
vn 0.8507 -0.1733 0.4963
vn 0.4567 -0.1181 0.8818
vn -0.6699 0.1183 0.7330
vn -0.2517 0.0315 0.9673
vn -0.6935 0.1261 0.7093
vn -0.0236 -0.0315 0.9992
vn -0.2213 0.0790 0.9720
vn -0.7252 0.1577 0.6702
vn 0.0314 0.0315 0.9990
vn -0.7174 0.1577 0.6786
vn 0.0314 0.0314 0.9990
vn 0.6078 -0.0869 0.7893
vn 0.0315 0.0157 0.9994
vn -0.1419 -0.1576 0.9773
vn -0.0079 -0.1809 0.9835
vn 0.1340 -0.2050 0.9695
vn -0.1103 0.0473 0.9928
vn 0.1340 -0.2049 0.9696
vn -0.0708 0.2438 0.9672
vn 0.1733 -0.0079 0.9848
vn 0.2044 0.1965 0.9590
vn 0.0712 0.2214 0.9726
vn -0.0869 0.2211 0.9714
vn -0.0707 0.1729 0.9824
vn -0.0630 0.1654 0.9842
vn 0.0549 -0.0706 0.9960
vn 0.1020 -0.1648 0.9810
vn 0.1810 -0.3228 0.9290
vn 0.1811 -0.3228 0.9290
vn 0.1809 0.1259 0.9754
vn 0.2206 0.1654 0.9612
vn 0.1735 0.1183 0.9777
vn -0.0157 -0.0550 0.9984
vn -0.1026 -0.1263 0.9867
vn -0.2370 -0.2449 0.9401
vn -0.3620 -0.6060 0.7083
vn -0.6226 -0.4413 0.6462
vn -0.5593 -0.4885 0.6697
vn -0.3462 -0.6146 0.7088
vn -0.2588 -0.6509 0.7137
vn 0.0237 -0.0315 0.9992
vn 0.0237 -0.0314 0.9992
vn 0.0236 -0.0315 0.9992
vn 0.0235 -0.0315 0.9992
vn 0.0235 -0.0313 0.9992
vn 0.0236 -0.0314 0.9992
vn 0.0233 -0.0315 0.9992
vn 0.1418 -0.2364 0.9613
vn 0.1257 -0.1885 0.9740
vn 0.1258 -0.1809 0.9754
vn 0.1419 -0.2364 0.9612
vn -0.0000 0.0550 0.9985
vn -0.0473 0.1578 0.9863
vn -0.1416 0.3224 0.9359
vn -0.1416 0.3225 0.9359
vn -0.1415 0.3225 0.9359
vn -0.1334 -0.1413 0.9809
vn -0.1655 -0.1813 0.9694
vn -0.1258 -0.1337 0.9830
vn -0.1655 -0.1812 0.9694
vn 0.0706 0.0471 0.9964
vn 0.1581 0.1186 0.9803
vn 0.2995 0.2444 0.9223
vn 0.2996 0.2443 0.9223
vn 0.2995 0.2443 0.9223
vn -0.2202 0.0078 0.9754
vn 0.0236 -0.0393 0.9989
vn 0.0236 -0.0394 0.9989
vn -0.2203 0.0079 0.9754
vn 0.0078 -0.0393 0.9992
vn -0.7259 0.1108 0.6788
vn 0.0079 -0.0393 0.9992
vn -0.7222 0.1099 0.6829
vn 0.5902 -0.1417 0.7947
vn 0.5814 -0.1414 0.8012
vn 0.8571 -0.1410 0.4955
vn 0.4654 -0.0552 0.8834
vn 0.8569 -0.1415 0.4956
vn -0.2365 0.0630 0.9696
vn -0.6443 0.1257 0.7544
vn -0.6693 0.1260 0.7323
vn -0.0159 0.0394 0.9991
vn -0.2365 0.0631 0.9696
vn -0.0157 0.0392 0.9991
vn 0.2601 -0.0867 0.9617
vn 0.0148 -0.0389 0.9991
vn 0.7538 -0.1649 0.6361
vn 0.0158 -0.0393 0.9991
vn 0.7510 -0.1619 0.6402
vn 0.0393 -0.0472 0.9981
vn -0.5353 0.0630 0.8423
vn -0.5297 0.0633 0.8458
vn -0.4000 0.1098 0.9099
vn -0.8205 0.1736 0.5446
vn -0.8173 0.1714 0.5501
vn 0.7014 -0.1261 0.7015
vn 0.3160 -0.0395 0.9479
vn 0.7240 -0.1338 0.6767
vn 0.0785 0.0157 0.9968
vn 0.0863 0.0157 0.9961
vn -0.7576 0.1657 -0.6313
vn -0.9834 0.1809 -0.0158
vn -0.9835 0.1810 -0.0079
vn -0.8282 0.1341 0.5442
vn -0.7499 0.1344 -0.6478
vn -0.5442 0.1340 0.8282
vn -0.5497 0.1333 0.8246
vn -0.7239 0.1338 -0.6768
vn -0.5990 0.1418 -0.7881
vn -0.6932 0.1261 0.7096
vn -0.6040 0.1412 -0.7844
vn -0.6697 0.1184 0.7331
vn -0.7253 0.1577 0.6701
vn -0.9807 0.1819 0.0712
vn -0.7178 0.1578 0.6781
vn -0.8572 0.1416 -0.4952
vn -0.8605 0.1421 -0.4893
vn -0.8247 -0.2592 -0.5027
vn -0.6562 -0.4348 -0.6167
vn -0.5968 -0.4789 -0.6438
vn -0.8809 -0.1730 -0.4405
vn -0.9244 -0.0869 -0.3713
vn -0.9244 -0.0869 -0.3714
vn -0.6227 -0.4413 0.6462
vn -0.8528 -0.1816 0.4896
vn -0.7972 -0.2605 0.5446
vn -0.9018 -0.0863 0.4235
vn -0.5594 -0.4885 0.6697
vn -0.9830 0.1809 0.0315
vn -0.9124 0.4087 0.0236
vn -0.8894 0.4565 0.0236
vn -0.9830 0.1809 0.0314
vn -0.9970 -0.0709 0.0314
vn -0.9942 -0.1026 0.0315
vn -0.6011 -0.7988 0.0237
vn -0.6061 -0.7950 0.0236
vn -0.9079 0.4181 0.0316
vn -0.8892 0.4564 0.0315
vn -0.9977 -0.0629 0.0236
vn -0.9952 -0.0949 0.0237
vn -0.6013 -0.7990 -0.0000
vn -0.6150 -0.7885 -0.0000
vn -0.7223 0.1096 0.6828
vn -0.9815 0.1806 0.0628
vn -0.7261 0.1105 0.6786
vn -0.9816 0.1806 0.0628
vn -0.8507 0.1733 -0.4962
vn -0.8502 0.1761 -0.4961
vn -0.6692 0.1260 0.7323
vn -0.5994 0.0789 -0.7966
vn -0.5906 0.0787 -0.8031
vn -0.6441 0.1257 0.7545
vn -0.9998 -0.0157 0.0157
vn -0.9994 -0.0157 0.0315
vn -0.9761 -0.1496 0.1574
vn -0.9574 -0.2041 0.2041
vn -0.9901 0.1257 -0.0629
vn -0.5840 0.7575 0.2919
vn -0.8117 0.5832 -0.0316
vn -0.6215 0.7392 0.2595
vn -0.8169 0.5734 -0.0628
vn -0.8246 0.5497 -0.1335
vn -0.5297 0.0632 0.8458
vn -0.7007 0.1333 -0.7009
vn -0.9835 0.1810 -0.0000
vn -0.7589 0.1186 -0.6403
vn -0.7622 0.1182 -0.6365
vn -0.8209 0.1724 0.5444
vn -0.8172 0.1729 0.5498
vn -0.8096 0.5817 0.0786
vn -0.6057 0.7549 -0.2516
vn -0.6369 0.7389 -0.2201
vn -0.8146 0.5694 0.1107
vn -0.8148 0.5484 0.1881
vn -0.8148 0.5484 0.1880
vn -0.9992 -0.0079 0.0394
vn -0.9997 -0.0079 0.0236
vn -0.9835 -0.1495 -0.1023
vn -0.9674 -0.2045 -0.1494
vn -0.8530 0.4029 0.3316
vn 0.1575 -0.7027 0.6938
vn 0.4582 -0.6402 0.6166
vn 0.1422 -0.7040 0.6958
vn 0.0473 -0.7102 0.7024
vn 0.0474 -0.7102 0.7024
vn -0.6061 -0.7951 0.0236
vn -0.1809 -0.9834 0.0157
vn 0.2901 -0.9570 -0.0000
vn 0.2758 -0.9612 -0.0000
vn 0.8925 -0.4503 -0.0237
vn 0.9079 -0.4185 -0.0236
vn -0.3860 -0.9217 -0.0394
vn -0.2755 -0.9605 -0.0394
vn -0.2589 -0.9651 -0.0392
vn -0.1808 -0.9827 -0.0392
vn -0.1808 -0.9827 -0.0393
vn -0.4250 -0.9051 0.0157
vn -0.3303 -0.9439 -0.0000
vn -0.3631 -0.9316 0.0158
vn -0.3556 -0.9325 -0.0632
vn -0.2443 -0.9694 -0.0236
vn -0.3228 -0.9449 -0.0551
vn -0.2684 -0.9632 -0.0158
vn -0.4181 -0.9072 -0.0473
vn -0.3700 -0.9289 -0.0158
vn -0.1025 -0.9940 0.0394
vn 0.0236 -0.9989 0.0393
vn -0.0947 -0.9947 0.0395
vn 0.0707 -0.9974 -0.0157
vn -0.1808 -0.9827 0.0393
vn -0.0315 -0.9995 -0.0000
vn -0.0000 -0.9997 -0.0236
vn -0.0000 -0.9980 0.0629
vn -0.0393 -0.9977 0.0550
vn -0.1808 -0.9827 0.0392
vn 0.0628 -0.9969 0.0471
vn -0.1182 -0.9927 0.0236
vn 0.0157 -0.9998 0.0157
vn 0.0157 -0.9998 0.0158
vn 0.0236 -0.9986 -0.0471
vn -0.1025 -0.9936 -0.0473
vn -0.0869 -0.9951 -0.0474
vn 0.0236 -0.9986 -0.0472
vn 0.1026 -0.9947 0.0079
vn -0.0079 -1.0000 -0.0000
vn 0.0393 -0.9991 0.0157
vn 0.0237 -0.9952 -0.0948
vn -0.1182 -0.9927 -0.0236
vn -0.0235 -0.9966 -0.0785
vn -0.0948 -0.9952 -0.0237
vn 0.0867 -0.9931 -0.0788
vn 0.0157 -0.9996 -0.0236
vn -0.2588 -0.9648 0.0471
vn -0.3859 -0.9213 0.0473
vn -0.2754 -0.9602 0.0472
vn -0.4504 -0.8928 -0.0079
vn -0.3537 -0.9354 -0.0000
vn -0.3929 -0.9193 -0.0236
vn -0.3779 -0.9210 0.0945
vn -0.3388 -0.9376 0.0788
vn -0.4332 -0.8979 0.0788
vn -0.2443 -0.9694 0.0236
vn -0.4396 -0.8948 0.0785
vn -0.2684 -0.9630 0.0237
vn -0.3767 -0.9260 0.0235
vn -0.3699 -0.9288 0.0236
vn 0.9077 -0.4184 -0.0316
vn 0.8923 -0.4502 -0.0316
vn 0.2756 -0.9610 -0.0237
vn 0.2830 -0.9588 -0.0236
vn -0.1809 -0.9834 -0.0157
vn -0.0235 0.0394 -0.9989
vn -0.2747 0.0863 -0.9576
vn -0.2748 0.0863 -0.9576
vn -0.7575 0.1657 -0.6314
vn -0.0236 0.0393 -0.9989
vn -0.7575 0.1657 -0.6315
vn -0.0235 0.0393 -0.9990
vn 0.5588 -0.0708 -0.8263
vn -0.3301 0.0393 -0.9431
vn -0.7240 0.1337 -0.6767
vn -0.7502 0.1342 -0.6475
vn 0.8266 -0.1732 -0.5355
vn 0.4029 -0.1106 -0.9085
vn 0.8206 -0.1736 -0.5445
vn -0.0785 -0.0157 -0.9968
vn 0.2369 -0.0079 -0.9715
vn 0.7336 -0.1104 -0.6706
vn 0.7297 -0.1098 -0.6749
vn -0.6040 0.1411 -0.7844
vn -0.4654 0.0552 -0.8834
vn -0.8604 0.1421 -0.4894
vn -0.8569 0.1415 -0.4957
vn 0.6693 -0.1259 -0.7323
vn 0.2513 -0.0628 -0.9659
vn 0.6928 -0.1338 -0.7086
vn 0.0079 -0.0393 -0.9992
vn 0.0157 -0.0393 -0.9991
vn 0.0788 -0.1970 -0.9772
vn -0.0236 0.0313 -0.9992
vn 0.1182 -0.0000 -0.9930
vn 0.1494 0.2045 -0.9674
vn -0.0629 -0.1730 -0.9829
vn 0.0158 0.2369 -0.9714
vn -0.1969 -0.1497 -0.9689
vn -0.1179 0.2593 -0.9586
vn -0.1178 0.2593 -0.9586
vn -0.1654 0.0552 -0.9847
vn -0.3951 -0.6005 -0.6952
vn -0.5967 -0.4790 -0.6438
vn -0.6561 -0.4349 -0.6167
vn -0.3865 -0.6073 -0.6941
vn -0.2996 -0.6465 -0.7016
vn 0.1181 0.1338 -0.9839
vn 0.1658 0.1736 -0.9708
vn 0.1258 0.1337 -0.9830
vn -0.0706 -0.0471 -0.9964
vn -0.1569 -0.1177 -0.9806
vn -0.2835 -0.2363 -0.9294
vn -0.2836 -0.2363 -0.9294
vn -0.2836 -0.2362 -0.9294
vn -0.1418 0.2364 -0.9613
vn -0.1258 0.1809 -0.9754
vn -0.1183 0.1735 -0.9777
vn -0.0000 -0.0629 -0.9980
vn 0.0474 -0.1578 -0.9863
vn 0.1261 -0.3161 -0.9403
vn 0.1264 -0.3161 -0.9403
vn 0.1264 -0.3160 -0.9403
vn 0.1265 -0.3160 -0.9403
vn 0.6460 -0.5278 -0.5515
vn 0.4264 -0.6317 -0.6474
vn 0.3473 -0.6552 -0.6709
vn 0.1183 -0.6942 -0.7100
vn 0.1027 -0.6954 -0.7112
vn 0.0079 -0.6992 -0.7149
vn -0.0315 -0.0236 -0.9992
vn -0.0315 -0.0235 -0.9992
vn -0.0314 -0.0236 -0.9992
vn -0.1809 -0.1259 -0.9754
vn -0.2206 -0.1655 -0.9612
vn -0.1883 -0.1334 -0.9730
vn -0.2206 -0.1654 -0.9612
vn 0.0157 0.0550 -0.9984
vn 0.1025 0.1340 -0.9857
vn 0.2440 0.2518 -0.9365
vn 0.2439 0.2518 -0.9365
vn 0.2439 0.2519 -0.9365
vn 0.0869 -0.2211 -0.9714
vn 0.0706 -0.1805 -0.9810
vn 0.0707 -0.1729 -0.9824
vn -0.0549 0.0706 -0.9960
vn -0.1027 0.1738 -0.9794
vn -0.1894 0.3317 -0.9242
vn -0.1896 0.3317 -0.9241
vn -0.1899 0.3317 -0.9241
vn 0.2444 -0.0237 -0.9694
vn 0.6449 -0.1180 -0.7551
vn -0.8502 0.1753 -0.4965
vn -0.4504 0.1185 -0.8849
vn -0.8507 0.1733 -0.4963
vn 0.2443 -0.0236 -0.9694
vn 0.0315 0.0315 -0.9990
vn 0.0236 0.0315 -0.9992
vn -0.0393 -0.0314 -0.9987
vn 0.2047 -0.0709 -0.9763
vn 0.2046 -0.0787 -0.9757
vn 0.7174 -0.1586 -0.6784
vn 0.7099 -0.1578 -0.6864
vn -0.0158 -0.0315 -0.9994
vn -0.5995 0.0788 -0.7965
vn -0.5906 0.0788 -0.8031
vn 0.4086 -0.0471 -0.9115
vn 0.8280 -0.1341 -0.5445
vn 0.8245 -0.1338 -0.5498
vn -0.7007 0.1338 -0.7008
vn -0.3081 0.0790 -0.9481
vn -0.0706 0.0471 -0.9964
vn -0.2762 0.0160 -0.9610
vn -0.0315 -0.0315 -0.9990
vn -0.2757 0.0158 -0.9611
vn -0.7621 0.1179 -0.6366
vn -0.0313 -0.0314 -0.9990
vn -0.7591 0.1174 -0.6403
vn -0.0550 -0.0236 -0.9982
vn 0.5260 -0.1335 -0.8399
vn 0.9187 0.3769 0.1178
vn 0.9187 0.3769 0.1181
vn 0.9187 0.3769 0.1179
vn 0.9195 0.3773 -0.1100
vn 0.9195 0.3773 -0.1101
vn 0.9196 0.3772 -0.1100
vn 0.7565 -0.0000 0.6540
vn 0.5029 -0.0000 0.8644
vn 0.7565 -0.0000 -0.6540
vn 0.5029 -0.0000 -0.8644
vn 0.9193 0.3535 0.1729
vn 0.9193 0.3536 0.1729
vn 0.9193 0.3536 -0.1729
vn 0.9192 0.3538 -0.1729
vn -0.0000 0.7227 -0.6912
vn -0.0000 0.7228 0.6911
vn -0.0000 0.6912 -0.7226
vn -0.3798 0.8941 0.2374
vn -0.3801 0.8940 0.2374
vn -0.3798 0.8941 -0.2374
vn -0.3800 0.8940 -0.2374
vn -0.3776 0.9203 0.1023
vn -0.3776 0.9203 -0.1023
vn -0.3776 0.9203 -0.1022
vn -0.0000 0.7227 0.6912
vn -0.0000 0.7227 -0.6911
vn -0.2518 -0.0000 0.9678
vn -0.5028 -0.0000 0.8644
vn -0.7565 -0.0000 0.6540
vn 0.2517 -0.0000 0.9678
vn 0.5028 -0.0000 0.8644
vn -0.0000 0.0315 0.9995
vn -0.0000 0.7225 0.6914
vn -0.0000 -0.7226 0.6913
vn -0.0077 -0.0315 0.9995
vn -0.0078 -0.0314 0.9995
vn -0.0069 -0.0316 0.9995
vn -0.0079 -0.0316 0.9995
vn -0.0077 -0.0314 0.9995
vn -0.0079 -0.1734 0.9848
vn -0.0079 -0.1735 0.9848
vn -0.0000 0.7224 0.6914
vn -0.7565 -0.0000 -0.6540
vn -0.5029 0.0003 0.8644
vn -0.5029 -0.0000 -0.8644
vn -0.9223 -0.3865 -0.0002
vn -0.9222 -0.3867 -0.0004
vn -0.9223 -0.3864 -0.0002
vn -0.9222 -0.3868 -0.0006
vn -0.9223 -0.3865 0.0002
vn -0.9223 -0.3866 0.0003
vn -0.9223 -0.3864 0.0002
vn -0.9224 -0.3862 -0.0000
vn -0.9210 -0.3857 0.0551
vn -0.9209 -0.3858 0.0551
vn -0.9210 -0.3857 -0.0551
vn 0.3788 -0.9227 0.0710
vn 0.3786 -0.9228 0.0710
vn 0.3787 -0.9228 0.0710
vn 0.3788 -0.9233 -0.0631
vn -0.0000 -0.7227 -0.6912
vn -0.0000 -0.7228 0.6911
vn -0.0000 -0.6914 0.7225
vn 0.3789 -0.9233 -0.0631
vn 0.3788 -0.9233 0.0631
vn 0.3789 -0.9233 0.0631
vn -0.5028 -0.0000 -0.8644
vn -0.2517 -0.0000 -0.9678
vn 0.2517 -0.0000 -0.9678
vn 0.5028 -0.0000 -0.8644
vn 0.7564 -0.0000 -0.6541
vn -0.0000 0.7226 -0.6913
vn -0.0000 0.6910 -0.7229
vn -0.0000 0.0315 -0.9995
vn -0.0000 -0.7226 -0.6913
vn -0.0079 -0.0316 -0.9995
vn -0.0077 -0.0315 -0.9995
vn -0.0079 -0.0312 -0.9995
vn -0.0079 -0.1736 -0.9848
vn -0.0073 -0.1736 -0.9848
vn -0.0074 -0.1735 -0.9848
vn -0.0079 -0.1734 -0.9848
vn -0.9940 0.1025 0.0394
vn -0.6705 0.5285 0.5206
vn -0.6300 0.7166 0.2992
vn -0.9970 0.0549 0.0550
vn -0.7270 -0.6320 -0.2686
vn -0.6707 -0.0000 0.7417
vn -0.7423 -0.4738 -0.4738
vn -0.9975 -0.0000 0.0707
vn -0.7453 -0.0000 -0.6667
vn -0.7423 0.4738 -0.4738
vn -0.9970 -0.0549 0.0550
vn -0.7306 0.6284 -0.2671
vn -0.9940 -0.1025 0.0394
vn -0.6706 -0.5285 0.5206
vn -0.6300 -0.7166 0.2992
vn 0.6705 0.5285 0.5206
vn 0.0001 0.9263 0.3768
vn 0.6300 0.7166 0.2993
vn -0.6705 0.5285 0.5207
vn -0.6299 0.7167 0.2992
vn 0.7306 0.6284 -0.2671
vn 0.7423 0.4738 -0.4738
vn -0.0000 -0.7031 -0.7111
vn -0.7452 -0.0000 -0.6668
vn -0.7423 -0.4739 -0.4738
vn 0.7452 -0.0000 -0.6668
vn 0.7423 -0.4738 -0.4738
vn 0.9939 0.1026 0.0394
vn 0.6300 0.7166 0.2992
vn 0.9970 0.0550 0.0549
vn 0.7306 -0.6284 -0.2671
vn 0.6708 -0.0000 0.7416
vn 0.6705 -0.5285 0.5207
vn 0.6300 -0.7166 0.2992
vn 0.9939 -0.1026 0.0394
vn 0.9970 -0.0549 0.0550
vn 0.9975 -0.0000 0.0707
vn 0.7453 -0.0000 -0.6667
vn -0.0000 -0.7032 -0.7110
vn 0.7305 -0.6285 -0.2671
vn -0.7268 -0.6321 -0.2687
vn -0.0000 -0.9224 -0.3863
vn -0.6705 -0.5285 0.5206
vn -0.6297 -0.7169 0.2993
vn 0.0001 -0.9264 0.3766
vn 0.6299 -0.7167 0.2992
vn 0.6705 0.5286 0.5206
vn -0.6705 0.5286 0.5206
vn 0.6706 -0.0000 0.7418
vn -0.6705 -0.0000 0.7419
vn 0.6705 -0.5285 0.5206
vn -0.9803 -0.0000 0.1977
vn -0.6933 0.6932 0.1970
vn -0.6935 0.6930 0.1969
vn -0.6933 -0.6932 0.1969
vn -0.6933 -0.6932 0.1970
vn -0.9803 -0.0000 0.1976
vn -0.0000 0.9803 0.1977
vn 0.6932 0.6933 0.1969
vn 0.6932 0.6933 0.1970
vn -0.0000 0.9803 0.1976
vn -0.6932 0.6933 0.1969
vn -0.6932 0.6933 0.1970
vn 0.6933 0.6932 0.1970
vn 0.9803 -0.0000 0.1976
vn 0.9803 -0.0000 0.1977
vn 0.6933 -0.6932 0.1969
vn 0.6934 0.6931 0.1969
vn 0.6932 -0.6933 0.1970
vn -0.0000 -0.9803 0.1977
vn -0.0000 -0.9803 0.1976
vn -0.6932 -0.6933 0.1970
vn -0.6932 -0.6933 0.1969
vn 0.9980 -0.0631 -0.0000
vn 0.9955 -0.0949 -0.0000
vn 0.9956 -0.0942 -0.0000
vn 0.6540 -0.7565 -0.0000
vn 0.8185 0.5746 -0.0000
vn 0.8188 0.5740 -0.0000
vn 0.9632 -0.2689 -0.0000
vn 0.8928 -0.4504 -0.0000
vn 0.9678 0.2518 -0.0000
vn 0.9849 0.1732 -0.0000
vn 0.9289 -0.3702 -0.0000
vn 0.9289 -0.3703 -0.0000
vn 0.4025 -0.9154 -0.0000
vn 0.9564 0.2921 -0.0000
vn 0.4661 0.8847 -0.0000
vn -0.6286 0.5499 -0.5500
vn -0.6285 0.7778 -0.0000
vn -0.6286 0.5499 0.5500
vn -0.7817 0.6237 -0.0000
vn -0.0001 0.7071 0.7071
vn -0.4090 0.9125 -0.0000
vn -0.6285 0.5501 0.5499
vn -0.6285 -0.0000 0.7778
vn -0.6286 -0.5500 0.5499
vn -0.0000 0.5178 0.8555
vn -0.0000 0.5179 0.8554
vn -0.0000 -0.1336 0.9910
vn -0.0000 -0.3930 0.9195
vn -0.0000 -0.2127 0.9771
vn -0.0000 0.4408 0.8976
vn -0.0000 0.0705 0.9975
vn -0.0000 -0.3141 0.9494
vn -0.6285 -0.5500 -0.5500
vn -0.6285 0.5500 -0.5500
vn -0.6285 0.0001 -0.7778
vn -0.6285 -0.7778 -0.0001
vn -0.6285 -0.5500 0.5500
vn -0.6284 0.5500 0.5501
vn -0.9463 -0.3233 -0.0000
vn -0.6456 -0.7637 -0.0000
vn -0.7822 -0.6230 -0.0000
vn -0.6625 -0.7491 -0.0000
vn -0.7815 -0.6239 -0.0000
vn -0.6625 -0.7491 -0.0001
vn -0.3863 -0.9224 -0.0000
vn -0.7816 0.6238 -0.0000
vn -0.9862 0.1656 -0.0000
vn -0.4091 0.9125 -0.0000
vn -0.9787 -0.2052 -0.0000
vn -0.9787 -0.2053 -0.0000
vn -0.9262 0.3770 -0.0000
vn -0.7149 0.6992 -0.0000
vn 0.6541 -0.7564 -0.0000
vn -0.6285 -0.7778 -0.0000
vn -0.6286 -0.5499 -0.5500
vn -0.6286 -0.5498 0.5500
vn 0.1582 -0.9874 -0.0000
vn 0.1580 -0.9874 -0.0000
vn 0.8929 -0.4503 -0.0000
vn -0.6624 -0.7492 -0.0000
vn -0.2203 -0.9754 -0.0000
vn -0.3862 -0.9224 -0.0000
vn 0.0077 -1.0000 -0.0000
vn 0.4024 -0.9155 -0.0000
vn 0.0079 -1.0000 -0.0000
vn 0.0076 -1.0000 -0.0000
vn -0.2518 -0.9678 -0.0000
vn -0.5510 -0.8345 -0.0000
vn -0.5511 -0.8345 -0.0000
vn -0.6286 -0.5501 -0.5498
vn -0.6285 -0.0000 -0.7778
vn -0.6288 0.5500 -0.5497
vn 0.0002 0.5175 -0.8557
vn -0.0000 0.5179 -0.8554
vn 0.0001 0.5175 -0.8557
vn 0.0001 0.5176 -0.8556
vn -0.0000 0.5179 -0.8555
vn -0.0000 0.5180 -0.8554
vn -0.0000 0.5178 -0.8555
vn -0.0000 -0.2128 -0.9771
vn -0.0000 -0.1343 -0.9909
vn -0.0000 -0.3929 -0.9196
vn -0.0000 -0.3930 -0.9195
vn -0.0002 0.7071 -0.7071
vn -0.0000 -0.2066 -0.9784
vn -0.0000 0.9740 -0.2267
vn -0.0000 0.9740 -0.2266
vn -0.0000 -0.9740 0.2267
vn 0.9242 0.0789 0.3737
vn 0.3832 0.1908 0.9037
vn 0.3834 0.1908 0.9037
vn 0.3833 0.1908 0.9037
vn 0.3834 0.1908 0.9036
vn -0.3834 0.1908 0.9037
vn -0.9242 0.0789 0.3737
vn -0.0000 0.4233 0.9060
vn -0.0000 0.4235 0.9059
vn -0.0000 0.0747 0.9972
vn -0.0000 -0.3001 0.9539
vt 10.017100 -4.906680
vt 9.957230 -4.947120
vt 10.042800 -4.947120
vt 9.982890 -4.906680
vt 9.965790 -4.966110
vt 10.034200 -4.966110
vt 9.965790 -5.112220
vt 10.034200 -5.112220
vt 9.965790 -5.126620
vt 10.034200 -5.126620
vt 9.965790 -5.140770
vt 10.034200 -5.140770
vt 10.019900 -4.920810
vt 10.006600 -4.941220
vt 10.032300 -4.941220
vt 10.006600 -4.920810
vt 10.006500 -4.882790
vt 9.993500 -4.882790
vt 10.006500 -4.899990
vt 9.993500 -4.899990
vt 9.992000 -4.880150
vt 10.008000 -4.880150
vt 10.000000 -4.873100
vt 9.995640 -4.871290
vt 10.004400 -4.871290
vt 9.993840 -4.866940
vt 10.006200 -4.866940
vt 9.992000 -4.862560
vt 10.008000 -4.862560
vt 9.993920 -4.861950
vt 9.995640 -4.862580
vt 9.995330 -4.859230
vt 10.000000 -4.860780
vt 10.004700 -4.859230
vt 10.006100 -4.861950
vt 10.004400 -4.862580
vt 10.035400 -4.950280
vt 9.964800 -4.950280
vt 10.028300 -4.968570
vt 9.971860 -4.968570
vt 10.014600 -4.913040
vt 9.985600 -4.913040
vt 10.009100 -4.898330
vt 9.991050 -4.898330
vt 10.004900 -4.893900
vt 10.008100 -4.884160
vt 10.004900 -4.884160
vt 10.008100 -4.893900
vt 10.008100 -4.899490
vt 10.004900 -4.899490
vt 9.991920 -4.893900
vt 9.995130 -4.884160
vt 9.991920 -4.884160
vt 9.995130 -4.893900
vt 9.995130 -4.899490
vt 9.991920 -4.899490
vt 10.000000 -5.016390
vt 9.990030 -4.993380
vt 9.990030 -5.016390
vt 10.000000 -4.993380
vt 10.010000 -5.016390
vt 10.010000 -4.993380
vt 9.999410 -4.866770
vt 10.001600 -4.873700
vt 10.000600 -4.866770
vt 9.998380 -4.873700
vt 10.000000 -4.873090
vt 10.007800 -4.880330
vt 10.004300 -4.871310
vt 10.007800 -4.866390
vt 10.006100 -4.867020
vt 10.005800 -4.866390
vt 10.006500 -4.882720
vt 9.993500 -4.882720
vt 10.006500 -4.900050
vt 9.993500 -4.900050
vt 9.992200 -4.880330
vt 9.995710 -4.871310
vt 9.992200 -4.866390
vt 9.993930 -4.867020
vt 9.994190 -4.866390
vt 9.994990 -4.960490
vt 9.970500 -4.940070
vt 9.968740 -4.960490
vt 9.994990 -4.940070
vt 9.680130 -5.017110
vt 9.680130 -4.982890
vt 9.657400 -5.017110
vt 9.657400 -4.982890
vt 10.335700 -5.009120
vt 10.365000 -5.014570
vt 10.365000 -4.985600
vt 10.335700 -4.991050
vt 10.057400 -4.991050
vt 10.057400 -5.009120
vt 9.972950 -4.991050
vt 9.972950 -5.009120
vt 10.313700 -5.007800
vt 10.306100 -5.005810
vt 10.306100 -5.007800
vt 10.313700 -5.005810
vt 10.313700 -4.992200
vt 10.306100 -4.992200
vt 10.313700 -4.994190
vt 10.306100 -4.994190
vt 10.309200 -5.000590
vt 10.310400 -5.000590
vt 10.310400 -4.999410
vt 10.309200 -4.999410
vt 10.306100 -5.000000
vt 10.313700 -4.995710
vt 10.306100 -4.995710
vt 10.313700 -5.000000
vt 10.313700 -5.004290
vt 10.306100 -5.004290
vt 10.022100 -5.004870
vt 10.009100 -5.004870
vt 10.022100 -5.008080
vt 10.009100 -5.008080
vt 9.989690 -5.008080
vt 9.989690 -5.004870
vt 10.022100 -4.991920
vt 10.009100 -4.991920
vt 10.022100 -4.995130
vt 10.009100 -4.995130
vt 9.989690 -4.995130
vt 9.989690 -4.991920
vt 10.298000 -4.995130
vt 10.285000 -4.991920
vt 10.285000 -4.995130
vt 10.298000 -4.991920
vt 10.317500 -4.991920
vt 10.317500 -4.995130
vt 10.298000 -5.008080
vt 10.285000 -5.004870
vt 10.285000 -5.008080
vt 10.298000 -5.004870
vt 10.317500 -5.008080
vt 10.317500 -5.004870
vt 10.001800 -5.000000
vt 10.001800 -4.995650
vt 9.994590 -4.995650
vt 9.994590 -5.000000
vt 10.001800 -5.004350
vt 9.994590 -5.004350
vt 9.875510 -5.019940
vt 9.988350 -5.019940
vt 9.988350 -5.006630
vt 9.875510 -5.006630
vt 9.994590 -4.995330
vt 10.001800 -4.992000
vt 9.994590 -4.992000
vt 10.001800 -4.995330
vt 9.994590 -5.004670
vt 9.994590 -5.008000
vt 10.001800 -5.008000
vt 10.001800 -5.004670
vt 10.333600 -4.994990
vt 10.110800 -4.968740
vt 10.110800 -4.994990
vt 10.333600 -4.968740
vt 10.369900 -5.031450
vt 10.287200 -4.968720
vt 10.287200 -5.031450
vt 10.369900 -4.968720
vt 10.346800 -5.140770
vt 10.326000 -5.126620
vt 10.324100 -5.140770
vt 10.348700 -5.126620
vt 10.326700 -5.112220
vt 10.349400 -5.112220
vt 10.347200 -4.966110
vt 10.369900 -4.966110
vt 10.369900 -4.947120
vt 10.319900 -4.906680
vt 10.347200 -4.947120
vt 10.342600 -4.906680
vt 9.693870 -4.871310
vt 9.686340 -4.867020
vt 9.686340 -4.871310
vt 9.693870 -4.867020
vt 9.686340 -4.866390
vt 9.693870 -4.866390
vt 9.712760 -4.968570
vt 9.646320 -4.995040
vt 9.712760 -4.995040
vt 9.630090 -4.968570
vt 9.635050 -4.950280
vt 9.666380 -4.960490
vt 9.666380 -4.950280
vt 9.666380 -4.940070
vt 9.635050 -4.968570
vt 9.635050 -4.913040
vt 9.889160 -4.960490
vt 9.942640 -4.968570
vt 9.942640 -4.950280
vt 9.889160 -4.950280
vt 9.889160 -4.940070
vt 9.942640 -4.913040
vt 9.664270 -4.898330
vt 9.942640 -4.898330
vt 10.027100 -4.898330
vt 10.036800 -4.913040
vt 10.016800 -4.899490
vt 10.010300 -4.884160
vt 9.990870 -4.884160
vt 10.016800 -4.893900
vt 9.977880 -4.899490
vt 9.977880 -4.893900
vt 9.701970 -4.884160
vt 9.676030 -4.899490
vt 9.714960 -4.899490
vt 9.714960 -4.893900
vt 9.682530 -4.884160
vt 9.676030 -4.893900
vt 9.689600 -4.866770
vt 9.688570 -4.873700
vt 9.691800 -4.873700
vt 9.690770 -4.866770
vt 9.998180 -4.871290
vt 10.005400 -4.871290
vt 10.005400 -4.866940
vt 9.998180 -4.862580
vt 10.005400 -4.862580
vt 9.998180 -4.866940
vt 10.124500 -4.920810
vt 10.011600 -4.920810
vt 10.124500 -4.941220
vt 10.011600 -4.941220
vt 9.673720 -4.993380
vt 9.673720 -5.016390
vt 9.683690 -5.016390
vt 9.683690 -4.993380
vt 9.693670 -5.016390
vt 9.693670 -4.993380
vt 9.998180 -4.882790
vt 9.998180 -4.899990
vt 10.005400 -4.899990
vt 10.005400 -4.882790
vt 10.005400 -4.880150
vt 9.998180 -4.880150
vt 10.005400 -4.862560
vt 9.998180 -4.862560
vt 9.686340 -4.882720
vt 9.686340 -4.900050
vt 9.693870 -4.900050
vt 9.693870 -4.882720
vt 9.693870 -4.880330
vt 9.686340 -4.880330
vt 9.968550 -4.995040
vt 10.031300 -4.968570
vt 9.968550 -4.968570
vt 10.031300 -4.995040
vt 9.985430 -4.913040
vt 10.035200 -4.950280
vt 10.014400 -4.913040
vt 9.964630 -4.950280
vt 9.971690 -4.968570
vt 10.028100 -4.968570
vt 10.005000 -4.960490
vt 10.029500 -4.940070
vt 10.005000 -4.940070
vt 10.031300 -4.960490
vt 9.980060 -4.920810
vt 9.967680 -4.941220
vt 9.993370 -4.941220
vt 9.993370 -4.920810
vt 10.346800 -5.034210
vt 10.346800 -4.965790
vt 10.324100 -5.034210
vt 10.324100 -4.965790
vt 9.646320 -5.031450
vt 9.712760 -5.031450
vt 9.646320 -4.968720
vt 9.712760 -4.968720
vt 10.036800 -5.014570
vt 9.942640 -4.985600
vt 9.942640 -5.014570
vt 10.036800 -4.985600
vt 9.942640 -4.971860
vt 9.635050 -4.971860
vt 9.942640 -5.028310
vt 9.635050 -5.028310
vt 10.011600 -5.032320
vt 10.124500 -5.032320
vt 10.124500 -5.006630
vt 10.011600 -5.006630
vt 9.666380 -4.994990
vt 9.889160 -4.994990
vt 9.889160 -4.970500
vt 9.666380 -4.970500
vt 9.998180 -5.000000
vt 10.005400 -4.995650
vt 9.998180 -4.995650
vt 10.005400 -5.000000
vt 9.998180 -5.004350
vt 10.005400 -5.004350
vt 9.998180 -5.006500
vt 10.005400 -4.993500
vt 9.998180 -4.993500
vt 10.005400 -5.006500
vt 9.686340 -5.006500
vt 9.693870 -4.993500
vt 9.686340 -4.993500
vt 9.693870 -5.006500
vt 9.673980 -5.126620
vt 9.651250 -5.126620
vt 9.653200 -5.140770
vt 9.673340 -5.112220
vt 9.675930 -5.140770
vt 9.650610 -5.112220
vt 9.652820 -4.966110
vt 9.630090 -4.966110
vt 9.652820 -4.947120
vt 9.630090 -4.947120
vt 9.657400 -4.906680
vt 9.680130 -4.906680
vt 10.306100 -4.867020
vt 10.313700 -4.871310
vt 10.313700 -4.867020
vt 10.306100 -4.866390
vt 10.313700 -4.866390
vt 10.306100 -4.871310
vt 10.287200 -4.995040
vt 10.353700 -4.995040
vt 10.287200 -4.968570
vt 10.369900 -4.968570
vt 9.972950 -4.898330
vt 10.057400 -4.913040
vt 10.057400 -4.898330
vt 9.963210 -4.913040
vt 10.335700 -4.898330
vt 10.365000 -4.913040
vt 10.365000 -4.950280
vt 10.057400 -4.950280
vt 10.365000 -4.968570
vt 10.057400 -4.968570
vt 9.875510 -4.920810
vt 9.988350 -4.941220
vt 9.988350 -4.920810
vt 9.875510 -4.941220
vt 9.989690 -4.884160
vt 9.983200 -4.899490
vt 10.009100 -4.884160
vt 9.983200 -4.893900
vt 10.022100 -4.899490
vt 10.022100 -4.893900
vt 10.285000 -4.899490
vt 10.298000 -4.884160
vt 10.285000 -4.893900
vt 10.324000 -4.899490
vt 10.317500 -4.884160
vt 10.324000 -4.893900
vt 10.311400 -4.873700
vt 10.309200 -4.866770
vt 10.308200 -4.873700
vt 10.310400 -4.866770
vt 9.994590 -4.866940
vt 10.001800 -4.871290
vt 10.001800 -4.866940
vt 9.994590 -4.871290
vt 9.994590 -4.862580
vt 10.001800 -4.862580
vt 10.316300 -4.993380
vt 10.326300 -5.016390
vt 10.326300 -4.993380
vt 10.316300 -5.016390
vt 10.306300 -4.993380
vt 10.306300 -5.016390
vt 10.001800 -4.899990
vt 9.994590 -4.882790
vt 9.994590 -4.899990
vt 10.001800 -4.882790
vt 10.001800 -4.880150
vt 9.994590 -4.880150
vt 10.001800 -4.862560
vt 9.994590 -4.862560
vt 10.313700 -4.900050
vt 10.306100 -4.882720
vt 10.306100 -4.900050
vt 10.313700 -4.882720
vt 10.313700 -4.880330
vt 10.306100 -4.880330
vt 5.967330 -13.006500
vt 5.966240 -12.985400
vt 5.960170 -13.001700
vt 5.974670 -12.988500
vt 5.973900 -13.005100
vt 6.019570 -12.978800
vt 6.011090 -12.979400
vt 6.014340 -12.986600
vt 6.023510 -13.000100
vt 6.017430 -13.000400
vt 6.030190 -12.997000
vt 6.028080 -12.978700
vt 6.025460 -12.996500
vt 6.024970 -12.983600
vt 6.016220 -12.988100
vt 6.017660 -12.996900
vt 6.030920 -12.994300
vt 6.031450 -12.977700
vt 6.050600 -13.001100
vt 6.034890 -12.980000
vt 6.029720 -12.989600
vt 6.046470 -13.007500
vt 6.038690 -13.009800
vt 6.018980 -12.992500
vt 6.060750 -13.022400
vt 6.050190 -13.014200
vt 6.055600 -13.026400
vt 6.025750 -13.008000
vt 6.025220 -12.990900
vt 6.015870 -12.993400
vt 6.031140 -13.007400
vt 6.031400 -12.984100
vt 6.017570 -13.008000
vt 5.977720 -12.981500
vt 5.966100 -12.983200
vt 5.970930 -12.989800
vt 5.953820 -12.995300
vt 5.994860 -12.991400
vt 6.021290 -12.978400
vt 5.959450 -13.000600
vt 5.975550 -12.996000
vt 5.944690 -13.013700
vt 5.951830 -13.017100
vt 5.960710 -13.013300
vt 5.948940 -13.034600
vt 5.941360 -13.032700
vt 5.955690 -13.043000
vt 6.033380 -13.005800
vt 6.025100 -13.008200
vt 6.029340 -13.038900
vt 6.030210 -12.996100
vt 6.036660 -13.039600
vt 6.044540 -13.025200
vt 6.043640 -13.041200
vt 6.037050 -12.989900
vt 6.030510 -13.005400
vt 6.020880 -13.004200
vt 6.027080 -13.041100
vt 6.041400 -13.038000
vt 6.037990 -12.995000
vt 6.034900 -13.044300
vt 6.021080 -12.999200
vt 5.962620 -13.006800
vt 5.950060 -13.012900
vt 5.955440 -13.018000
vt 5.959780 -13.009400
vt 5.961620 -13.033400
vt 5.970380 -13.010400
vt 5.954430 -13.033300
vt 5.948100 -13.028000
vt 5.993840 -12.955700
vt 5.969360 -12.970700
vt 5.986160 -12.970500
vt 5.997010 -12.963200
vt 6.009780 -12.956500
vt 6.005890 -12.963800
vt 5.999200 -12.969800
vt 6.016520 -12.962200
vt 5.987320 -12.980200
vt 5.971730 -12.982100
vt 5.959960 -12.989400
vt 5.978590 -12.988500
vt 5.967650 -13.000900
vt 5.961490 -12.998000
vt 5.974750 -13.001100
vt 5.951610 -13.020800
vt 5.965720 -13.009700
vt 5.957050 -13.004100
vt 5.956870 -13.025600
vt 5.963090 -13.028900
vt 5.967990 -13.025600
vt 6.042230 -13.007900
vt 6.037530 -12.990400
vt 6.035090 -13.008200
vt 6.022340 -12.987500
vt 6.032170 -12.985100
vt 6.030690 -12.998000
vt 6.041580 -13.007200
vt 6.035460 -13.013500
vt 6.081820 -12.997600
vt 6.134500 -12.993800
vt 6.137530 -12.992100
vt 6.223010 -12.996100
vt 6.250290 -12.974600
vt 6.254100 -12.965600
vt 6.184360 -12.965300
vt 6.216160 -12.990800
vt 6.305680 -12.964900
vt 6.261520 -12.990400
vt 6.312860 -12.976700
vt 6.315160 -12.965100
vt 6.209880 -12.999100
vt 6.324520 -12.977900
vt 6.309540 -12.990200
vt 6.325030 -12.994600
vt 6.269990 -12.998100
vt 6.311210 -13.002300
vt 6.323590 -13.012300
vt 6.285520 -13.011500
vt 6.307030 -13.023400
vt 6.231920 -13.016800
vt 6.264290 -13.025400
vt 6.218630 -13.027300
vt 6.142530 -13.015400
vt 6.312750 -13.027400
vt 6.129770 -13.026900
vt 6.160760 -13.027700
vt 6.202060 -13.046900
vt 5.965500 -13.032000
vt 5.977330 -13.031500
vt 5.967740 -13.022400
vt 5.983900 -13.012400
vt 5.865890 -13.032300
vt 5.969420 -13.008000
vt 5.986950 -12.991900
vt 5.848650 -13.008700
vt 5.932140 -12.992700
vt 5.935820 -12.979100
vt 5.882080 -12.978100
vt 5.882770 -12.965300
vt 5.875380 -12.992800
vt 5.818720 -12.967600
vt 5.827980 -13.019300
vt 5.813340 -12.979200
vt 5.808850 -12.991400
vt 5.792530 -13.006800
vt 5.782320 -12.978700
vt 5.756060 -12.993000
vt 5.767050 -13.021300
vt 5.764720 -13.006300
vt 5.799980 -13.032200
vt 5.698030 -13.023300
vt 5.680890 -13.021300
vt 5.696470 -12.975200
vt 5.751750 -13.031900
vt 5.765640 -12.967000
vt 5.694570 -12.962600
vt 5.678120 -12.966100
vt 5.676930 -12.953800
vt 5.678320 -12.977700
vt 6.068930 -12.995200
vt 6.137720 -12.986300
vt 6.071840 -12.982700
vt 6.150420 -12.966600
vt 6.074880 -12.970000
vt 6.070900 -12.969400
vt 6.056330 -12.993800
vt 6.063740 -13.009800
vt 6.143990 -12.992700
vt 6.092470 -13.011200
vt 6.083050 -13.025700
vt 6.066900 -13.016500
vt 5.938890 -12.966300
vt 5.979450 -12.954500
vt 5.935970 -12.954400
vt 5.985160 -12.976300
vt 5.987350 -12.960300
vt 5.994420 -12.988700
vt 5.974120 -12.948200
vt 5.682460 -13.032200
vt 5.700980 -13.032300
vt 5.815180 -12.978800
vt 5.833700 -12.988000
vt 5.839970 -12.977300
vt 5.814980 -12.971300
vt 5.815640 -12.966200
vt 5.790970 -12.978300
vt 5.797090 -12.986500
vt 5.772890 -12.997200
vt 5.775430 -13.004900
vt 5.767200 -13.003700
vt 5.755550 -13.000000
vt 5.742180 -12.975200
vt 5.741660 -12.984700
vt 5.769270 -12.977600
vt 5.745900 -12.967100
vt 5.727560 -12.981200
vt 5.710330 -12.977400
vt 5.694320 -12.966300
vt 5.713850 -12.985400
vt 5.696890 -12.975800
vt 5.684840 -12.969200
vt 5.697840 -12.990900
vt 5.702520 -13.001700
vt 5.697940 -13.003800
vt 5.691990 -12.997800
vt 5.737930 -12.974800
vt 5.697620 -12.985900
vt 5.728060 -12.988700
vt 5.710840 -12.992600
vt 5.806740 -12.977900
vt 5.776990 -12.976100
vt 5.864310 -12.972900
vt 5.862470 -12.971300
vt 5.918180 -12.976300
vt 5.861210 -12.989900
vt 5.884400 -12.983700
vt 5.853150 -12.981300
vt 5.914050 -12.986900
vt 5.925970 -12.986600
vt 5.930010 -12.979400
vt 5.918730 -13.001800
vt 5.929870 -13.000400
vt 5.905810 -13.000200
vt 5.897410 -12.989000
vt 5.871430 -12.996900
vt 5.875990 -12.988100
vt 5.866390 -12.998400
vt 5.853570 -12.994200
vt 5.843830 -12.992500
vt 5.768270 -12.986800
vt 5.828680 -13.000600
vt 5.798660 -13.028400
vt 5.809020 -13.016700
vt 5.794350 -13.013100
vt 5.793010 -13.029600
vt 5.785070 -13.027100
vt 5.780240 -13.003400
vt 5.777600 -12.994000
vt 5.733420 -13.008000
vt 5.744380 -12.993400
vt 5.727710 -13.009400
vt 5.721490 -13.007800
vt 6.212110 -12.985200
vt 6.234360 -12.972200
vt 6.181280 -12.969900
vt 6.305430 -12.981300
vt 6.299850 -12.995700
vt 6.323070 -12.995300
vt 6.301770 -13.012200
vt 6.320470 -13.013700
vt 6.310750 -13.032700
vt 6.327070 -13.017100
vt 6.277080 -13.011300
vt 6.297550 -13.032200
vt 6.295410 -13.047000
vt 6.286640 -13.042700
vt 6.126240 -13.013700
vt 6.130190 -13.002700
vt 6.113050 -13.001100
vt 6.107030 -12.997000
vt 6.171950 -12.998900
vt 6.156360 -13.020600
vt 6.173890 -13.018200
vt 6.189370 -13.008200
vt 6.169210 -13.039800
vt 6.175650 -13.041300
vt 6.182950 -13.038900
vt 6.267130 -12.992800
vt 6.274230 -13.004200
vt 6.297570 -12.997200
vt 6.259860 -13.041100
vt 6.254260 -13.005600
vt 6.254600 -13.045500
vt 6.248440 -13.040300
vt 6.235530 -13.002600
vt 6.216420 -12.996000
vt 6.195600 -12.999200
vt 6.123760 -13.016900
vt 6.135840 -13.020600
vt 6.137050 -13.013700
vt 6.148000 -13.018000
vt 6.145750 -13.012900
vt 6.133160 -12.990500
vt 6.160980 -13.006800
vt 6.155650 -12.998800
vt 6.165920 -12.985100
vt 6.117230 -12.980400
vt 6.175520 -13.001800
vt 6.175750 -13.010100
vt 6.195360 -13.009900
vt 6.190290 -13.018800
vt 6.205540 -13.032000
vt 6.215640 -13.030100
vt 6.216190 -13.038100
vt 6.224370 -13.028000
vt 6.228240 -13.033300
vt 6.234990 -13.002000
vt 6.240780 -13.009400
vt 6.255070 -13.001400
vt 5.925120 -12.967100
vt 5.849580 -12.966900
vt 5.897900 -12.978400
vt 5.929100 -12.970700
vt 5.912550 -12.989400
vt 5.860650 -12.999900
vt 5.878050 -13.004100
vt 5.908020 -12.998000
vt 5.866050 -13.020800
vt 5.860200 -13.021700
vt 5.866910 -13.025600
vt 5.860150 -13.028200
vt 5.853900 -13.021100
vt 5.844980 -12.996100
vt 5.850400 -13.024600
vt 6.019540 -12.992600
vt 6.020550 -12.983400
vt 6.012650 -12.986600
vt 6.025880 -12.990600
vt 6.031980 -13.002900
vt 6.017730 -12.998400
vt 6.060040 -13.003600
vt 6.064030 -12.992300
vt 6.055290 -13.011700
vt 6.110150 -13.008700
vt 6.113590 -12.999800
vt 6.034820 -13.009800
vt 6.052810 -13.002100
vt 6.035020 -13.000200
vt 6.028700 -13.012200
vt 6.022670 -12.997200
vt 6.037750 -13.013800
vt 6.270900 -13.019100
vt 6.255300 -13.009200
vt 6.305000 -13.008200
vt 6.317390 -12.994100
vt 6.291600 -13.015900
vt 6.283690 -13.014000
vt 6.281860 -13.008500
vt 6.033810 -12.988000
vt 6.025420 -12.989600
vt 6.026700 -13.005400
vt 6.033700 -13.003100
vt 6.024980 -12.988500
vt 6.026270 -13.003600
vt 6.033680 -12.984700
vt 6.039800 -13.000000
vt 6.040010 -12.997800
vt 6.031580 -12.976800
vt 6.032490 -13.003700
vt 6.026430 -13.003000
vt 6.034850 -12.969200
vt 6.025070 -12.982800
vt 6.017300 -12.968300
vt 6.014550 -12.976200
vt 6.018630 -12.982200
vt 6.008000 -12.978500
vt 6.022320 -12.986400
vt 6.022100 -12.961400
vt 6.006100 -12.967900
vt 6.005440 -12.959300
vt 5.987730 -12.965400
vt 5.976890 -12.978900
vt 5.972590 -12.973000
vt 5.991910 -12.973500
vt 6.005070 -12.975700
vt 5.993330 -12.980700
vt 5.983200 -12.984400
vt 5.984250 -12.989000
vt 5.975850 -12.999700
vt 5.982320 -13.000200
vt 5.974800 -12.985800
vt 5.968110 -12.995900
vt 5.976020 -12.999300
vt 5.965920 -12.988900
vt 5.968770 -12.996200
vt 5.939070 -13.024600
vt 5.945810 -13.024900
vt 5.941310 -13.014100
vt 5.959320 -13.000900
vt 5.952920 -13.027100
vt 5.964820 -12.981200
vt 5.968030 -13.003400
vt 5.969530 -12.989000
vt 5.979200 -12.994000
vt 5.983820 -12.992600
vt 5.975660 -13.008800
vt 5.982410 -13.007800
vt 5.974670 -12.989900
vt 5.968000 -13.004200
vt 5.963630 -13.021600
vt 5.970890 -13.039800
vt 5.973130 -13.020600
vt 5.963680 -13.041800
vt 5.955860 -13.038100
vt 5.955230 -13.015700
vt 5.964230 -13.051800
vt 5.972700 -13.040300
vt 5.964920 -13.044700
vt 5.970090 -13.001800
vt 5.958420 -13.034900
vt 5.979350 -13.002600
vt 5.963420 -12.993100
vt 6.037080 -13.018800
vt 6.027610 -13.017600
vt 6.037740 -13.036300
vt 6.046010 -13.036300
vt 6.051170 -13.032000
vt 6.044770 -13.009900
vt 6.041290 -12.996100
vt 6.040550 -13.024600
vt 6.048210 -13.021100
vt 6.034720 -13.026200
vt 6.023680 -12.974300
vt 6.011340 -12.980000
vt 6.039750 -12.986600
vt 6.048410 -12.992600
vt 6.041760 -12.998400
vt 6.022980 -12.990600
vt 6.051970 -13.002900
vt 6.044900 -13.007400
vt 5.996200 -12.988500
vt 5.993880 -12.981500
vt 6.008120 -12.971700
vt 5.978600 -12.997200
vt 5.964700 -13.010700
vt 5.971450 -13.012200
vt 5.974280 -12.990200
vt 5.958390 -13.005300
vt 5.987580 -12.974800
vt 5.968470 -12.984800
vt 6.059000 -13.042700
vt 6.048850 -13.019100
vt 6.052470 -13.045700
vt 6.044640 -13.045500
vt 6.039130 -13.019100
vt 5.967120 -13.005900
vt 5.958040 -13.011000
vt 5.963900 -13.015600
vt 5.962010 -12.995000
vt 5.970910 -13.014000
vt 5.974600 -13.008500
vt 5.859360 -12.979800
vt 5.924650 -12.986400
vt 5.903490 -12.980000
vt 5.836200 -12.974600
vt 5.842500 -12.985800
vt 5.855780 -12.992400
vt 5.820890 -12.971700
vt 5.833700 -12.966200
vt 5.918180 -12.997600
vt 5.932160 -12.998900
vt 5.827270 -12.980500
vt 5.776990 -12.996100
vt 5.815180 -12.964200
vt 5.803930 -12.971600
vt 5.797090 -12.965300
vt 5.797980 -12.980200
vt 5.791360 -12.973800
vt 5.775430 -12.967300
vt 5.751010 -12.981900
vt 5.769610 -12.977200
vt 5.774260 -12.973600
vt 5.767200 -12.960700
vt 5.761420 -12.967800
vt 5.755550 -12.960200
vt 5.763310 -12.975100
vt 5.755570 -12.973700
vt 5.747450 -12.975000
vt 5.751850 -12.966300
vt 5.741660 -12.966300
vt 5.727530 -12.974200
vt 5.727560 -12.966200
vt 5.742180 -12.961400
vt 5.710330 -12.960200
vt 5.713850 -12.966200
vt 5.697890 -12.967800
vt 5.702520 -12.960200
vt 5.697940 -12.960400
vt 5.691990 -12.960000
vt 5.704140 -12.967300
vt 5.709600 -12.974700
vt 5.702790 -12.973900
vt 5.695500 -12.977700
vt 5.697610 -12.975300
vt 5.692010 -12.973600
vt 5.691060 -12.967500
vt 5.685140 -12.974900
vt 5.692740 -12.981400
vt 5.674820 -12.985400
vt 5.691310 -12.992000
vt 5.686480 -13.016800
vt 5.671980 -13.008100
vt 5.683510 -13.023100
vt 5.707460 -13.025300
vt 5.676080 -12.994900
vt 5.688350 -12.998100
vt 5.677870 -13.006700
vt 5.737930 -12.996900
vt 5.697620 -13.011700
vt 5.710840 -13.016200
vt 5.806740 -12.996600
vt 5.853150 -13.006100
vt 5.864310 -12.991900
vt 5.884400 -13.009300
vt 5.843830 -13.019000
vt 5.861210 -13.014100
vt 5.897410 -13.015700
vt 5.768270 -13.009100
vt 5.728060 -13.011000
vt 5.914050 -13.011400
vt 5.930010 -13.011100
vt 5.921290 -13.023800
vt 5.934300 -13.023500
vt 5.929870 -13.017400
vt 5.930290 -13.030200
vt 5.918730 -13.015700
vt 5.905810 -13.017700
vt 5.919790 -13.031200
vt 5.902680 -13.024100
vt 5.906310 -13.031900
vt 5.886620 -13.016800
vt 5.891590 -13.025200
vt 5.880640 -13.025000
vt 5.875990 -13.016200
vt 5.866610 -13.024000
vt 5.873520 -13.025500
vt 5.871430 -13.017700
vt 5.866390 -13.016600
vt 5.871660 -13.030900
vt 5.853570 -13.018900
vt 5.866130 -13.031200
vt 5.861630 -13.034100
vt 5.844850 -13.029700
vt 5.814040 -13.050200
vt 5.834980 -13.046500
vt 5.832970 -13.038700
vt 5.828680 -13.025400
vt 5.809020 -13.040100
vt 5.794350 -13.035100
vt 5.798660 -13.047200
vt 5.800800 -13.055600
vt 5.792960 -13.055000
vt 5.798940 -13.060800
vt 5.793010 -13.046200
vt 5.789390 -13.060900
vt 5.785070 -13.047100
vt 5.782940 -13.054200
vt 5.780240 -13.032000
vt 5.777600 -13.020800
vt 5.760290 -13.018000
vt 5.770920 -13.030500
vt 5.760230 -13.026500
vt 5.744380 -13.015900
vt 5.748420 -13.025200
vt 5.730770 -13.031100
vt 5.735290 -13.025700
vt 5.727670 -13.023900
vt 5.721870 -13.032000
vt 5.733420 -13.017600
vt 5.727710 -13.016200
vt 5.721490 -13.017600
vt 5.720710 -13.024300
vt 6.052810 -13.023400
vt 6.082090 -13.024500
vt 6.107030 -13.015900
vt 6.328030 -12.994900
vt 6.328030 -12.970900
vt 6.319820 -12.975600
vt 6.310750 -12.941400
vt 6.301340 -12.948800
vt 6.315350 -12.948900
vt 6.295410 -12.941700
vt 6.304800 -12.955700
vt 6.292820 -12.956600
vt 6.290810 -12.948900
vt 6.286640 -12.941000
vt 6.106700 -13.030900
vt 6.113050 -13.022300
vt 6.124450 -13.035900
vt 6.126240 -13.028200
vt 6.130190 -13.020200
vt 6.156360 -13.026900
vt 6.151900 -13.036400
vt 6.126780 -13.041900
vt 6.169210 -13.029100
vt 6.175420 -13.036300
vt 6.175650 -13.027800
vt 6.168230 -13.036300
vt 6.182950 -13.029300
vt 6.185460 -13.036700
vt 6.169540 -13.044100
vt 6.179040 -13.043600
vt 6.156450 -13.044800
vt 6.267130 -13.013100
vt 6.297570 -13.017400
vt 6.293940 -13.011200
vt 6.224200 -12.995600
vt 6.259860 -13.027100
vt 6.254590 -13.035800
vt 6.261900 -13.034900
vt 6.254600 -13.026800
vt 6.248440 -13.027300
vt 6.216420 -13.019700
vt 6.231160 -13.029900
vt 6.235530 -13.020600
vt 6.215320 -13.029100
vt 6.200630 -13.030200
vt 6.230090 -13.009200
vt 6.192950 -12.994200
vt 6.193250 -12.988600
vt 6.297390 -12.982400
vt 6.257990 -12.980000
vt 6.195600 -13.021100
vt 6.171950 -13.017400
vt 6.156720 -13.004000
vt 6.123760 -12.952900
vt 6.115710 -12.968600
vt 6.130320 -12.962100
vt 6.135840 -12.954700
vt 6.145540 -12.963300
vt 6.136560 -12.969300
vt 6.148000 -12.955400
vt 6.160980 -12.962600
vt 6.156010 -12.972200
vt 6.176050 -12.972900
vt 6.175750 -12.964000
vt 6.190290 -12.962900
vt 6.196220 -12.972400
vt 6.235890 -12.970400
vt 6.256090 -12.966400
vt 6.240780 -12.959800
vt 6.206490 -12.962300
vt 6.216190 -12.952500
vt 6.204040 -12.954000
vt 6.205540 -12.948800
vt 6.216780 -12.961000
vt 6.228240 -12.954400
vt 6.226480 -12.961600
vt 5.943410 -12.999200
vt 5.935140 -12.987300
vt 5.926820 -12.971700
vt 5.918810 -12.978600
vt 5.882290 -12.965700
vt 5.911390 -12.967600
vt 5.908020 -12.961500
vt 5.878050 -12.957100
vt 5.908180 -12.974700
vt 5.877810 -12.975100
vt 5.863700 -12.968000
vt 5.866910 -12.956900
vt 5.860200 -12.949800
vt 5.866050 -12.951600
vt 5.860150 -12.955200
vt 5.862960 -12.963100
vt 5.850400 -12.959400
vt 5.853900 -12.951800
vt 5.853490 -12.965300
vt 6.029620 -12.955100
vt 6.053270 -12.957200
vt 6.031980 -12.948000
vt 6.055290 -12.949500
vt 6.028660 -12.965700
vt 6.017730 -12.958200
vt 6.011780 -12.977000
vt 6.110150 -12.959400
vt 6.053110 -12.967600
vt 6.026500 -12.984700
vt 6.058550 -12.985300
vt 6.012850 -13.003800
vt 6.030400 -12.994900
vt 6.115210 -12.996900
vt 6.119750 -12.984700
vt 6.030580 -13.008300
vt 6.022670 -13.021400
vt 6.064780 -13.006400
vt 6.035020 -13.019000
vt 6.028700 -13.028500
vt 6.037750 -13.028700
vt 6.034820 -13.024100
vt 6.034820 -13.036400
vt 6.027080 -13.035300
vt 6.043220 -13.035100
vt 6.028540 -13.041600
vt 6.037410 -13.042200
vt 6.058480 -13.031200
vt 6.283100 -12.947500
vt 6.286700 -12.955400
vt 6.270900 -12.951200
vt 6.277190 -12.960900
vt 6.255300 -12.956300
vt 6.298310 -12.976400
vt 6.319830 -12.994300
vt 6.317390 -13.018700
vt 6.325230 -13.022300
vt 6.316490 -13.030700
vt 6.305000 -13.025900
vt 6.297390 -13.035500
vt 6.286460 -13.042000
vt 6.298570 -13.041600
vt 6.291600 -13.027600
vt 6.285090 -13.036100
vt 6.283690 -13.029100
vt 6.281860 -13.025400
vt 6.273540 -13.030500
vt 6.278170 -13.032900
vt 6.274230 -13.020900
vt 6.096510 -12.990600
vt 6.140400 -13.011000
vt 6.140640 -12.990100
vt 6.154310 -13.005400
vt 6.163800 -12.989600
vt 6.157500 -12.982100
vt 6.075350 -12.984600
vt 6.144220 -12.976100
vt 6.134500 -12.971900
vt 6.081820 -12.976300
vt 6.223010 -12.976100
vt 6.248990 -12.984700
vt 6.202020 -12.984600
vt 6.230390 -12.991100
vt 6.208640 -12.990200
vt 6.225740 -13.004400
vt 6.236690 -13.005700
vt 6.244430 -13.003600
vt 6.252550 -12.988500
vt 6.290400 -12.988500
vt 6.304500 -12.986400
vt 6.272470 -12.985400
vt 6.297210 -13.005100
vt 6.302390 -13.006000
vt 6.307990 -13.003000
vt 6.314860 -12.982800
vt 6.307030 -12.965800
vt 6.288870 -12.982300
vt 6.312750 -12.973000
vt 6.264290 -12.969600
vt 6.292540 -12.989900
vt 6.316490 -12.978900
vt 6.074460 -12.978700
vt 6.069710 -12.997000
vt 6.086550 -12.985000
vt 6.080210 -12.999500
vt 6.083050 -12.968400
vt 6.093690 -12.995900
vt 6.108510 -12.976200
vt 6.108410 -12.985800
vt 6.129770 -12.967300
vt 6.119360 -12.983600
vt 6.123590 -12.977700
vt 6.128340 -12.994300
vt 6.133870 -12.996200
vt 6.138370 -12.988900
vt 6.138710 -12.977000
vt 6.156340 -12.980000
vt 6.155150 -12.989600
vt 6.160760 -12.968500
vt 6.174160 -12.990300
vt 6.202060 -12.988500
vt 6.167400 -13.001100
vt 6.190000 -13.005500
vt 6.185960 -13.014200
vt 6.165020 -13.007500
vt 6.201060 -13.022400
vt 6.207730 -13.014400
vt 6.210610 -13.024600
vt 6.216880 -13.014100
vt 6.223590 -12.981200
vt 6.218630 -12.970200
vt 6.239750 -12.978800
vt 6.229080 -12.989000
vt 6.239770 -12.986600
vt 6.255140 -12.984100
vt 6.272310 -12.982600
vt 6.251580 -12.990900
vt 6.272320 -12.997000
vt 6.264710 -13.008000
vt 6.269230 -13.007400
vt 6.278130 -13.004200
vt 5.965500 -12.981200
vt 5.865890 -12.979200
vt 5.917090 -12.987100
vt 5.767050 -12.966400
vt 5.751750 -12.977000
vt 5.799980 -12.978300
vt 5.677380 -13.013300
vt 5.695200 -13.043000
vt 5.697610 -13.012500
vt 5.680180 -12.996000
vt 5.707180 -13.048100
vt 5.865170 -12.994100
vt 5.873220 -13.008500
vt 5.887160 -12.989500
vt 5.893300 -12.997300
vt 5.917910 -12.999000
vt 5.875550 -13.013600
vt 5.806280 -12.989900
vt 5.799370 -12.996100
vt 5.805630 -13.005800
vt 5.784840 -12.986200
vt 5.826330 -13.010300
vt 5.814070 -13.025200
vt 5.824730 -13.030500
vt 5.820960 -13.041200
vt 5.830460 -13.038100
vt 5.843550 -13.015700
vt 5.724050 -12.995000
vt 5.740170 -13.038000
vt 5.745260 -12.994200
vt 5.738100 -13.044300
vt 5.745820 -13.041500
vt 5.745410 -13.051800
vt 5.752150 -13.044700
vt 5.751420 -13.034900
vt 5.764330 -12.993100
vt 5.768840 -13.001800
vt 5.784680 -12.993400
vt 5.806750 -12.979000
vt 5.742010 -12.993800
vt 5.798690 -12.986300
vt 5.850220 -12.994800
vt 5.788480 -13.002900
vt 5.880250 -12.994500
vt 5.863440 -13.015200
vt 5.884290 -13.011200
vt 5.869680 -13.021600
vt 5.843990 -13.007600
vt 5.854460 -13.019500
vt 5.823950 -13.009400
vt 5.803780 -13.017600
vt 5.783710 -13.028400
vt 5.793510 -13.036300
vt 5.764110 -13.010400
vt 5.743910 -13.009600
vt 5.783220 -13.037600
vt 5.773520 -13.033400
vt 6.066900 -12.962200
vt 6.091820 -13.001100
vt 6.081190 -12.988500
vt 6.122190 -13.008900
vt 6.136300 -13.025600
vt 6.146510 -13.026200
vt 5.941450 -12.997800
vt 5.971460 -13.005300
vt 5.962590 -13.007900
vt 5.965180 -13.013500
vt 5.965800 -12.996400
vt 5.977330 -12.984800
vt 5.949010 -12.990400
vt 5.941520 -12.997100
vt 5.956780 -13.008200
vt 5.713300 -13.045500
vt 5.722810 -13.019100
vt 5.701690 -12.998200
vt 5.682460 -12.985100
vt 5.683510 -12.998000
vt 5.701430 -13.007200
vt 5.700980 -12.980100
vt 5.704390 -12.996300
vt 5.713540 -13.011000
vt 5.721830 -13.005900
vt 5.726460 -13.005400
vt 50.005798 -2.983070
vt 50.004902 -2.952070
vt 49.966801 -2.981540
vt 49.965900 -2.953170
vt 50.033199 -2.981540
vt 50.034100 -2.953170
vt 49.992699 -2.952070
vt 49.991699 -2.983070
vt 49.989399 -2.940270
vt 49.986198 -2.922210
vt 49.966400 -2.942710
vt 49.963501 -2.926180
vt 50.013802 -2.922210
vt 50.033600 -2.942710
vt 50.036499 -2.926180
vt 50.010601 -2.940270
vt 50.000000 -3.041950
vt 49.984600 -3.006430
vt 49.984600 -3.046430
vt 50.000000 -3.001950
vt 50.015400 -3.006430
vt 50.015400 -3.046430
vt 50.000000 -2.964450
vt 49.984600 -2.962240
vt 49.984600 -2.968930
vt 50.000000 -2.962240
vt 49.989601 -2.952690
vt 50.015400 -2.962240
vt 50.015400 -2.968930
vt 50.000000 -2.952690
vt 50.010399 -2.952690
vt 50.000000 -3.126000
vt 50.000000 -3.112240
vt 49.988899 -3.126000
vt 50.011200 -3.126000
vt 49.984600 -3.112240
vt 49.984600 -3.083930
vt 50.000000 -3.079450
vt 50.015400 -3.083930
vt 50.015400 -3.112240
vt 49.663300 -3.004080
vt 49.694302 -3.003920
vt 49.666901 -2.965190
vt 49.695301 -2.965040
vt 49.666901 -3.034810
vt 49.695301 -3.034960
vt 49.694302 -2.993650
vt 49.663300 -2.993480
vt 49.759300 -2.983040
vt 49.777699 -2.981850
vt 49.761501 -2.960610
vt 49.778198 -2.959510
vt 49.761501 -3.039390
vt 49.778198 -3.040490
vt 49.777699 -3.018150
vt 49.759300 -3.016960
vt 50.099098 -3.010370
vt 50.099098 -2.989650
vt 50.094799 -3.000010
vt 50.109501 -2.985350
vt 50.109501 -3.014670
vt 50.119900 -3.010370
vt 50.119900 -2.989650
vt 50.124199 -3.000010
vt 50.180801 -3.000010
vt 50.135300 -3.000010
vt 50.177799 -3.010120
vt 50.177799 -2.989900
vt 50.132401 -3.010120
vt 50.132401 -2.989900
vt 50.349499 -3.010120
vt 50.317101 -3.000010
vt 50.314201 -3.010120
vt 50.349499 -3.000010
vt 50.349499 -2.989900
vt 50.314201 -2.989900
vt 50.223301 -3.010120
vt 50.268700 -3.010120
vt 50.226200 -3.000010
vt 50.271702 -3.000010
vt 50.268700 -2.989900
vt 50.223301 -2.989900
vt 49.905998 -3.046430
vt 49.890499 -3.017240
vt 49.890499 -3.057240
vt 49.875099 -3.028060
vt 49.905998 -3.006430
vt 49.875099 -3.068060
vt 49.890499 -2.962240
vt 49.905998 -2.968930
vt 49.905998 -2.962240
vt 49.890499 -2.979740
vt 49.875099 -2.962240
vt 49.875099 -2.990560
vt 49.900902 -2.952690
vt 49.890499 -2.952690
vt 49.880100 -2.952690
vt 49.829300 -2.888330
vt 49.867599 -2.878200
vt 49.822201 -2.878200
vt 49.874699 -2.888330
vt 49.836399 -2.898450
vt 49.881802 -2.898450
vt 49.890499 -3.112240
vt 49.901699 -3.126000
vt 49.905998 -3.112240
vt 49.890499 -3.094740
vt 49.905998 -3.083930
vt 49.875099 -3.105560
vt 49.875099 -3.112240
vt 49.890499 -3.126000
vt 49.879398 -3.126000
vt 50.276299 -2.981510
vt 50.304699 -2.993280
vt 50.288101 -2.974310
vt 50.301498 -2.979890
vt 50.297501 -2.964850
vt 50.301498 -2.966510
vt 50.304699 -2.953150
vt 50.311901 -2.964840
vt 50.318100 -2.956340
vt 50.321400 -2.974310
vt 50.331501 -2.956340
vt 50.333099 -2.981540
vt 50.344898 -2.953170
vt 50.316399 -2.945940
vt 50.301498 -2.939760
vt 50.325901 -2.936490
vt 50.301498 -2.926390
vt 50.304699 -2.913020
vt 50.333099 -2.924790
vt 50.291302 -2.956330
vt 50.292999 -2.945920
vt 50.278000 -2.956320
vt 50.283600 -2.936460
vt 50.264599 -2.953130
vt 50.276402 -2.924760
vt 50.205002 -2.942670
vt 50.221802 -2.949540
vt 50.211899 -2.938470
vt 50.219898 -2.941730
vt 50.217499 -2.932970
vt 50.219898 -2.933940
vt 50.221802 -2.926150
vt 50.226002 -2.932970
vt 50.229698 -2.928020
vt 50.231602 -2.938490
vt 50.237598 -2.928030
vt 50.238499 -2.942710
vt 50.245499 -2.926180
vt 50.228699 -2.921960
vt 50.219898 -2.918350
vt 50.219898 -2.910550
vt 50.234299 -2.916460
vt 50.221802 -2.902770
vt 50.238499 -2.909640
vt 50.213799 -2.928000
vt 50.214802 -2.921930
vt 50.205898 -2.927990
vt 50.209202 -2.916410
vt 50.198002 -2.926120
vt 50.205002 -2.909590
vt 49.650501 -2.888330
vt 49.685799 -2.878200
vt 49.650501 -2.878200
vt 49.692902 -2.888330
vt 49.650501 -2.898450
vt 49.700001 -2.898450
vt 49.783798 -2.888330
vt 49.745399 -2.898450
vt 49.790901 -2.898450
vt 49.738300 -2.888330
vt 49.776699 -2.878200
vt 49.731300 -2.878200
vt 50.000000 -3.032540
vt 50.015400 -3.068060
vt 50.015400 -3.028060
vt 50.000000 -3.072540
vt 49.984600 -3.068060
vt 49.984600 -3.028060
vt 49.984600 -2.990560
vt 50.000000 -2.995040
vt 50.015400 -2.990560
vt 50.000000 -3.110040
vt 50.015400 -3.105560
vt 49.984600 -3.105560
vt 49.988800 -3.126000
vt 50.011101 -3.126000
vt 50.039200 -2.909590
vt 50.016701 -2.904070
vt 50.013500 -2.922140
vt 50.036201 -2.926120
vt 49.963799 -2.926120
vt 49.986500 -2.922140
vt 49.960800 -2.909590
vt 49.983299 -2.904070
vt 49.995499 -2.921030
vt 49.994598 -2.952030
vt 50.034401 -2.924760
vt 50.033600 -2.953130
vt 49.965599 -2.924760
vt 49.966400 -2.953130
vt 50.007900 -2.952030
vt 50.006901 -2.921030
vt 49.881802 -3.010120
vt 49.839298 -3.000010
vt 49.836399 -3.010120
vt 49.881802 -2.989900
vt 49.836399 -2.989900
vt 49.884800 -3.000010
vt 49.901699 -2.988870
vt 49.901699 -3.011150
vt 49.906300 -3.000010
vt 49.890499 -2.984260
vt 49.890499 -3.015760
vt 49.879398 -3.011150
vt 49.879398 -2.988870
vt 49.874699 -3.000010
vt 49.650501 -3.010120
vt 49.700001 -3.010120
vt 49.650501 -3.000010
vt 49.702900 -3.000010
vt 49.700001 -2.989900
vt 49.650501 -2.989900
vt 50.274601 -3.006230
vt 50.305599 -3.006390
vt 50.276299 -2.967160
vt 50.304699 -2.967310
vt 50.276299 -3.032840
vt 50.304699 -3.032690
vt 50.305599 -2.991170
vt 50.274601 -2.991330
vt 49.790901 -3.010120
vt 49.748402 -3.000010
vt 49.745399 -3.010120
vt 49.793800 -3.000010
vt 49.790901 -2.989900
vt 49.745399 -2.989900
vt 50.203999 -2.989610
vt 50.221802 -2.967710
vt 50.205002 -2.966620
vt 50.222301 -2.990810
vt 50.221802 -3.032290
vt 50.203999 -3.010390
vt 50.205002 -3.033380
vt 50.222301 -3.009190
vt 50.094002 -3.006430
vt 50.094002 -3.046430
vt 50.109501 -3.017240
vt 50.124901 -3.028060
vt 50.109501 -3.057240
vt 50.124901 -3.068060
vt 50.109501 -2.962240
vt 50.094002 -2.962240
vt 50.094002 -2.968930
vt 50.099098 -2.952690
vt 50.109501 -2.979740
vt 50.109501 -2.952690
vt 50.119900 -2.952690
vt 50.124901 -2.962240
vt 50.124901 -2.990560
vt 50.177799 -2.878200
vt 50.132401 -2.878200
vt 50.170700 -2.888330
vt 50.125301 -2.888330
vt 50.163601 -2.898450
vt 50.118198 -2.898450
vt 50.109501 -3.094740
vt 50.094002 -3.083930
vt 50.094002 -3.112240
vt 50.109501 -3.112240
vt 50.098301 -3.126000
vt 50.124901 -3.105560
vt 50.109501 -3.126000
vt 50.124901 -3.112240
vt 50.120602 -3.126000
vt 49.695301 -2.993280
vt 49.711899 -2.974310
vt 49.698502 -2.979890
vt 49.723701 -2.981510
vt 49.702499 -2.964850
vt 49.698502 -2.966510
vt 49.695301 -2.953150
vt 49.681900 -2.956340
vt 49.688099 -2.964840
vt 49.678600 -2.974310
vt 49.668499 -2.956340
vt 49.666901 -2.981540
vt 49.655102 -2.953170
vt 49.698502 -2.939760
vt 49.683601 -2.945940
vt 49.674099 -2.936490
vt 49.698502 -2.926390
vt 49.695301 -2.913020
vt 49.666901 -2.924790
vt 49.708698 -2.956330
vt 49.707001 -2.945920
vt 49.722000 -2.956320
vt 49.716400 -2.936460
vt 49.735401 -2.953130
vt 49.723598 -2.924760
vt 49.778198 -2.949540
vt 49.788101 -2.938470
vt 49.780102 -2.941730
vt 49.794998 -2.942670
vt 49.782501 -2.932970
vt 49.780102 -2.933940
vt 49.778198 -2.926150
vt 49.770302 -2.928020
vt 49.773998 -2.932970
vt 49.768398 -2.938490
vt 49.762402 -2.928030
vt 49.761501 -2.942710
vt 49.754501 -2.926180
vt 49.780102 -2.918350
vt 49.771301 -2.921960
vt 49.780102 -2.910550
vt 49.765701 -2.916460
vt 49.778198 -2.902770
vt 49.761501 -2.909640
vt 49.786201 -2.928000
vt 49.785198 -2.921930
vt 49.794102 -2.927990
vt 49.790798 -2.916410
vt 49.801998 -2.926120
vt 49.794998 -2.909590
vt 50.349499 -2.878200
vt 50.314201 -2.878200
vt 50.349499 -2.888330
vt 50.307098 -2.888330
vt 50.349499 -2.898450
vt 50.299999 -2.898450
vt 50.254601 -2.898450
vt 50.216202 -2.888330
vt 50.209099 -2.898450
vt 50.261700 -2.888330
vt 50.223301 -2.878200
vt 50.268700 -2.878200
vt 38.006599 -19.004601
vt 38.006599 -19.000000
vt 38.002800 -19.000000
vt 38.006599 -18.995399
vt 38.002800 -19.006001
vt 38.002800 -18.993999
vt 37.993401 -19.000000
vt 38.000401 -18.993700
vt 37.993401 -18.993000
vt 38.000401 -19.000000
vt 38.000401 -19.006300
vt 37.993401 -19.007000
vt 38.000000 -19.002800
vt 37.993999 -19.002800
vt 37.995399 -19.006599
vt 38.000000 -19.006599
vt 38.004601 -19.006599
vt 38.006001 -19.002800
vt 38.006302 -19.000401
vt 38.000000 -18.993401
vt 38.000000 -19.000401
vt 37.993698 -19.000401
vt 38.007000 -18.993401
vt 37.993000 -18.993401
vt 37.997200 -19.000000
vt 37.993401 -19.004601
vt 37.997200 -19.006001
vt 37.997200 -18.993999
vt 37.993401 -18.995399
vt 37.999599 -18.993700
vt 38.006599 -18.993000
vt 37.999599 -19.000000
vt 37.999599 -19.006300
vt 38.006599 -19.007000
vt 37.995399 -19.004601
vt 38.004601 -18.995399
vt 37.995399 -18.995399
vt 38.004601 -19.004601
vt 57.944000 -6.933420
vt 57.968300 -6.961760
vt 57.967300 -6.932470
vt 57.943401 -6.962780
vt 58.040901 -7.007110
vt 58.056900 -6.930850
vt 58.043800 -6.929660
vt 58.054001 -7.008300
vt 58.067600 -7.008100
vt 58.070400 -6.930640
vt 57.949799 -6.931330
vt 57.965500 -7.007470
vt 57.962700 -6.930010
vt 57.952599 -7.008790
vt 57.938900 -7.008730
vt 57.936100 -6.931270
vt 58.031502 -6.962720
vt 58.055901 -6.934130
vt 58.032600 -6.933430
vt 58.056499 -6.963470
vt 58.055401 -7.077150
vt 58.048599 -7.084740
vt 58.054501 -7.090610
vt 58.047600 -7.106250
vt 58.053398 -7.112120
vt 58.049500 -7.071280
vt 57.954899 -7.105510
vt 57.954300 -7.083980
vt 57.948502 -7.089910
vt 57.949100 -7.111440
vt 57.971802 -6.925200
vt 57.937901 -6.924910
vt 57.971699 -6.940150
vt 57.935501 -6.939840
vt 57.971401 -6.953230
vt 57.932800 -6.952890
vt 57.934799 -6.966240
vt 57.971001 -6.966550
vt 58.062901 -6.925480
vt 58.029598 -6.941100
vt 58.065800 -6.940410
vt 58.028999 -6.926130
vt 58.029900 -6.954160
vt 58.068501 -6.953430
vt 58.066502 -6.966790
vt 58.030300 -6.967480
vt 57.948601 -6.935480
vt 57.963600 -6.963650
vt 57.962502 -6.934360
vt 57.948299 -6.964820
vt 58.047901 -6.966410
vt 58.042198 -6.889210
vt 58.039299 -6.966670
vt 58.050701 -6.888960
vt 58.060200 -6.889680
vt 58.057400 -6.967130
vt 57.949501 -6.998400
vt 57.962299 -6.958050
vt 57.955898 -6.952890
vt 57.942799 -6.994740
vt 57.943401 -7.029330
vt 57.936798 -7.032170
vt 57.954700 -7.062930
vt 57.948799 -7.068860
vt 58.045101 -7.090200
vt 58.063301 -7.049160
vt 58.056499 -7.048120
vt 58.050900 -7.095710
vt 58.051102 -7.006340
vt 58.057598 -7.002060
vt 58.037601 -6.972360
vt 58.043999 -6.967400
vt 58.037701 -6.953850
vt 58.044102 -6.948880
vt 57.954498 -6.967610
vt 57.951698 -6.890150
vt 57.945801 -6.967450
vt 57.943001 -6.889990
vt 57.933601 -6.890810
vt 57.936401 -6.968270
vt 58.036800 -6.964570
vt 58.051899 -6.936270
vt 58.037899 -6.935290
vt 58.052200 -6.965590
vt 57.952400 -7.089670
vt 57.941502 -7.047660
vt 57.934700 -7.048770
vt 57.946602 -7.095250
vt 57.947498 -7.005790
vt 57.941002 -7.001560
vt 57.962601 -6.971570
vt 57.956200 -6.966670
vt 57.961498 -6.953090
vt 57.955200 -6.948190
vt 58.038502 -6.958870
vt 58.061199 -6.995470
vt 58.044800 -6.953640
vt 58.061600 -7.030080
vt 58.054600 -6.999190
vt 58.068199 -7.032850
vt 58.051201 -7.063820
vt 58.057098 -7.069690
vt 57.880501 -6.962660
vt 57.894402 -6.962700
vt 57.884602 -6.957850
vt 57.893200 -6.969410
vt 57.875999 -6.949800
vt 57.911800 -6.969010
vt 57.881699 -6.949310
vt 57.911598 -6.962150
vt 57.883801 -6.939780
vt 57.948200 -6.961490
vt 57.879002 -6.936070
vt 57.948399 -6.968350
vt 57.892399 -6.931430
vt 57.993198 -6.962520
vt 57.889999 -6.925200
vt 57.997200 -6.967420
vt 57.910599 -6.928190
vt 57.996700 -6.944130
vt 57.910801 -6.921340
vt 57.992401 -6.948570
vt 57.947601 -6.932870
vt 57.946499 -6.939570
vt 58.104900 -7.037340
vt 58.092098 -7.030590
vt 58.091099 -7.037300
vt 58.074699 -7.030990
vt 58.100899 -7.042150
vt 58.075001 -7.037850
vt 58.109600 -7.050200
vt 58.041901 -7.038510
vt 58.103901 -7.050690
vt 58.041698 -7.031660
vt 58.101898 -7.060220
vt 58.001301 -7.037480
vt 58.106800 -7.063930
vt 57.997200 -7.032580
vt 58.093498 -7.068570
vt 57.998100 -7.055870
vt 58.095901 -7.074800
vt 58.002399 -7.051430
vt 58.076500 -7.071810
vt 58.042900 -7.067130
vt 58.076401 -7.078660
vt 58.044102 -7.060430
vt 58.101601 -6.956240
vt 58.087799 -6.957080
vt 58.089199 -6.963730
vt 58.071800 -6.964360
vt 58.097301 -6.951670
vt 58.071602 -6.957510
vt 58.105598 -6.943130
vt 58.038601 -6.958870
vt 58.099899 -6.942970
vt 58.038700 -6.965720
vt 58.097401 -6.933580
vt 58.006199 -6.962110
vt 58.102001 -6.929600
vt 58.002399 -6.967270
vt 58.088402 -6.925740
vt 58.001900 -6.943980
vt 58.090500 -6.919380
vt 58.006599 -6.948070
vt 58.071201 -6.923530
vt 58.037998 -6.930240
vt 58.070801 -6.916690
vt 58.039700 -6.936830
vt 57.897701 -7.042920
vt 57.883900 -7.043760
vt 57.888302 -7.048330
vt 57.896198 -7.036270
vt 57.880100 -7.056870
vt 57.914799 -7.035640
vt 57.885799 -7.057030
vt 57.915001 -7.042490
vt 57.888500 -7.066420
vt 57.951599 -7.041130
vt 57.883900 -7.070400
vt 57.951401 -7.034280
vt 57.897499 -7.074260
vt 57.988300 -7.037890
vt 57.895500 -7.080620
vt 57.992001 -7.032730
vt 57.915901 -7.076470
vt 57.992802 -7.056020
vt 57.916401 -7.083310
vt 57.988201 -7.051930
vt 57.952599 -7.069760
vt 57.950901 -7.063170
vt 58.022999 -6.970390
vt 58.009998 -6.937130
vt 58.011002 -6.971010
vt 57.996601 -6.934920
vt 58.021900 -6.934160
vt 57.984501 -6.971780
vt 57.983398 -6.937900
vt 57.993801 -7.065070
vt 57.979599 -7.028990
vt 57.980499 -7.062870
vt 58.006199 -7.028220
vt 58.007000 -7.062100
vt 58.018200 -7.028290
vt 58.019100 -7.064520
vt 57.990101 -6.962300
vt 58.009300 -6.962390
vt 58.008900 -6.956010
vt 57.989700 -6.955920
vt 57.938999 -6.949460
vt 57.938599 -6.942800
vt 58.074902 -7.050540
vt 58.012699 -7.037700
vt 58.011200 -7.044080
vt 58.073898 -7.057200
vt 58.078300 -6.945410
vt 58.015099 -6.955180
vt 58.016998 -6.961520
vt 58.076900 -6.938780
vt 57.985901 -7.038480
vt 58.005001 -7.043780
vt 58.005100 -7.037440
vt 57.985802 -7.044820
vt 57.935699 -7.061220
vt 57.935699 -7.054590
vt 57.883598 -6.967550
vt 57.909500 -6.892590
vt 57.897999 -6.890090
vt 57.895100 -6.970050
vt 57.962002 -6.915050
vt 57.992699 -6.962780
vt 57.998100 -6.933420
vt 57.929199 -6.899640
vt 57.952202 -6.968110
vt 57.916000 -6.970990
vt 58.089401 -7.004550
vt 58.085201 -6.926890
vt 58.071899 -6.998230
vt 58.103802 -6.927090
vt 58.048599 -6.929850
vt 58.116100 -6.929660
vt 58.038799 -6.982870
vt 58.101601 -7.007110
vt 58.002499 -6.963700
vt 58.007999 -6.934410
vt 58.110001 -6.929630
vt 58.106602 -7.008730
vt 58.120998 -6.931270
vt 58.095699 -7.007090
vt 57.997898 -6.963750
vt 58.052399 -6.931740
vt 58.003300 -6.934390
vt 58.089199 -6.929180
vt 58.042599 -6.984790
vt 58.076000 -7.000530
vt 57.893501 -6.967880
vt 57.925301 -6.896950
vt 57.907902 -6.890430
vt 57.895100 -6.888290
vt 57.911999 -6.968300
vt 57.880699 -6.965750
vt 57.958302 -6.912940
vt 57.948399 -6.965960
vt 57.997299 -6.962720
vt 58.002800 -6.933430
vt 57.998699 -6.948780
vt 57.980301 -6.972800
vt 57.993698 -6.975220
vt 57.973301 -6.957820
vt 58.006901 -6.977700
vt 57.976501 -6.944730
vt 58.018902 -6.966240
vt 57.978100 -6.931420
vt 58.020699 -6.952890
vt 57.990002 -6.920000
vt 58.023701 -6.939840
vt 58.003399 -6.922430
vt 58.016602 -6.924910
vt 58.010300 -6.952890
vt 58.012299 -7.010650
vt 58.061401 -6.994740
vt 57.991100 -6.965340
vt 58.071301 -7.032170
vt 58.013100 -7.061410
vt 58.060398 -7.069580
vt 58.080799 -7.068860
vt 58.038898 -7.076420
vt 58.024601 -7.089910
vt 58.013401 -7.111440
vt 57.963100 -7.001560
vt 57.984901 -6.948190
vt 57.923100 -6.969210
vt 57.998299 -6.966670
vt 57.900799 -7.000690
vt 57.944599 -7.048770
vt 57.878101 -7.031430
vt 57.896900 -7.039380
vt 57.914600 -7.053460
vt 57.923100 -7.071170
vt 57.925800 -7.095250
vt 57.900002 -7.039760
vt 57.917702 -7.053880
vt 57.919899 -7.048370
vt 57.902199 -7.034250
vt 57.881302 -7.031760
vt 57.883499 -7.026250
vt 57.980000 -6.945880
vt 57.993801 -6.921160
vt 57.981800 -6.932570
vt 57.983898 -6.973920
vt 57.976898 -6.958940
vt 58.010502 -6.978880
vt 58.024300 -6.954160
vt 58.022499 -6.967480
vt 58.020401 -6.926130
vt 58.027401 -6.941100
vt 58.014099 -6.958870
vt 58.015301 -7.015780
vt 58.064301 -6.999190
vt 57.994900 -6.971280
vt 58.074001 -7.030080
vt 58.015800 -7.060840
vt 58.016800 -7.106250
vt 58.027901 -7.084740
vt 58.042198 -7.071280
vt 58.063801 -7.064490
vt 58.084202 -7.063820
vt 57.964901 -7.006340
vt 57.987301 -6.953850
vt 57.925098 -6.973120
vt 58.000702 -6.972360
vt 57.904499 -6.998360
vt 57.947800 -7.048120
vt 57.928398 -7.066100
vt 57.931000 -7.090200
vt 58.091301 -7.004900
vt 58.088402 -6.927520
vt 58.075100 -6.998870
vt 58.105598 -6.927440
vt 58.051800 -6.930570
vt 58.115398 -6.929430
vt 58.041901 -6.983590
vt 58.101002 -7.006890
vt 58.001400 -6.963650
vt 58.006802 -6.934360
vt 57.883598 -6.967130
vt 57.906502 -6.891560
vt 57.898102 -6.889680
vt 57.892101 -6.969020
vt 57.955898 -6.913970
vt 57.992298 -6.963030
vt 57.997601 -6.933620
vt 57.923500 -6.898200
vt 57.945999 -6.967010
vt 57.910301 -6.969540
vt 57.897900 -6.969180
vt 57.928398 -6.897980
vt 57.912201 -6.891730
vt 57.902699 -6.890150
vt 57.915100 -6.969330
vt 57.888302 -6.967610
vt 57.961399 -6.913880
vt 57.951599 -6.966910
vt 57.988400 -6.961250
vt 57.993801 -6.931960
vt 58.102501 -6.928250
vt 58.097099 -7.007100
vt 58.111500 -6.929640
vt 58.088100 -7.005700
vt 58.006001 -6.965590
vt 58.049099 -6.931410
vt 58.011799 -6.936270
vt 58.084099 -6.928250
vt 58.039200 -6.984450
vt 58.070801 -6.999600
vt 58.043800 -6.889190
vt 58.040901 -6.966650
vt 58.054001 -6.966390
vt 58.056900 -6.888930
vt 58.070400 -6.890090
vt 58.067600 -6.967550
vt 57.944000 -6.935110
vt 57.968300 -6.963700
vt 57.967300 -6.934410
vt 57.943401 -6.964460
vt 58.031502 -6.962730
vt 58.055901 -6.934390
vt 58.032600 -6.933440
vt 58.056499 -6.963750
vt 57.962700 -6.888290
vt 57.952599 -6.965340
vt 57.965500 -6.965750
vt 57.949799 -6.887880
vt 57.936100 -6.888910
vt 57.938900 -6.966370
vt 58.048599 -7.065590
vt 58.055401 -7.053460
vt 58.049500 -7.047880
vt 58.054501 -7.071170
vt 58.047600 -7.089670
vt 58.053398 -7.095250
vt 57.948200 -7.053880
vt 57.948502 -7.071610
vt 57.954300 -7.066100
vt 57.954899 -7.090200
vt 57.949100 -7.095710
vt 57.954102 -7.048370
vt 58.029900 -6.945060
vt 58.065800 -6.931420
vt 58.029598 -6.931730
vt 58.068501 -6.944730
vt 58.066502 -6.957820
vt 58.030300 -6.958130
vt 58.064301 -6.972800
vt 58.030399 -6.973090
vt 57.935501 -6.931880
vt 57.971401 -6.945880
vt 57.971699 -6.932570
vt 57.932800 -6.945150
vt 57.934799 -6.958250
vt 57.971001 -6.958940
vt 57.936501 -6.973270
vt 57.970402 -6.973920
vt 58.039299 -7.006890
vt 58.050701 -6.930290
vt 58.042198 -6.929430
vt 58.047901 -7.007750
vt 58.057400 -7.007700
vt 58.060200 -6.930240
vt 57.948601 -6.933620
vt 57.963600 -6.962140
vt 57.962502 -6.932850
vt 57.948299 -6.963030
vt 58.045101 -7.105510
vt 58.063301 -7.061410
vt 58.056499 -7.060220
vt 58.050900 -7.111440
vt 58.051102 -7.015100
vt 58.057598 -7.010650
vt 58.037601 -6.970500
vt 58.043999 -6.965340
vt 57.942799 -6.969590
vt 57.943401 -6.998360
vt 57.949501 -6.973120
vt 57.936798 -7.000950
vt 57.954700 -7.026250
vt 57.948799 -7.031760
vt 58.036800 -6.961250
vt 58.051899 -6.932860
vt 58.037899 -6.931960
vt 58.052200 -6.962280
vt 57.943001 -6.929790
vt 57.954498 -7.006470
vt 57.951698 -6.929020
vt 57.945801 -7.007250
vt 57.936401 -7.007100
vt 57.933601 -6.929640
vt 58.061600 -6.998030
vt 58.061199 -6.969210
vt 58.054600 -6.972670
vt 58.068199 -7.000690
vt 58.051201 -7.025860
vt 58.057098 -7.031430
vt 57.952400 -7.106250
vt 57.934700 -7.061960
vt 57.946602 -7.112120
vt 57.941502 -7.060840
vt 57.947498 -7.015780
vt 57.941002 -7.011260
vt 57.962601 -6.971280
vt 57.956200 -6.966050
vt 58.063499 -7.056330
vt 58.042198 -7.049490
vt 58.042000 -7.055380
vt 58.063801 -7.050450
vt 58.083900 -7.057060
vt 58.084202 -7.051170
vt 57.979301 -6.969630
vt 57.993698 -6.933540
vt 57.980301 -6.935750
vt 58.005798 -6.970400
vt 58.006901 -6.936520
vt 58.017799 -6.971020
vt 58.018902 -6.934790
vt 58.075001 -6.971620
vt 58.092400 -6.972250
vt 58.091301 -6.965540
vt 58.105099 -6.965500
vt 58.075100 -6.964770
vt 58.101002 -6.960690
vt 58.041801 -6.970290
vt 58.109699 -6.952640
vt 58.041901 -6.963440
vt 58.104000 -6.952150
vt 58.001400 -6.963590
vt 58.101799 -6.942620
vt 57.997398 -6.968500
vt 58.106602 -6.938910
vt 57.997898 -6.943500
vt 58.093300 -6.934270
vt 58.001900 -6.948270
vt 58.095699 -6.928040
vt 58.042599 -6.933960
vt 58.076099 -6.930810
vt 58.043701 -6.940660
vt 58.076000 -6.923950
vt 57.894501 -7.034460
vt 57.911800 -7.035230
vt 57.911999 -7.028380
vt 57.893501 -7.027750
vt 57.948399 -7.029710
vt 57.880699 -7.034500
vt 57.948200 -7.036560
vt 57.884701 -7.039310
vt 57.993198 -7.036410
vt 57.875999 -7.047360
vt 57.997299 -7.031500
vt 57.881599 -7.047850
vt 57.996399 -7.056500
vt 57.883598 -7.057380
vt 57.992298 -7.051730
vt 57.878799 -7.061090
vt 57.947201 -7.066040
vt 57.892101 -7.065730
vt 57.945999 -7.059340
vt 57.889599 -7.071960
vt 57.910301 -7.069190
vt 57.910400 -7.076050
vt 57.915001 -6.966980
vt 57.897900 -6.959920
vt 57.896400 -6.966570
vt 57.883999 -6.959080
vt 57.915100 -6.960130
vt 57.888302 -6.954510
vt 57.951401 -6.967670
vt 57.880001 -6.945970
vt 57.951599 -6.960810
vt 57.885700 -6.945810
vt 57.988400 -6.963180
vt 57.888302 -6.936420
vt 57.992100 -6.968340
vt 57.883598 -6.932440
vt 57.992699 -6.943350
vt 57.897202 -6.928580
vt 57.988201 -6.947790
vt 57.895100 -6.922220
vt 57.952202 -6.931330
vt 57.915501 -6.926150
vt 57.950500 -6.937920
vt 57.916000 -6.919310
vt 58.087799 -7.040080
vt 58.071899 -7.033020
vt 58.071701 -7.039870
vt 58.089401 -7.033430
vt 58.038799 -7.032330
vt 58.101601 -7.040920
vt 58.038502 -7.039190
vt 58.097301 -7.045490
vt 58.006199 -7.036820
vt 58.105499 -7.054030
vt 58.002499 -7.031660
vt 58.099800 -7.054190
vt 58.001701 -7.056650
vt 58.097099 -7.063580
vt 58.006001 -7.052210
vt 58.101700 -7.067560
vt 58.037498 -7.068670
vt 58.088100 -7.071420
vt 58.039200 -7.062080
vt 58.090099 -7.077780
vt 58.070801 -7.073850
vt 58.070301 -7.080690
vt 58.021500 -7.066530
vt 58.022499 -7.030300
vt 58.009602 -7.064250
vt 58.010502 -7.030370
vt 57.996300 -7.066460
vt 57.983898 -7.029600
vt 57.983101 -7.063480
vt 58.071800 -6.897700
vt 58.103600 -6.968680
vt 58.089199 -6.891220
vt 58.101601 -6.889190
vt 58.084999 -6.969050
vt 58.116001 -6.966650
vt 58.038700 -6.913610
vt 58.048599 -6.966630
vt 58.007900 -6.961760
vt 58.002399 -6.932470
vt 57.952599 -6.930930
vt 57.998299 -6.964460
vt 57.992802 -6.935110
vt 57.898300 -7.008100
vt 57.895500 -6.928860
vt 57.883900 -6.930640
vt 57.962502 -6.983970
vt 57.909901 -7.006320
vt 57.916401 -6.928330
vt 57.929699 -6.999670
vt 57.907600 -7.004860
vt 57.911800 -6.927240
vt 57.893200 -6.927400
vt 57.880501 -6.930010
vt 57.924999 -6.998590
vt 57.894901 -7.007470
vt 57.948399 -6.930290
vt 57.958199 -6.983320
vt 58.002602 -6.962730
vt 57.997200 -6.933440
vt 58.095901 -6.891330
vt 58.121201 -6.966370
vt 58.106800 -6.888910
vt 58.110401 -6.968780
vt 58.003601 -6.963470
vt 58.042900 -6.914020
vt 57.998100 -6.934130
vt 58.076401 -6.898390
vt 58.052799 -6.967060
vt 58.089600 -6.969740
vt 57.978500 -6.966790
vt 57.998901 -6.949220
vt 57.976700 -6.953430
vt 57.973499 -6.940410
vt 57.990398 -6.978240
vt 57.980499 -6.925480
vt 58.003700 -6.975700
vt 57.993801 -6.922950
vt 58.016899 -6.973270
vt 58.007000 -6.920520
vt 58.023998 -6.958250
vt 58.019100 -6.931880
vt 58.021000 -6.945150
vt 58.103100 -7.039380
vt 58.083599 -7.047880
vt 58.085400 -7.053460
vt 58.101200 -7.033810
vt 58.121899 -7.031430
vt 58.119999 -7.025860
vt 58.073898 -6.969590
vt 58.011200 -6.948880
vt 58.033901 -7.002060
vt 57.997799 -6.967400
vt 58.096600 -7.000950
vt 58.052799 -7.049160
vt 58.099998 -7.039760
vt 58.118698 -7.031760
vt 58.082298 -7.053880
vt 58.073799 -7.071610
vt 58.071201 -7.095710
vt 57.985802 -6.953640
vt 57.984699 -7.011260
vt 58.005001 -6.966050
vt 57.935699 -6.995470
vt 57.926201 -7.032850
vt 57.984402 -7.061960
vt 57.916100 -7.069690
vt 57.936501 -7.070350
vt 57.958000 -7.077150
vt 57.972401 -7.090610
vt 57.983501 -7.112120
vt 57.975498 -7.083980
vt 57.961102 -7.076420
vt 57.975399 -7.089910
vt 57.961201 -7.070490
vt 57.939602 -7.069580
vt 57.939602 -7.063650
vt 57.919201 -7.068860
vt 57.919201 -7.062930
vt 58.024700 -6.945060
vt 58.020699 -6.973090
vt 58.027802 -6.958130
vt 58.011002 -6.920300
vt 58.022999 -6.931730
vt 57.984501 -6.925200
vt 57.980499 -6.953230
vt 57.977402 -6.940150
vt 57.994202 -6.977990
vt 57.982201 -6.966550
vt 58.078300 -6.972670
vt 58.016998 -6.953090
vt 58.038502 -7.005790
vt 58.003502 -6.971570
vt 58.098400 -6.998030
vt 58.055099 -7.047660
vt 58.072399 -7.089670
vt 58.075100 -7.065590
vt 57.990101 -6.958050
vt 57.987999 -7.015100
vt 58.009300 -6.970500
vt 57.938999 -6.998400
vt 57.928902 -7.029330
vt 57.987099 -7.060220
vt 57.986599 -7.105510
vt 57.946499 -6.932130
vt 57.998100 -6.964820
vt 57.992401 -6.935480
vt 57.898201 -7.007700
vt 57.892399 -6.928960
vt 57.883801 -6.930240
vt 57.956299 -6.985180
vt 57.906700 -7.006420
vt 57.923901 -7.000380
vt 57.910599 -6.929030
vt 58.075001 -6.897160
vt 58.105499 -6.968320
vt 58.091099 -6.890870
vt 58.100899 -6.889210
vt 58.088200 -6.968500
vt 58.115299 -6.966670
vt 58.041901 -6.913150
vt 58.051800 -6.966170
vt 58.006802 -6.962140
vt 58.001301 -6.932850
vt 58.088402 -6.892750
vt 58.111698 -6.968270
vt 58.097401 -6.890810
vt 58.102798 -6.970210
vt 58.011799 -6.962280
vt 58.039700 -6.914910
vt 58.006599 -6.932860
vt 58.071201 -6.899370
vt 58.049500 -6.967970
vt 58.084499 -6.970720
vt 57.912201 -7.004510
vt 57.915001 -6.927100
vt 57.897701 -6.927060
vt 57.888302 -6.929020
vt 57.928299 -6.998440
vt 57.902699 -7.006470
vt 57.951599 -6.930060
vt 57.961498 -6.983080
vt 57.993801 -6.964570
vt 57.988300 -6.935290
vt 6.004870 -54.959999
vt 5.965190 -54.932800
vt 5.965910 -54.961102
vt 6.004080 -54.929001
vt 6.034810 -54.932800
vt 5.992690 -54.959999
vt 6.034090 -54.961102
vt 5.993480 -54.929001
vt 6.000010 -55.009899
vt 5.984590 -54.976898
vt 5.984590 -55.014400
vt 6.015430 -54.976898
vt 6.015430 -55.014400
vt 6.000010 -54.972401
vt 6.015430 -55.054401
vt 6.000010 -55.087399
vt 6.015430 -55.091900
vt 6.000010 -55.049900
vt 5.984590 -55.054401
vt 5.984590 -55.091900
vt 5.960610 -54.917599
vt 5.986160 -54.930199
vt 5.983040 -54.912102
vt 5.963460 -54.934200
vt 6.039390 -54.917599
vt 6.013840 -54.930199
vt 6.036540 -54.934200
vt 6.016960 -54.912102
vt 6.242410 -55.000000
vt 6.196950 -55.000000
vt 6.239470 -55.010101
vt 6.239470 -54.989899
vt 6.194020 -55.010101
vt 6.194020 -54.989899
vt 5.793870 -54.981800
vt 5.811210 -54.960800
vt 5.794420 -54.959499
vt 5.812220 -54.983299
vt 5.811210 -55.039200
vt 5.793870 -55.018200
vt 5.794420 -55.040501
vt 5.812220 -55.016701
vt 5.710520 -55.003899
vt 5.739830 -54.965599
vt 5.711450 -54.965000
vt 5.741540 -55.004501
vt 5.739830 -55.034401
vt 5.710520 -54.993599
vt 5.711450 -55.035000
vt 5.741540 -54.993099
vt 6.330390 -54.989899
vt 6.287870 -55.000000
vt 6.333330 -55.000000
vt 6.330390 -55.010101
vt 6.284930 -54.989899
vt 6.284930 -55.010101
vt 5.874340 -55.025200
vt 5.858900 -54.998501
vt 5.858900 -55.035999
vt 5.874340 -54.987701
vt 5.889790 -55.014400
vt 5.889790 -54.976898
vt 5.874340 -55.065201
vt 5.889790 -55.091900
vt 5.889790 -55.054401
vt 5.874340 -55.102699
vt 5.858900 -55.076000
vt 5.858900 -55.113499
vt 5.767620 -54.896301
vt 5.805980 -54.886200
vt 5.760530 -54.886200
vt 5.813080 -54.896301
vt 5.774710 -54.906399
vt 5.820170 -54.906399
vt 6.271860 -54.982300
vt 6.275150 -54.964298
vt 6.261770 -54.964298
vt 6.281330 -54.972801
vt 6.260160 -54.989498
vt 6.248410 -54.961102
vt 6.288540 -54.961102
vt 6.285350 -54.974499
vt 6.295740 -54.972801
vt 6.285350 -54.987900
vt 6.305200 -54.982300
vt 6.288530 -55.001301
vt 6.316910 -54.989498
vt 6.301910 -54.964298
vt 6.300250 -54.953899
vt 6.315280 -54.964298
vt 6.309710 -54.944500
vt 6.328670 -54.961102
vt 6.316930 -54.932800
vt 6.276830 -54.953899
vt 6.285360 -54.947701
vt 6.267370 -54.944401
vt 6.285360 -54.934399
vt 6.260170 -54.932701
vt 6.288550 -54.921001
vt 6.195710 -54.946499
vt 6.197650 -54.936001
vt 6.189740 -54.936001
vt 6.201310 -54.940899
vt 6.188780 -54.950600
vt 6.181840 -54.934101
vt 6.205570 -54.934101
vt 6.203690 -54.941898
vt 6.209830 -54.941002
vt 6.203680 -54.949699
vt 6.215420 -54.946499
vt 6.205570 -54.957500
vt 6.222350 -54.950699
vt 6.213480 -54.936001
vt 6.212500 -54.929901
vt 6.221390 -54.936001
vt 6.218090 -54.924400
vt 6.229310 -54.934200
vt 6.222360 -54.917599
vt 6.198640 -54.929901
vt 6.203690 -54.926300
vt 6.193050 -54.924400
vt 6.203690 -54.918499
vt 6.188790 -54.917599
vt 6.205580 -54.910702
vt 5.676700 -54.896301
vt 5.715070 -54.886200
vt 5.669610 -54.886200
vt 5.722160 -54.896301
vt 5.683790 -54.906399
vt 5.729250 -54.906399
vt 6.015410 -55.035999
vt 5.999990 -55.002998
vt 5.999990 -55.040501
vt 5.984570 -55.035999
vt 6.015410 -54.998501
vt 5.984570 -54.998501
vt 5.984570 -55.076000
vt 5.984570 -55.113499
vt 5.999990 -55.080502
vt 5.999990 -55.118000
vt 6.015410 -55.113499
vt 6.015410 -55.076000
vt 6.013510 -54.930099
vt 6.033380 -54.950600
vt 6.036240 -54.934101
vt 6.010390 -54.948200
vt 5.966620 -54.950600
vt 5.986490 -54.930099
vt 5.963760 -54.934101
vt 5.989610 -54.948200
vt 5.994560 -54.959999
vt 6.032840 -54.989498
vt 6.033570 -54.961102
vt 5.993770 -54.991001
vt 5.967160 -54.989498
vt 6.007870 -54.959999
vt 5.966430 -54.961102
vt 6.008670 -54.991001
vt 6.289460 -55.006401
vt 6.316910 -54.966801
vt 6.288530 -54.967300
vt 6.320480 -55.005798
vt 6.316910 -55.033199
vt 6.289460 -54.991199
vt 6.288530 -55.032700
vt 6.320480 -54.991699
vt 5.820170 -55.010101
vt 5.777650 -55.000000
vt 5.774710 -55.010101
vt 5.820170 -54.989899
vt 5.774710 -54.989899
vt 5.823110 -55.000000
vt 6.206110 -54.990799
vt 6.224460 -54.989399
vt 6.205570 -54.967701
vt 6.222350 -54.966400
vt 6.205570 -55.032299
vt 6.222350 -55.033600
vt 6.224460 -55.010601
vt 6.206110 -55.009201
vt 5.686730 -55.000000
vt 5.729250 -54.989899
vt 5.683790 -54.989899
vt 5.729250 -55.010101
vt 5.683790 -55.010101
vt 5.732190 -55.000000
vt 6.141100 -54.998501
vt 6.125660 -55.025200
vt 6.141100 -55.035999
vt 6.125660 -54.987701
vt 6.110210 -55.014400
vt 6.110210 -54.976898
vt 6.125660 -55.065201
vt 6.110210 -55.054401
vt 6.110210 -55.091900
vt 6.125660 -55.102699
vt 6.141100 -55.076000
vt 6.141100 -55.113499
vt 6.239470 -54.886200
vt 6.194020 -54.886200
vt 6.232380 -54.896301
vt 6.186920 -54.896301
vt 6.225290 -54.906399
vt 6.179830 -54.906399
vt 5.738230 -54.964298
vt 5.739840 -54.989498
vt 5.751590 -54.961102
vt 5.728140 -54.982300
vt 5.724850 -54.964298
vt 5.718670 -54.972801
vt 5.711460 -54.961102
vt 5.704260 -54.972801
vt 5.714650 -54.974499
vt 5.714650 -54.987900
vt 5.694800 -54.982300
vt 5.711470 -55.001301
vt 5.683090 -54.989498
vt 5.699750 -54.953899
vt 5.698090 -54.964298
vt 5.684720 -54.964298
vt 5.690290 -54.944500
vt 5.671330 -54.961102
vt 5.683070 -54.932800
vt 5.714640 -54.947701
vt 5.723170 -54.953899
vt 5.732630 -54.944401
vt 5.714640 -54.934399
vt 5.739830 -54.932701
vt 5.711450 -54.921001
vt 5.810260 -54.936001
vt 5.811220 -54.950600
vt 5.818160 -54.934101
vt 5.804290 -54.946499
vt 5.802350 -54.936001
vt 5.798690 -54.940899
vt 5.794430 -54.934101
vt 5.790170 -54.941002
vt 5.796310 -54.941898
vt 5.796320 -54.949699
vt 5.784580 -54.946499
vt 5.794430 -54.957500
vt 5.777650 -54.950699
vt 5.787500 -54.929901
vt 5.786520 -54.936001
vt 5.778610 -54.936001
vt 5.781910 -54.924400
vt 5.770690 -54.934200
vt 5.777640 -54.917599
vt 5.796310 -54.926300
vt 5.801360 -54.929901
vt 5.806950 -54.924400
vt 5.796310 -54.918499
vt 5.811210 -54.917599
vt 5.794420 -54.910702
vt 6.330390 -54.886200
vt 6.284930 -54.886200
vt 6.323300 -54.896301
vt 6.277840 -54.896301
vt 6.316210 -54.906399
vt 6.270750 -54.906399
vt 9.996970 -40.994900
vt 10.001100 -40.995899
vt 9.996900 -40.994099
vt 10.000600 -40.996399
vt 9.997050 -40.995602
vt 10.002800 -41.000000
vt 10.000100 -40.996899
vt 10.002100 -41.000000
vt 10.001400 -41.000000
vt 10.000100 -41.003101
vt 10.000600 -41.003601
vt 9.997050 -41.004398
vt 9.996970 -41.005100
vt 10.001100 -41.004101
vt 9.996900 -41.005901
vt 10.000700 -41.001099
vt 10.000000 -40.996899
vt 10.000000 -41.001301
vt 10.000700 -40.996899
vt 9.999270 -41.001099
vt 9.999260 -40.996899
vt 9.999290 -40.997002
vt 9.999300 -41.000099
vt 10.000000 -40.999901
vt 10.000000 -40.997101
vt 10.000700 -40.997002
vt 10.000700 -41.000099
vt 10.000700 -41.000000
vt 10.000000 -41.000000
vt 9.999300 -41.000000
vt 9.999300 -40.996899
vt 10.000000 -41.002899
vt 10.000700 -41.003101
vt 9.999300 -41.003101
vt 9.998890 -40.995899
vt 10.003000 -40.994900
vt 10.003100 -40.994099
vt 9.999410 -40.996399
vt 10.003000 -40.995602
vt 9.997180 -41.000000
vt 9.999910 -40.996899
vt 9.998890 -41.004101
vt 10.003100 -41.005901
vt 10.003000 -41.005100
vt 9.999410 -41.003601
vt 10.003000 -41.004398
vt 9.997910 -41.000000
vt 9.998620 -41.000000
vt 9.999910 -41.003101
vt 10.000700 -40.995899
vt 10.000000 -40.995701
vt 9.999270 -40.995899
vt 9.999270 -41.000000
vt 9.999270 -41.004101
vt 10.000000 -41.004299
vt 10.000700 -41.004101
vt 13.998800 -11.000000
vt 14.001200 -10.994100
vt 13.998800 -10.993700
vt 14.001200 -11.005900
vt 13.998800 -11.006300
vt 14.001200 -11.000000
vt 14.000000 -10.998800
vt 14.005900 -11.001200
vt 14.006300 -10.998800
vt 14.000000 -11.001200
vt 13.994100 -11.001200
vt 13.993700 -10.998800
vt 13.998800 -10.994100
vt 13.998800 -11.005900
vt 14.001200 -10.993700
vt 14.001200 -11.006300
vt 53.968601 -18.944500
vt 54.031399 -18.944500
vt 54.039200 -18.926201
vt 53.960800 -18.926201
vt 53.968601 -19.085199
vt 54.031399 -19.085199
vt 53.968601 -19.099100
vt 54.031399 -19.099100
vt 53.968601 -19.112801
vt 54.031399 -19.112801
vt 53.984299 -18.887199
vt 54.015701 -18.887199
vt 53.968601 -19.042400
vt 54.031399 -19.042400
vt 54.031399 -19.020300
vt 53.968601 -19.020300
vt 54.021400 -18.896700
vt 54.003601 -18.917101
vt 54.033699 -18.917101
vt 54.003601 -18.896700
vt 54.031399 -18.987200
vt 53.968601 -18.987200
vt 53.968601 -19.000601
vt 54.031399 -19.000601
vt 53.968601 -19.080700
vt 54.031399 -19.080700
vt 53.968601 -19.098301
vt 54.031399 -19.098301
vt 53.976002 -18.916000
vt 53.996899 -18.936399
vt 53.996899 -18.916000
vt 53.974300 -18.936399
vt 53.970901 -18.926201
vt 53.968601 -18.984600
vt 54.031399 -18.984600
vt 54.031399 -18.970400
vt 53.968601 -19.000799
vt 53.968601 -18.970400
vt 54.031399 -19.000799
vt 53.968601 -19.083401
vt 54.031399 -19.083401
vt 54.013000 -18.927299
vt 53.986801 -18.927299
vt 53.999901 -18.932699
vt 54.013000 -18.901100
vt 54.018398 -18.914200
vt 53.986801 -18.901100
vt 53.981400 -18.914200
vt 53.999901 -18.895700
vt 54.486401 -18.990601
vt 54.426601 -18.990601
vt 54.486401 -18.999901
vt 54.426601 -18.999901
vt 54.486401 -19.009300
vt 54.426601 -19.009300
vt 53.970501 -18.984301
vt 53.540901 -18.984301
vt 53.970501 -19.015699
vt 53.540901 -19.015699
vt 53.985001 -18.996901
vt 54.207802 -18.996901
vt 54.207802 -18.976000
vt 53.985001 -18.976000
vt 53.862499 -19.003599
vt 53.749699 -19.003599
vt 53.862499 -19.033701
vt 53.749699 -19.033701
vt 54.161400 -18.968599
vt 53.970501 -18.968599
vt 54.161400 -19.031401
vt 53.970501 -19.031401
vt 54.418400 -18.999901
vt 54.486401 -18.986799
vt 54.418400 -18.986799
vt 54.418400 -19.013000
vt 54.486401 -19.013000
vt 53.997002 -18.968599
vt 54.031101 -19.031401
vt 54.031101 -18.968599
vt 53.997002 -19.031401
vt 53.573399 -18.923599
vt 53.513599 -18.914200
vt 53.513599 -18.923599
vt 53.513599 -18.904800
vt 53.573399 -18.914200
vt 53.573399 -18.904800
vt 54.029499 -18.926201
vt 54.486401 -18.926201
vt 54.459099 -18.887199
vt 54.029499 -18.887199
vt 53.986301 -19.000601
vt 54.015900 -19.068800
vt 54.042702 -19.000601
vt 54.071301 -19.080700
vt 54.040501 -18.987200
vt 54.071301 -19.098301
vt 54.002998 -19.083000
vt 53.974701 -19.098301
vt 53.968899 -19.083401
vt 53.945202 -19.083900
vt 53.913300 -19.000799
vt 53.891201 -19.001200
vt 53.913300 -18.984600
vt 53.861900 -18.970800
vt 53.926701 -18.970400
vt 53.838600 -18.944500
vt 53.838600 -18.971001
vt 54.029499 -18.944500
vt 53.986301 -18.969999
vt 54.071800 -18.971001
vt 54.173698 -18.987200
vt 54.486401 -18.944500
vt 54.292500 -19.020300
vt 54.183102 -19.015200
vt 54.286301 -19.042400
vt 54.389900 -19.085199
vt 54.465900 -19.085199
vt 54.465302 -19.099100
vt 54.463299 -19.112801
vt 54.376301 -19.112801
vt 54.376301 -19.099100
vt 54.014999 -18.916000
vt 53.792198 -18.916000
vt 54.014999 -18.926201
vt 53.792198 -18.926201
vt 54.014999 -18.936399
vt 53.792198 -18.936399
vt 53.513599 -18.927299
vt 53.581600 -18.927299
vt 53.581600 -18.914200
vt 53.581600 -18.901100
vt 53.513599 -18.901100
vt 54.000099 -18.895700
vt 54.009399 -18.904800
vt 54.013199 -18.901100
vt 54.000099 -18.900999
vt 54.013302 -18.914200
vt 53.990700 -18.904800
vt 54.018600 -18.914200
vt 53.987000 -18.901100
vt 54.013199 -18.927299
vt 53.986900 -18.914200
vt 54.009399 -18.923599
vt 53.981602 -18.914200
vt 54.000099 -18.932699
vt 53.987000 -18.927299
vt 54.000099 -18.927401
vt 53.990700 -18.923599
vt 54.003101 -18.936399
vt 54.023998 -18.916000
vt 54.003101 -18.916000
vt 54.025700 -18.936399
vt 54.029099 -18.926201
vt 53.968601 -19.015200
vt 54.031399 -19.015200
vt 53.968601 -19.001200
vt 53.968601 -19.083900
vt 54.031399 -19.001200
vt 54.031399 -19.083900
vt 54.031399 -18.970800
vt 53.968601 -18.970800
vt 54.031399 -19.068800
vt 53.968601 -19.083000
vt 54.031399 -19.083000
vt 53.968601 -19.068800
vt 54.031399 -18.969999
vt 53.968601 -18.969999
vt 53.978600 -18.896700
vt 53.996399 -18.917101
vt 53.996399 -18.896700
vt 53.966301 -18.917101
vt 54.376301 -19.031401
vt 54.463299 -19.031401
vt 54.463299 -18.968599
vt 54.376301 -18.968599
vt 53.513599 -18.990601
vt 53.573399 -18.999901
vt 53.573399 -18.990601
vt 53.513599 -18.999901
vt 53.573399 -19.009300
vt 53.513599 -19.009300
vt 54.173698 -19.031401
vt 54.173698 -18.968599
vt 54.071800 -18.968599
vt 54.071800 -19.031401
vt 54.040501 -18.968599
vt 54.040501 -19.031401
vt 53.945202 -18.968599
vt 53.945202 -19.031401
vt 53.974701 -19.031401
vt 53.861900 -19.031401
vt 53.861900 -18.968599
vt 53.838600 -18.968599
vt 53.838600 -19.031401
vt 53.974701 -18.968599
vt 54.071301 -19.031401
vt 54.071301 -18.968599
vt 53.581600 -18.986799
vt 53.513599 -18.986799
vt 53.581600 -18.999901
vt 53.513599 -19.013000
vt 53.581600 -19.013000
vt 53.926701 -19.031401
vt 53.986301 -19.031401
vt 53.926701 -18.968599
vt 53.986301 -18.968599
vt 54.183102 -19.031401
vt 54.286301 -19.031401
vt 54.183102 -18.968599
vt 54.286301 -18.968599
vt 53.792198 -18.996901
vt 54.014999 -18.996901
vt 54.014999 -18.974300
vt 53.792198 -18.974300
vt 54.250301 -19.003599
vt 54.137501 -19.003599
vt 54.250301 -19.021400
vt 54.137501 -19.021400
vt 54.292500 -19.031401
vt 54.389900 -19.031401
vt 54.292500 -18.968599
vt 54.389900 -18.968599
vt 54.426601 -18.904800
vt 54.486401 -18.914200
vt 54.486401 -18.904800
vt 54.426601 -18.914200
vt 54.486401 -18.923599
vt 54.426601 -18.923599
vt 53.862499 -18.917101
vt 53.970501 -18.926201
vt 53.862499 -18.896700
vt 53.749699 -18.917101
vt 53.970501 -18.887199
vt 53.513599 -18.926201
vt 53.749699 -18.896700
vt 53.540901 -18.887199
vt 53.513599 -18.944500
vt 53.970501 -18.944500
vt 53.826302 -18.987200
vt 53.707500 -19.020300
vt 53.816898 -19.015200
vt 53.713699 -19.042400
vt 53.928200 -18.971001
vt 53.610100 -19.085199
vt 53.959499 -18.987200
vt 53.534100 -19.085199
vt 53.534698 -19.099100
vt 53.536701 -19.112801
vt 53.623699 -19.112801
vt 53.623699 -19.099100
vt 54.013699 -18.969999
vt 54.013699 -19.000601
vt 54.073299 -18.970400
vt 53.957298 -19.000601
vt 54.161400 -18.944500
vt 53.984100 -19.068800
vt 53.928699 -19.080700
vt 53.928699 -19.098301
vt 53.997002 -19.083000
vt 54.025299 -19.098301
vt 54.031101 -19.083401
vt 54.054798 -19.083900
vt 54.086700 -19.000799
vt 54.104401 -19.007700
vt 54.108799 -19.001200
vt 54.086700 -18.984600
vt 54.138100 -18.970800
vt 54.161400 -18.971001
vt 54.418400 -18.927299
vt 54.486401 -18.927299
vt 54.418400 -18.914200
vt 54.486401 -18.901100
vt 54.418400 -18.901100
vt 53.985001 -18.916000
vt 54.207802 -18.936399
vt 54.207802 -18.916000
vt 53.985001 -18.936399
vt 0.000000 0.000000
vt 5.954110 -51.022701
vt 6.176890 -51.002300
vt 5.954110 -51.002300
vt 6.176890 -51.022701
vt 62.034698 -48.989700
vt 62.257500 -49.010101
vt 62.257500 -48.989700
vt 62.034698 -49.010101
vt 61.965302 -48.989700
vt 61.742500 -48.989700
vt 61.965302 -48.999901
vt 61.742500 -48.999901
vt 61.965302 -49.010101
vt 61.742500 -49.010101
s 1
usemtl Meshpart1Mtl.001
f 1/1/1 2/2/2 3/3/3
f 2/2/2 1/1/1 4/4/1
f 3/3/3 2/2/2 5/5/4
f 5/5/4 6/6/5 3/3/3
f 5/5/4 7/7/6 6/6/5
f 8/8/7 6/6/5 7/7/6
f 8/8/7 7/7/6 9/9/8
f 9/9/8 10/10/8 8/8/7
f 10/10/8 9/9/8 11/11/9
f 11/11/9 12/12/10 10/10/8
f 13/13/11 14/14/11 15/15/11
f 14/14/11 13/13/11 16/16/11
f 17/17/11 18/18/11 19/19/11
f 19/19/11 18/18/11 20/20/11
f 17/17/11 21/21/11 18/18/11
f 21/21/11 17/17/11 22/22/11
f 22/22/11 23/23/11 21/21/11
f 21/21/11 23/23/11 24/24/11
f 23/23/11 22/22/11 25/25/11
f 26/26/11 21/21/11 24/24/11
f 22/22/11 27/27/11 25/25/11
f 21/21/11 26/26/11 28/28/11
f 22/22/11 29/29/11 27/27/11
f 26/26/11 30/30/11 28/28/11
f 30/30/11 26/26/11 31/31/11
f 32/32/11 28/28/11 30/30/11
f 31/31/11 32/32/11 30/30/11
f 32/32/11 31/31/11 33/33/11
f 34/34/11 32/32/11 33/33/11
f 35/35/11 27/27/11 29/29/11
f 29/29/11 34/34/11 35/35/11
f 27/27/11 35/35/11 36/36/11
f 36/36/11 34/34/11 33/33/11
f 34/34/11 36/36/11 35/35/11
f 37/37/11 38/38/11 39/39/11
f 39/39/11 38/38/11 40/40/11
f 41/41/12 38/38/11 37/37/11
f 38/38/11 41/41/12 42/42/12
f 45/42/13 44/43/14 43/44/14
f 44/43/14 45/42/13 46/41/15
f 49/45/16 47/46/17 48/47/17
f 47/46/17 49/45/16 50/48/16
f 49/45/16 51/49/11 50/48/16
f 51/49/11 49/45/16 52/50/11
f 55/51/16 53/52/17 54/53/17
f 53/52/17 55/51/16 56/54/16
f 55/51/16 57/55/11 56/54/16
f 57/55/11 55/51/16 58/56/11
f 59/51/18 60/55/11 61/54/18
f 60/55/11 59/51/18 62/56/11
f 63/45/18 64/49/11 65/48/18
f 64/49/11 63/45/18 66/50/11
f 69/57/11 68/58/19 67/59/19
f 68/58/19 69/57/11 70/60/11
f 71/61/20 70/60/11 69/57/11
f 70/60/11 71/61/20 72/62/20
f 73/63/21 74/64/22 75/65/23
f 74/64/22 73/63/21 76/66/21
f 77/67/11 78/68/11 79/69/11
f 80/70/11 79/69/11 78/68/11
f 79/69/11 80/70/11 81/71/11
f 80/70/11 82/72/11 81/71/11
f 78/68/11 77/67/11 83/73/11
f 83/73/11 77/67/11 84/74/11
f 83/73/11 84/74/11 85/75/11
f 85/75/11 84/74/11 86/76/11
f 84/74/11 77/67/11 87/77/11
f 87/77/11 77/67/11 88/78/11
f 88/78/11 89/79/11 87/77/11
f 89/79/11 88/78/11 90/80/11
f 91/81/11 89/79/11 90/80/11
f 92/82/11 93/83/11 94/84/11
f 94/84/11 93/83/11 95/38/11
f 93/83/11 92/82/11 96/85/11
f 98/86/24 99/87/25 97/88/26
f 97/88/26 99/87/25 100/89/27
f 101/90/28 102/91/29 103/92/30
f 101/90/28 103/92/30 104/93/28
f 105/94/31 101/90/28 104/93/28
f 101/90/28 105/94/31 106/95/31
f 105/94/31 107/96/14 106/95/31
f 108/97/14 106/95/31 107/96/14
f 109/98/31 110/99/31 111/100/31
f 110/99/31 109/98/31 112/101/31
f 113/102/31 114/103/31 115/104/31
f 116/105/31 115/104/31 114/103/31
f 117/106/31 118/107/31 119/108/31
f 117/106/31 119/108/31 120/109/31
f 123/110/31 121/111/32 122/112/32
f 121/111/32 123/110/31 124/113/31
f 124/113/31 123/110/31 125/114/33
f 126/115/33 125/114/33 123/110/31
f 128/116/34 129/117/35 127/118/34
f 130/119/35 127/118/34 129/117/35
f 129/117/35 131/120/17 130/119/35
f 131/120/17 129/117/35 132/121/17
f 134/122/34 135/123/35 133/124/34
f 136/125/35 133/124/34 135/123/35
f 135/123/35 137/126/17 136/125/35
f 137/126/17 135/123/35 138/127/17
f 141/128/36 139/129/18 140/130/37
f 139/129/18 141/128/36 142/131/36
f 141/128/36 143/132/38 142/131/36
f 141/128/36 144/133/38 143/132/38
f 147/134/36 145/135/18 146/136/18
f 145/135/18 147/134/36 148/137/36
f 149/138/38 148/137/36 147/134/36
f 148/137/36 149/138/38 150/139/38
f 153/140/31 151/141/32 152/142/32
f 154/143/31 153/140/31 152/142/32
f 155/144/33 153/140/31 154/143/31
f 156/145/33 155/144/33 154/143/31
f 157/146/31 158/147/31 159/148/31
f 157/146/31 159/148/31 160/149/31
f 163/150/39 162/151/40 161/152/40
f 163/150/39 165/153/39 162/151/40
f 167/154/41 165/153/39 163/150/39
f 166/155/42 164/156/42 168/157/24
f 167/154/41 168/157/24 165/153/39
f 166/155/42 168/157/24 167/154/41
f 169/158/31 170/159/31 171/160/31
f 170/159/31 169/158/31 172/161/31
f 173/162/31 174/163/31 175/164/31
f 174/163/31 173/162/31 176/165/31
f 177/166/43 179/167/44 178/168/45
f 179/167/44 177/166/43 180/169/44
f 180/169/44 181/170/44 179/167/44
f 181/170/44 180/169/44 182/171/44
f 182/171/44 183/172/46 181/170/44
f 183/172/46 182/171/44 185/173/47
f 183/172/46 185/173/47 187/174/48
f 184/175/25 188/176/49 186/177/27
f 183/172/46 187/174/48 188/176/49
f 187/174/48 186/177/27 188/176/49
f 190/178/33 191/179/50 189/180/33
f 191/179/50 190/178/33 192/181/50
f 192/181/50 193/182/51 191/179/50
f 193/182/51 192/181/50 194/183/51
f 195/184/44 196/185/44 197/186/44
f 196/185/44 195/184/44 198/187/44
f 199/188/52 200/189/53 201/190/52
f 202/191/54 199/188/52 201/190/52
f 200/189/53 199/188/52 203/192/53
f 199/188/52 202/191/54 204/193/55
f 203/192/53 205/194/53 200/189/53
f 205/194/53 203/192/53 206/195/53
f 207/196/52 205/194/53 206/195/53
f 205/194/53 207/196/52 208/197/52
f 207/196/52 209/198/56 208/197/52
f 209/198/56 204/193/55 202/191/54
f 207/196/52 210/199/57 209/198/56
f 204/193/55 209/198/56 210/199/57
f 204/193/55 210/199/57 211/200/58
f 212/201/59 211/200/58 210/199/57
f 210/199/57 213/202/59 212/201/59
f 213/202/59 210/199/57 214/203/59
f 215/204/44 216/205/44 217/206/44
f 216/205/44 215/204/44 218/207/44
f 217/206/44 219/208/44 215/204/44
f 219/208/44 217/206/44 220/209/44
f 221/210/44 222/211/44 223/212/44
f 221/210/44 223/212/44 224/213/44
f 225/214/44 222/211/44 221/210/44
f 222/211/44 225/214/44 226/215/44
f 227/216/49 228/217/49 229/218/49
f 229/218/49 230/219/49 227/216/49
f 231/189/44 232/194/44 233/198/44
f 231/189/44 233/198/44 234/191/44
f 235/220/33 236/221/33 238/222/44
f 237/223/60 238/222/44 239/224/60
f 235/220/33 238/222/44 240/225/44
f 238/222/44 237/223/60 240/225/44
f 241/204/44 242/205/44 243/206/44
f 242/205/44 241/204/44 244/207/44
f 243/206/44 245/208/44 241/204/44
f 245/208/44 243/206/44 246/209/44
f 247/210/44 248/211/44 249/212/44
f 247/210/44 249/212/44 250/213/44
f 251/214/44 248/211/44 247/210/44
f 248/211/44 251/214/44 252/215/44
f 253/226/44 254/227/44 255/228/44
f 256/229/44 255/228/44 254/227/44
f 257/230/61 258/231/61 259/232/44
f 259/232/44 260/233/44 257/230/61
f 260/233/44 259/232/44 261/234/19
f 261/234/19 262/235/19 260/233/44
f 263/236/62 264/237/60 265/238/60
f 265/238/60 266/239/62 263/236/62
f 263/236/62 266/239/62 267/240/63
f 263/236/62 267/240/63 268/241/62
f 267/240/63 269/242/40 268/241/62
f 268/241/62 269/242/40 270/243/40
f 271/244/64 272/245/60 273/246/60
f 273/246/60 274/247/64 271/244/64
f 271/244/64 274/247/64 275/248/64
f 271/244/64 275/248/64 276/249/64
f 275/248/64 277/183/44 276/249/64
f 276/249/64 277/183/44 278/182/44
f 279/250/65 280/251/65 281/252/65
f 280/251/65 279/250/65 282/253/65
f 283/63/66 284/66/66 285/64/66
f 283/63/66 285/64/66 286/65/66
f 287/74/67 288/67/67 289/77/67
f 289/77/67 288/67/67 290/78/67
f 291/79/67 289/77/67 290/78/67
f 291/79/67 290/78/67 292/80/67
f 291/79/67 292/80/67 293/81/67
f 288/67/67 287/74/67 294/73/67
f 295/76/67 294/73/67 287/74/67
f 294/73/67 295/76/67 296/75/67
f 297/68/67 288/67/67 294/73/67
f 288/67/67 297/68/67 298/69/67
f 298/69/67 297/68/67 299/70/67
f 298/69/67 299/70/67 300/71/67
f 299/70/67 301/72/67 300/71/67
f 302/254/29 304/255/67 303/256/29
f 302/254/29 305/257/67 304/255/67
f 306/258/67 304/255/67 305/257/67
f 304/255/67 306/258/67 307/259/67
f 308/51/34 309/56/67 310/55/67
f 308/51/34 310/55/67 311/54/34
f 312/45/34 313/50/67 314/49/67
f 312/45/34 314/49/67 315/48/34
f 317/47/38 318/45/68 316/46/38
f 319/48/68 316/46/38 318/45/68
f 318/45/68 320/49/67 319/48/68
f 318/45/68 321/50/67 320/49/67
f 322/53/38 324/51/68 323/52/38
f 325/54/68 323/52/38 324/51/68
f 324/51/68 326/55/67 325/54/68
f 324/51/68 327/56/67 326/55/67
f 328/260/67 329/261/67 330/262/67
f 329/261/67 328/260/67 331/263/67
f 332/255/67 329/261/67 331/263/67
f 335/60/67 334/61/61 333/62/69
f 335/60/67 336/57/67 334/61/61
f 337/58/70 336/57/67 335/60/67
f 337/58/70 338/59/70 336/57/67
f 339/18/67 340/20/67 341/19/67
f 339/18/67 341/19/67 342/17/67
f 342/17/67 343/21/67 339/18/67
f 343/21/67 342/17/67 344/22/67
f 343/21/67 344/22/67 345/23/67
f 345/23/67 344/22/67 346/25/67
f 343/21/67 345/23/67 347/24/67
f 344/22/67 348/27/67 346/25/67
f 349/26/67 343/21/67 347/24/67
f 344/22/67 350/29/67 348/27/67
f 343/21/67 349/26/67 351/28/67
f 352/35/67 348/27/67 350/29/67
f 348/27/67 352/35/67 353/36/67
f 350/29/67 354/34/67 352/35/67
f 354/34/67 353/36/67 352/35/67
f 355/33/67 353/36/67 354/34/67
f 354/34/67 356/32/67 355/33/67
f 349/26/67 357/30/67 351/28/67
f 356/32/67 351/28/67 357/30/67
f 357/30/67 349/26/67 358/31/67
f 356/32/67 358/31/67 355/33/67
f 358/31/67 356/32/67 357/30/67
f 359/264/67 360/265/67 361/266/67
f 359/264/67 361/266/67 362/267/67
f 363/4/71 364/3/72 365/1/71
f 364/3/72 363/4/71 366/2/72
f 364/3/72 366/2/72 367/6/73
f 367/6/73 366/2/72 368/5/74
f 368/5/74 369/8/75 367/6/73
f 368/5/74 370/7/76 369/8/75
f 370/7/76 371/10/77 369/8/75
f 371/10/77 370/7/76 372/9/77
f 372/9/77 373/12/78 371/10/77
f 374/11/78 373/12/78 372/9/77
f 375/268/79 377/269/80 376/270/81
f 376/270/81 377/269/80 378/271/45
f 379/272/82 380/273/82 381/274/82
f 380/273/82 382/275/82 381/274/82
f 385/276/82 384/277/83 383/278/83
f 384/277/83 385/276/82 386/279/82
f 387/280/82 388/281/82 389/282/82
f 390/283/82 389/282/82 388/281/82
f 391/284/82 392/285/82 393/286/82
f 391/284/82 393/286/82 394/287/82
f 395/288/82 396/289/82 397/290/82
f 395/288/82 397/290/82 398/291/82
f 401/292/82 399/293/84 400/294/84
f 401/292/82 402/295/82 399/293/84
f 403/296/60 402/295/82 401/292/82
f 403/296/60 404/297/60 402/295/82
f 407/298/84 406/299/60 405/300/60
f 408/301/84 406/299/60 407/298/84
f 411/302/84 410/303/60 409/304/60
f 411/302/84 412/305/84 410/303/60
f 413/306/85 414/307/85 415/308/79
f 416/309/85 414/307/85 413/306/85
f 413/306/85 415/308/79 417/310/81
f 416/309/85 418/311/85 414/307/85
f 418/311/85 416/309/85 419/312/86
f 420/313/87 418/311/85 419/312/86
f 421/314/88 420/313/87 419/312/86
f 421/314/88 422/315/89 420/313/87
f 421/314/88 423/316/90 422/315/89
f 423/316/90 421/314/88 424/317/24
f 425/318/85 426/319/32 427/320/85
f 427/320/85 428/321/91 425/318/85
f 428/321/91 427/320/85 429/322/91
f 426/319/32 425/318/85 430/323/32
f 431/324/85 432/325/85 433/326/85
f 434/327/85 433/326/85 432/325/85
f 435/328/92 436/329/93 437/330/94
f 436/329/93 435/328/92 438/331/94
f 436/329/93 439/332/92 437/330/94
f 439/332/92 436/329/93 440/333/95
f 440/333/95 436/329/93 441/334/96
f 442/335/97 441/334/96 436/329/93
f 441/334/96 442/335/97 443/336/98
f 444/337/99 443/336/98 442/335/97
f 445/338/100 446/339/101 447/340/101
f 446/339/101 445/338/100 448/341/101
f 449/342/85 450/343/85 451/344/85
f 450/343/85 449/342/85 452/345/85
f 451/344/85 450/343/85 453/346/85
f 451/344/85 453/346/85 454/347/85
f 455/348/85 456/349/85 457/350/85
f 456/349/85 455/348/85 458/351/85
f 456/349/85 458/351/85 459/352/85
f 459/352/85 458/351/85 460/353/85
f 461/354/88 462/355/88 463/356/88
f 462/355/88 461/354/88 464/357/88
f 465/358/85 466/359/32 467/360/85
f 466/359/32 465/358/85 468/361/32
f 467/360/85 469/362/84 465/358/85
f 469/362/84 467/360/85 470/363/84
f 471/342/85 472/343/85 473/344/85
f 472/343/85 471/342/85 474/345/85
f 473/344/85 472/343/85 475/346/85
f 473/344/85 475/346/85 476/347/85
f 477/348/85 478/349/85 479/350/85
f 478/349/85 477/348/85 480/351/85
f 478/349/85 480/351/85 481/352/85
f 481/352/85 480/351/85 482/353/85
f 485/364/85 484/365/70 483/366/70
f 484/365/70 485/364/85 486/367/85
f 488/368/20 486/367/85 485/364/85
f 486/367/85 488/368/20 487/369/20
f 489/370/84 491/371/102 490/372/84
f 491/371/102 489/370/84 492/373/103
f 493/374/104 491/371/102 492/373/103
f 493/374/104 494/375/103 491/371/102
f 495/376/42 494/375/103 493/374/104
f 496/377/42 494/375/103 495/376/42
f 497/378/84 499/379/105 498/380/84
f 499/379/105 497/378/84 500/381/105
f 501/382/105 499/379/105 500/381/105
f 501/382/105 502/383/105 499/379/105
f 503/322/85 502/383/105 501/382/105
f 504/321/85 502/383/105 503/322/85
usemtl Meshpart2Mtl.001
f 507/384/106 505/385/107 506/386/108
f 505/385/107 507/384/106 508/387/109
f 509/388/110 508/387/109 507/384/106
f 513/389/111 511/390/112 512/391/113
f 515/392/114 513/389/111 512/391/113
f 515/392/114 512/391/113 514/393/115
f 513/389/111 515/392/114 516/394/116
f 516/394/116 517/395/117 513/389/111
f 521/396/118 518/397/119 519/398/120
f 521/396/118 519/398/120 522/399/121
f 518/397/119 521/396/118 523/400/122
f 523/400/122 520/401/123 518/397/119
f 526/402/124 525/403/125 524/404/126
f 526/402/124 524/404/126 527/405/127
f 524/404/126 528/406/128 527/405/127
f 524/404/126 510/407/129 528/406/128
f 531/408/130 529/409/131 530/410/132
f 535/411/133 534/412/134 533/413/135
f 536/414/136 532/415/137 535/411/133
f 535/411/133 533/413/135 537/416/138
f 541/417/139 539/418/140 542/419/141
f 540/420/142 542/419/141 539/418/140
f 543/421/143 538/422/144 541/417/139
f 541/417/139 542/419/141 543/421/143
f 542/419/141 540/420/142 544/423/145
f 544/423/145 545/424/146 542/419/141
f 544/423/145 540/420/142 546/425/147
f 547/426/148 544/423/145 546/425/147
f 547/426/148 549/427/149 544/423/145
f 545/424/146 544/423/145 549/427/149
f 550/428/150 549/427/149 547/426/148
f 547/426/148 548/429/151 550/428/150
f 551/430/152 549/427/149 550/428/150
f 554/431/153 552/432/154 553/433/155
f 555/434/156 552/432/154 554/431/153
f 556/435/157 554/431/153 553/433/155
f 558/436/158 554/431/153 556/435/157
f 557/437/159 558/436/158 556/435/157
f 558/436/158 559/438/160 554/431/153
f 561/439/161 560/440/162 562/441/163
f 563/442/164 564/443/165 561/439/161
f 563/442/164 561/439/161 565/444/166
f 561/439/161 562/441/163 565/444/166
f 552/432/154 555/434/156 566/445/167
f 568/446/168 569/447/169 567/448/170
f 571/449/171 572/450/172 570/451/173
f 572/450/172 571/449/171 573/452/174
f 571/449/171 574/453/175 573/452/174
f 576/454/176 575/455/177 579/456/178
f 580/457/179 577/458/180 576/454/176
f 576/454/176 579/456/178 580/457/179
f 577/458/180 580/457/179 581/459/181
f 579/456/178 582/460/182 580/457/179
f 581/459/181 580/457/179 582/460/182
f 577/458/180 581/459/181 583/461/183
f 583/461/183 581/459/181 513/389/111
f 583/461/183 513/389/111 517/395/117
f 511/390/112 581/459/181 582/460/182
f 581/459/181 511/390/112 513/389/111
f 582/460/182 579/456/178 584/462/184
f 585/463/185 584/462/184 579/456/178
f 575/455/177 585/463/185 579/456/178
f 585/463/185 575/455/177 578/464/186
f 586/465/187 585/463/185 587/466/188
f 587/466/188 585/463/185 578/464/186
f 588/467/189 587/466/188 578/464/186
f 591/468/190 586/465/187 587/466/188
f 592/469/191 590/470/192 589/471/193
f 590/470/192 592/469/191 594/472/194
f 594/472/195 595/473/196 593/474/197
f 597/475/198 598/476/199 596/477/200
f 538/422/144 543/421/143 599/478/201
f 538/422/144 599/478/201 600/479/202
f 600/479/202 599/478/201 601/480/203
f 602/481/204 601/480/203 603/482/205
f 604/483/206 606/484/207 607/485/208
f 606/484/207 605/486/209 607/485/208
f 610/487/210 609/488/211 608/489/212
f 608/489/212 611/490/213 610/487/210
f 610/487/210 612/491/214 609/488/211
f 611/490/213 613/492/215 610/487/210
f 610/487/210 614/493/216 612/491/214
f 613/492/215 614/493/216 610/487/210
f 615/494/217 612/491/214 614/493/216
f 616/495/218 613/492/215 611/490/213
f 617/496/219 615/494/217 614/493/216
f 618/497/220 617/496/219 614/493/216
f 613/492/215 618/497/220 614/493/216
f 618/497/220 619/498/221 617/496/219
f 613/492/215 620/499/222 618/497/220
f 613/492/215 616/495/218 620/499/222
f 621/500/223 619/498/221 618/497/220
f 620/499/222 621/500/223 618/497/220
f 621/500/223 622/501/224 619/498/221
f 623/502/225 621/500/223 620/499/222
f 616/495/218 623/502/225 620/499/222
f 623/502/225 624/503/226 621/500/223
f 621/500/223 624/503/226 622/501/224
f 616/495/218 625/504/227 623/502/225
f 623/502/225 626/505/228 624/503/226
f 625/504/227 626/505/228 623/502/225
f 616/495/218 627/506/229 625/504/227
f 625/504/227 627/506/229 626/505/228
f 628/507/230 627/506/229 616/495/218
f 624/503/226 629/508/231 622/501/224
f 631/509/232 632/510/233 628/507/230
f 632/510/233 627/506/229 628/507/230
f 632/510/233 633/511/234 627/506/229
f 634/512/235 635/513/236 636/514/237
f 635/513/236 637/515/238 636/514/237
f 638/516/239 634/512/235 636/514/237
f 639/517/240 636/514/237 637/515/238
f 640/518/241 639/517/240 637/515/238
f 641/519/242 636/514/237 639/517/240
f 642/520/243 639/517/240 640/518/241
f 641/519/242 639/517/240 642/520/243
f 640/518/241 643/521/244 642/520/243
f 644/522/245 642/520/243 643/521/244
f 643/521/244 645/523/246 644/522/245
f 646/524/247 642/520/243 644/522/245
f 641/519/242 642/520/243 646/524/247
f 647/525/248 644/522/245 645/523/246
f 636/514/237 641/519/242 648/526/249
f 636/514/237 648/526/249 638/516/239
f 649/527/250 646/524/247 644/522/245
f 649/527/250 644/522/245 647/525/248
f 646/524/247 650/528/251 641/519/242
f 646/524/247 649/527/250 650/528/251
f 651/529/252 648/526/249 641/519/242
f 650/528/251 651/529/252 641/519/242
f 650/528/251 649/527/250 652/530/253
f 647/525/248 652/530/253 649/527/250
f 650/528/251 653/531/254 651/529/252
f 653/531/254 650/528/251 652/530/253
f 648/526/249 651/529/252 654/532/255
f 651/529/252 653/531/254 655/533/256
f 655/533/256 654/532/255 651/529/252
f 648/526/249 654/532/255 656/534/257
f 648/526/249 656/534/257 638/516/239
f 655/533/256 657/535/258 654/532/255
f 653/531/254 658/536/259 655/533/256
f 657/535/258 655/533/256 658/536/259
f 653/531/254 652/530/253 659/537/260
f 653/531/254 659/537/260 658/536/259
f 654/532/255 657/535/258 660/538/261
f 647/525/248 661/539/262 652/530/253
f 659/537/260 652/530/253 661/539/262
f 659/537/260 661/539/262 662/540/263
f 663/541/264 659/537/260 662/540/263
f 662/540/263 664/542/265 663/541/264
f 659/537/260 663/541/264 665/543/266
f 659/537/260 665/543/266 658/536/259
f 666/544/267 667/545/268 668/546/269
f 668/546/269 667/545/268 669/547/270
f 668/546/269 669/547/270 670/548/271
f 668/546/269 670/548/271 671/549/177
f 669/547/270 667/545/268 608/489/212
f 672/550/272 666/544/267 668/546/269
f 671/549/177 672/550/272 668/546/269
f 673/551/180 666/544/267 672/550/272
f 666/544/267 674/552/273 667/545/268
f 675/553/274 674/552/273 666/544/267
f 673/551/180 675/553/274 666/544/267
f 667/545/268 674/552/273 611/490/213
f 667/545/268 611/490/213 608/489/212
f 675/553/274 628/507/230 674/552/273
f 674/552/273 616/495/218 611/490/213
f 628/507/230 616/495/218 674/552/273
f 675/553/274 631/509/232 628/507/230
f 630/554/275 675/553/274 673/551/180
f 631/509/232 675/553/274 630/554/275
f 676/555/183 630/554/275 673/551/180
f 677/556/276 678/557/277 679/558/278
f 679/558/278 645/523/246 677/556/276
f 677/556/276 680/559/279 678/557/277
f 680/559/279 677/556/276 643/521/244
f 645/523/246 643/521/244 677/556/276
f 680/559/279 681/560/280 678/557/277
f 643/521/244 640/518/241 680/559/279
f 640/518/241 682/561/281 680/559/279
f 679/558/278 678/557/277 683/562/282
f 684/563/283 657/535/258 658/536/259
f 684/563/283 685/564/284 657/535/258
f 660/538/261 657/535/258 685/564/284
f 690/565/285 686/566/286 691/567/287
f 690/565/285 691/567/287 692/568/288
f 691/567/287 693/569/289 692/568/288
f 692/568/288 694/570/290 690/565/285
f 693/569/289 694/570/290 692/568/288
f 690/565/285 694/570/290 695/571/291
f 696/572/292 695/571/291 694/570/290
f 695/571/291 696/572/292 697/573/293
f 698/574/294 697/573/293 696/572/292
f 696/572/292 699/575/295 698/574/294
f 699/575/295 701/576/296 700/577/297
f 702/578/298 699/575/295 696/572/292
f 699/575/295 702/578/298 701/576/296
f 702/578/298 696/572/292 694/570/290
f 693/569/289 702/578/298 694/570/290
f 703/579/299 701/576/296 702/578/298
f 693/569/289 703/579/299 702/578/298
f 701/576/296 704/580/300 700/577/297
f 703/579/299 705/581/301 701/576/296
f 705/581/301 703/579/299 706/582/302
f 704/580/300 705/581/301 707/583/303
f 706/582/302 708/584/304 705/581/301
f 706/582/302 709/585/217 708/584/304
f 710/586/305 705/581/301 708/584/304
f 709/585/217 710/586/305 708/584/304
f 705/581/301 711/587/306 707/583/303
f 711/587/306 705/581/301 710/586/305
f 711/587/306 710/586/305 712/588/307
f 710/586/305 713/589/308 712/588/307
f 710/586/305 709/585/217 713/589/308
f 714/590/309 715/591/310 717/592/311
f 717/592/311 715/591/310 716/593/312
f 718/594/313 714/590/309 717/592/311
f 688/595/314 718/594/315 719/596/316
f 688/595/314 719/596/316 689/597/317
f 687/598/318 689/597/317 719/596/316
f 723/599/319 721/600/320 720/601/321
f 726/602/322 728/603/323 727/604/324
f 728/603/323 726/602/322 729/605/325
f 730/606/326 728/603/323 729/605/325
f 731/607/327 729/605/325 726/602/322
f 726/602/322 724/608/328 731/607/327
f 733/609/121 732/610/329 723/599/330
f 733/609/121 723/599/330 734/611/331
f 735/612/332 734/611/331 723/599/330
f 735/612/332 723/599/330 722/613/129
f 722/613/333 725/614/334 736/615/335
f 739/616/336 737/617/337 738/618/338
f 738/618/338 740/619/339 739/616/336
f 741/620/340 740/619/339 738/618/338
f 741/620/340 738/618/338 742/621/341
f 738/618/338 736/615/335 743/622/342
f 745/623/343 744/624/344 717/592/311
f 717/592/311 746/625/345 745/623/343
f 746/625/345 717/592/311 747/626/346
f 717/592/311 716/593/312 747/626/346
f 753/627/347 752/628/348 751/629/248
f 754/630/349 752/628/348 755/631/350
f 752/628/348 753/627/347 755/631/350
f 756/632/351 754/630/349 755/631/350
f 757/633/352 756/632/351 755/631/350
f 756/632/351 757/633/352 758/634/353
f 760/635/354 758/634/353 757/633/352
f 760/635/354 759/636/355 758/634/353
f 755/631/350 761/637/356 757/633/352
f 757/633/352 762/638/357 760/635/354
f 761/637/356 762/638/357 757/633/352
f 762/638/357 763/639/358 760/635/354
f 762/638/357 764/640/359 763/639/358
f 762/638/357 761/637/356 764/640/359
f 766/641/360 767/642/361 765/643/362
f 749/644/363 767/642/361 768/645/364
f 766/641/360 769/646/365 767/642/361
f 767/642/361 770/647/366 768/645/364
f 769/646/365 770/647/366 767/642/361
f 770/647/366 771/648/154 768/645/364
f 770/647/366 769/646/365 772/649/367
f 773/650/368 770/647/366 772/649/367
f 770/647/366 773/650/368 774/651/155
f 771/648/154 770/647/366 774/651/155
f 775/652/369 776/653/370 777/654/371
f 778/655/163 776/653/370 780/656/372
f 780/656/372 779/657/373 778/655/163
f 780/656/372 776/653/370 775/652/369
f 779/657/373 780/656/372 781/658/374
f 780/656/372 782/659/375 781/658/374
f 775/652/369 782/659/375 780/656/372
f 775/652/369 783/660/376 782/659/375
f 768/645/364 771/648/154 784/661/377
f 785/662/378 786/663/379 787/664/380
f 788/665/381 787/664/380 786/663/379
f 787/664/380 788/665/381 790/666/169
f 791/667/382 787/664/380 790/666/169
f 790/666/169 789/668/383 792/669/384
f 790/666/169 792/669/384 791/667/382
f 793/670/385 791/667/382 792/669/384
f 793/670/385 750/671/386 791/667/382
f 751/629/248 750/671/386 793/670/385
f 751/629/248 793/670/385 753/627/347
f 793/670/385 792/669/384 794/672/387
f 789/668/383 794/672/387 792/669/384
f 794/672/387 753/627/347 793/670/385
f 789/668/383 795/673/388 794/672/387
f 794/672/387 796/674/389 753/627/347
f 795/673/388 796/674/389 794/672/387
f 795/673/388 797/675/390 796/674/389
f 796/674/389 799/676/391 801/677/392
f 801/677/392 799/676/391 800/678/393
f 801/677/392 753/627/347 796/674/389
f 803/679/394 800/678/393 802/680/395
f 800/678/393 803/679/394 801/677/392
f 801/677/392 803/679/394 804/681/396
f 803/679/394 798/682/397 804/681/396
f 804/681/396 753/627/347 801/677/392
f 798/682/397 805/683/398 804/681/396
f 804/681/396 805/683/398 753/627/347
f 807/684/399 806/685/270 809/686/400
f 807/684/399 809/686/400 808/687/177
f 809/686/400 806/685/270 691/567/287
f 693/569/289 691/567/287 806/685/270
f 809/686/400 810/688/401 808/687/177
f 809/686/400 691/567/287 811/689/402
f 809/686/400 811/689/402 810/688/401
f 810/688/401 813/690/403 812/691/189
f 813/690/403 810/688/401 811/689/402
f 814/692/404 813/690/403 811/689/402
f 811/689/402 816/693/405 814/692/404
f 815/694/406 816/693/405 817/695/407
f 816/693/405 811/689/402 818/696/408
f 817/695/407 816/693/405 818/696/408
f 818/696/408 811/689/402 819/697/409
f 691/567/287 819/697/409 811/689/402
f 819/697/409 686/566/286 820/698/410
f 819/697/409 691/567/287 686/566/286
f 824/699/411 821/700/277 823/701/412
f 821/700/277 824/699/411 825/702/282
f 825/702/282 824/699/411 827/703/413
f 826/704/414 827/703/413 824/699/411
f 825/702/282 828/705/415 822/706/278
f 828/705/415 825/702/282 827/703/413
f 827/703/413 829/707/416 828/705/415
f 829/707/416 830/708/417 828/705/415
f 831/709/418 828/705/415 830/708/417
f 828/705/415 831/709/418 822/706/278
f 791/667/382 822/706/278 831/709/418
f 750/671/386 822/706/278 791/667/382
f 831/709/418 830/708/417 785/662/378
f 787/664/380 831/709/418 785/662/378
f 791/667/382 831/709/418 787/664/380
f 834/710/419 748/711/420 833/712/421
f 834/710/419 833/712/421 835/713/422
f 833/712/421 832/714/423 835/713/422
f 748/711/420 834/710/419 836/715/424
f 837/716/425 764/640/359 761/637/356
f 761/637/356 838/717/426 837/716/425
f 838/717/426 761/637/356 805/683/398
f 755/631/350 805/683/398 761/637/356
f 755/631/350 753/627/347 805/683/398
f 798/682/397 838/717/426 805/683/398
f 777/654/371 840/718/427 839/719/428
f 777/654/371 841/720/429 840/718/427
f 842/721/430 841/720/429 843/722/431
f 777/654/371 843/722/431 841/720/429
f 777/654/371 776/653/370 843/722/431
f 845/723/286 846/724/432 844/725/433
f 850/726/434 849/727/435 848/728/436
f 849/727/435 850/726/434 851/729/437
f 851/729/437 850/726/434 847/730/438
f 853/731/439 857/732/440 856/733/441
f 856/733/441 857/732/440 855/734/442
f 853/731/439 852/735/443 857/732/440
f 857/732/440 858/736/444 855/734/442
f 852/735/443 860/737/445 857/732/440
f 860/737/445 858/736/444 857/732/440
f 858/736/444 860/737/445 861/738/446
f 859/739/447 862/740/448 854/741/449
f 860/737/445 852/735/443 863/742/450
f 864/743/451 861/738/446 860/737/445
f 865/744/452 860/737/445 863/742/450
f 865/744/452 864/743/451 860/737/445
f 864/743/451 865/744/452 866/745/453
f 868/746/454 866/745/453 867/747/455
f 868/746/454 870/748/456 866/745/453
f 870/748/456 864/743/451 866/745/453
f 872/749/457 864/743/451 870/748/456
f 864/743/451 872/749/457 861/738/446
f 873/750/458 872/749/457 870/748/456
f 870/748/456 871/751/459 873/750/458
f 875/752/460 877/753/461 876/754/431
f 877/753/461 879/755/462 878/756/463
f 877/753/461 875/752/460 879/755/462
f 880/757/464 882/758/465 881/759/466
f 883/760/467 885/761/468 886/762/469
f 886/762/469 885/761/468 888/763/470
f 885/761/468 884/764/340 888/763/470
f 887/765/471 886/762/469 888/763/470
f 888/763/470 884/764/340 889/766/341
f 887/765/471 888/763/470 890/767/472
f 889/766/341 890/767/472 888/763/470
f 890/767/472 889/766/341 891/768/473
f 874/769/312 894/770/474 893/771/475
f 869/772/476 892/773/477 894/770/474
f 894/770/474 874/769/312 869/772/476
f 900/774/478 901/775/479 899/776/365
f 901/775/479 900/774/478 902/777/480
f 900/774/478 903/778/481 902/777/480
f 904/779/482 903/778/481 900/774/478
f 906/780/483 907/781/374 908/782/484
f 907/781/374 910/783/485 908/782/484
f 908/782/484 910/783/485 909/784/486
f 910/783/485 907/781/374 911/785/375
f 912/786/487 909/784/486 910/783/485
f 914/787/488 915/788/489 916/789/490
f 914/787/488 916/789/490 917/790/491
f 918/791/492 914/787/488 917/790/491
f 918/791/492 913/792/493 914/787/488
f 920/793/494 921/794/495 919/795/496
f 921/794/497 844/725/433 922/796/498
f 921/794/497 845/723/286 844/725/433
f 923/797/499 925/798/500 924/799/280
f 926/800/411 924/799/280 927/801/501
f 924/799/280 929/802/502 927/801/501
f 924/799/280 925/798/500 929/802/502
f 928/803/503 927/801/504 930/804/505
f 925/798/500 931/805/506 929/802/502
f 932/806/507 931/805/506 925/798/500
f 932/806/507 925/798/500 897/807/241
f 932/806/507 933/808/508 931/805/506
f 933/808/508 935/809/509 934/810/510
f 936/811/511 935/809/509 933/808/508
f 933/808/508 932/806/507 936/811/511
f 936/811/511 937/812/512 935/809/509
f 936/811/511 932/806/507 896/813/513
f 932/806/507 897/807/241 896/813/513
f 895/814/514 937/812/512 936/811/511
f 936/811/511 896/813/513 895/814/514
f 898/815/515 940/816/516 938/817/517
f 940/816/516 939/818/518 938/817/517
f 939/818/518 940/816/516 941/819/519
f 944/820/520 942/821/521 943/822/522
f 905/823/523 942/821/521 944/820/520
f 944/820/520 943/822/522 945/824/430
f 944/820/520 945/824/430 946/825/431
f 948/826/524 949/827/525 947/828/526
f 951/829/527 952/830/528 948/826/524
f 949/827/525 952/830/528 953/831/529
f 954/832/530 951/829/527 950/833/286
f 949/827/525 953/831/529 955/834/531
f 949/827/525 955/834/531 956/835/532
f 952/830/528 951/829/527 957/836/533
f 951/829/527 954/832/530 957/836/533
f 952/830/528 958/837/314 953/831/529
f 958/837/314 952/830/528 957/836/533
f 954/832/530 950/833/286 959/838/534
f 959/838/534 960/839/535 954/832/530
f 960/839/535 959/838/534 961/840/291
f 960/839/535 962/841/536 954/832/530
f 954/832/530 962/841/536 957/836/533
f 963/842/537 960/839/535 961/840/291
f 963/842/537 962/841/536 960/839/535
f 961/840/291 964/843/538 963/842/537
f 966/844/539 957/836/533 962/841/536
f 967/845/540 962/841/536 963/842/537
f 968/846/541 963/842/537 964/843/538
f 965/847/542 969/848/543 964/843/538
f 964/843/538 969/848/543 968/846/541
f 969/848/543 965/847/542 970/849/544
f 968/846/541 969/848/543 971/850/545
f 971/850/545 969/848/543 972/851/436
f 973/852/546 966/844/539 967/845/547
f 972/851/436 969/848/543 974/853/548
f 974/853/548 969/848/543 970/849/544
f 973/852/546 975/854/437 976/855/549
f 976/855/549 966/844/539 973/852/546
f 976/855/549 975/854/437 978/856/550
f 977/857/296 979/858/551 978/856/552
f 976/855/549 978/856/550 980/859/553
f 984/860/554 981/861/108 982/862/555
f 983/863/439 984/860/554 982/862/555
f 981/861/108 984/860/554 985/864/556
f 986/865/557 976/855/549 980/859/553
f 987/866/558 985/864/556 984/860/554
f 988/867/559 966/844/539 976/855/549
f 989/868/560 987/866/558 984/860/554
f 989/868/560 984/860/554 990/869/561
f 990/869/561 984/860/554 991/870/562
f 984/860/554 983/863/439 991/870/562
f 992/871/563 993/872/564 988/867/559
f 992/871/563 994/873/565 993/872/564
f 994/873/565 995/874/566 993/872/564
f 988/867/559 995/874/566 966/844/539
f 999/875/459 998/876/567 996/877/568
f 996/877/568 997/878/476 999/875/459
f 995/874/566 994/873/565 1000/879/569
f 1002/880/570 1000/879/569 1001/881/571
f 995/874/566 1000/879/569 1002/880/570
f 999/875/459 1002/880/570 1001/881/571
f 1003/882/572 995/874/566 1002/880/570
f 1002/880/570 999/875/459 1004/883/310
f 1003/882/572 1002/880/570 1004/883/310
f 1004/883/310 999/875/459 1005/884/312
f 999/875/459 997/878/476 1005/884/312
f 958/837/314 995/874/566 1003/882/572
f 966/844/539 995/874/566 958/837/314
f 966/844/539 958/837/314 957/836/533
f 958/837/314 1003/882/572 1007/885/573
f 1007/885/573 1009/886/574 1008/887/575
f 1010/888/576 955/834/531 1008/887/575
f 1009/886/574 1010/888/576 1008/887/575
f 1007/885/573 1011/889/333 1009/886/574
f 1009/886/574 1011/889/333 1012/890/319
f 955/834/531 1010/888/576 1013/891/577
f 1007/885/573 1014/892/578 1011/889/333
f 1007/885/573 1006/893/579 1014/892/578
f 955/834/531 1013/891/577 1015/894/580
f 1015/894/580 956/835/532 955/834/531
f 956/835/532 1015/894/580 1016/895/581
f 1021/896/582 1019/897/583 1018/898/584
f 1021/896/582 1020/899/585 1019/897/583
f 1018/898/584 1017/900/325 1021/896/582
f 1022/901/431 1021/896/582 1017/900/325
f 1020/899/585 1021/896/582 1023/902/586
f 1024/903/587 1021/896/582 1022/901/431
f 1025/904/588 1023/902/586 1021/896/582
f 1021/896/582 1024/903/587 1025/904/588
f 1027/905/589 1026/906/462 1013/891/577
f 1010/888/576 1027/905/589 1013/891/577
f 1028/907/119 1026/906/462 1027/905/589
f 1010/888/576 1029/908/120 1027/905/589
f 1028/907/119 1027/905/589 1029/908/120
f 1012/890/590 1029/908/120 1010/888/576
f 1033/909/591 1030/910/592 1031/911/121
f 1033/909/591 1031/911/121 1032/912/593
f 1033/909/591 1034/913/122 1030/910/592
f 1033/909/591 1032/912/593 1035/914/332
f 1034/913/122 1033/909/591 1036/915/594
f 1037/916/595 1033/909/591 1035/914/332
f 1035/914/332 1011/889/596 1038/917/597
f 1037/916/595 1035/914/332 1038/917/597
f 1041/918/598 1039/919/599 1040/920/600
f 1042/921/601 1040/920/600 1011/889/333
f 1043/922/337 1040/920/600 1042/921/601
f 1040/920/600 1043/922/337 1041/918/598
f 1042/921/601 1044/923/338 1043/922/337
f 1045/924/602 1041/918/598 1043/922/337
f 1041/918/598 1045/924/602 1046/925/603
f 1048/926/604 1046/925/603 1045/924/602
f 1048/926/604 1047/927/605 1046/925/603
f 1048/926/604 1045/924/602 1049/928/606
f 1050/929/467 1047/927/605 1048/926/604
f 1051/930/340 1048/926/604 1049/928/606
f 1050/929/467 1048/926/604 1052/931/607
f 1048/926/604 1051/930/340 1052/931/607
f 1053/932/608 1044/923/338 1055/933/473
f 1042/921/601 1014/892/578 1055/933/342
f 1056/934/609 1054/935/610 1055/933/342
f 1014/892/578 1056/934/609 1055/933/342
f 1054/935/610 1056/934/609 1057/936/611
f 1058/937/135 1056/934/609 1014/892/578
f 1059/938/612 1057/936/611 1056/934/609
f 1056/934/609 1058/937/135 1059/938/612
f 1014/892/578 1006/893/579 1058/937/135
f 1061/939/613 1060/940/614 1063/941/615
f 1062/942/477 1061/939/613 1063/941/615
f 1063/941/615 1060/940/614 1064/943/616
f 1063/941/615 1064/943/616 1065/944/617
f 1066/945/618 1063/941/615 1065/944/617
f 1062/942/477 1063/941/615 1067/946/619
f 1063/941/615 1066/945/618 1067/946/619
f 1068/947/620 1069/948/621 1070/949/363
f 1072/950/622 1071/951/623 1073/952/146
f 1074/953/151 1077/954/624 1075/955/625
f 1077/954/624 1074/953/151 1076/956/626
f 1077/954/624 1078/957/627 1075/955/625
f 1077/954/624 1079/958/628 1078/957/627
f 1076/956/626 1080/959/629 1077/954/624
f 1079/958/628 1077/954/624 1080/959/629
f 1080/959/629 1076/956/626 1081/960/630
f 1083/961/631 1084/962/632 1069/948/621
f 1069/948/621 1084/962/632 1070/949/363
f 1083/961/631 1085/963/633 1084/962/632
f 1084/962/632 1085/963/633 1086/964/634
f 1070/949/363 1084/962/632 1087/965/635
f 1085/963/633 1089/966/636 1086/964/634
f 1090/967/637 1085/963/633 1082/968/638
f 1090/967/637 1089/966/636 1085/963/633
f 1091/969/479 1094/970/639 1092/971/640
f 1094/970/639 1091/969/479 1093/972/641
f 1094/970/639 1095/973/155 1092/971/640
f 1094/970/639 1097/974/157 1095/973/155
f 1098/975/642 1094/970/639 1093/972/641
f 1099/976/159 1097/974/157 1094/970/639
f 1098/975/642 1099/976/159 1094/970/639
f 1082/968/638 1100/977/643 1090/967/637
f 1101/978/644 1103/979/645 1104/980/646
f 1101/978/644 1104/980/646 1107/981/647
f 1106/982/648 1109/983/649 1108/984/650
f 1109/983/649 1106/982/648 1110/985/651
f 1111/986/652 1109/983/649 1110/985/651
f 1114/987/653 1112/988/485 1113/989/654
f 1112/988/485 1114/987/653 1115/990/655
f 1096/991/656 1115/990/655 1114/987/653
f 1114/987/653 1101/978/644 1116/992/657
f 1116/992/657 1101/978/644 1107/981/647
f 1116/992/657 1107/981/647 1117/993/658
f 1118/994/659 1117/993/658 1107/981/647
f 1107/981/647 1119/995/660 1118/994/659
f 1118/994/659 1119/995/660 1120/996/661
f 1116/992/657 1121/997/662 1114/987/653
f 1114/987/653 1121/997/662 1096/991/656
f 1121/997/662 1116/992/657 1088/998/663
f 1122/999/664 1088/998/663 1116/992/657
f 1070/949/363 1088/998/663 1122/999/664
f 1127/1000/665 1125/1001/666 1126/1002/667
f 1128/1003/668 1127/1000/665 1126/1002/667
f 1129/1004/669 1126/1002/667 1124/1005/670
f 1126/1002/667 1129/1004/669 1128/1003/668
f 1129/1004/669 1132/1006/170 1128/1003/668
f 1133/1007/383 1129/1004/669 1130/1008/671
f 1129/1004/669 1133/1007/383 1132/1006/170
f 1130/1008/671 1131/1009/672 1133/1007/383
f 1131/1009/672 1134/1010/388 1133/1007/383
f 1131/1009/672 1135/1011/673 1134/1010/388
f 1135/1011/673 1131/1009/672 1136/1012/674
f 1139/1013/675 1140/1014/676 1141/1015/677
f 1137/1016/678 1143/1017/679 1138/1018/680
f 1138/1018/680 1143/1017/679 1142/1019/492
f 1143/1017/679 1137/1016/678 1144/1020/681
f 1146/1021/682 1144/1020/681 1145/1022/172
f 1144/1020/681 1146/1021/682 1143/1017/679
f 1016/895/581 1147/1023/182 956/835/532
f 1148/1024/184 956/835/532 1147/1023/182
f 1149/1025/185 1150/1026/683 1148/1024/184
f 1148/1024/184 949/827/525 956/835/532
f 1150/1026/683 949/827/525 1148/1024/184
f 1154/1027/684 1151/1028/685 1152/1029/189
f 1154/1027/684 1152/1029/189 1153/1030/686
f 1151/1028/685 1154/1027/684 1155/1031/687
f 947/828/526 949/827/525 1150/1026/683
f 1156/1032/688 1155/1031/687 1154/1027/684
f 1158/1033/197 1156/1032/688 1154/1027/684
f 1159/1034/195 1158/1033/197 1154/1027/684
f 1160/1035/689 1159/1034/690 1157/1036/191
f 1162/1037/691 1161/1038/692 1159/1034/693
f 1164/1039/497 1162/1037/691 1163/1040/694
f 1162/1037/691 1165/1041/498 1161/1038/692
f 1158/1033/695 1161/1038/692 1165/1041/498
f 1165/1041/498 1162/1037/691 1164/1039/497
f 1169/1042/696 1171/1043/697 1167/1044/698
f 1170/1045/699 1167/1044/698 1171/1043/697
f 1172/1046/700 1169/1042/696 1166/1047/414
f 1172/1046/700 1166/1047/414 1168/1048/701
f 1172/1046/700 1171/1043/697 1169/1042/696
f 1173/1049/417 1170/1045/699 1171/1043/697
f 1171/1043/697 1172/1046/700 1174/1050/702
f 1171/1043/697 1125/1001/666 1173/1049/417
f 1125/1001/666 1171/1043/697 1174/1050/702
f 1125/1001/666 1127/1000/665 1173/1049/417
f 1175/1051/703 1174/1050/702 1172/1046/700
f 1175/1051/703 1172/1046/700 1168/1048/701
f 1174/1050/702 1175/1051/703 1176/1052/704
f 1176/1052/704 1125/1001/666 1174/1050/702
f 1168/1048/701 1177/1053/705 1175/1051/703
f 1176/1052/704 1175/1051/703 1178/1054/706
f 1175/1051/703 1177/1053/705 1178/1054/706
f 1176/1052/704 1178/1054/706 1179/1055/707
f 1123/1056/708 1176/1052/704 1179/1055/707
f 1177/1053/705 1181/1057/709 1178/1054/706
f 1181/1057/709 1177/1053/705 1180/1058/710
f 1181/1057/709 1182/1059/711 1178/1054/706
f 1182/1059/711 1179/1055/707 1178/1054/706
f 1181/1057/709 1068/947/620 1182/1059/711
f 1118/994/659 1123/1056/708 1179/1055/707
f 1180/1058/710 1183/1060/712 1181/1057/709
f 1068/947/620 1181/1057/709 1183/1060/712
f 1179/1055/707 1182/1059/711 1122/999/664
f 1068/947/620 1070/949/363 1182/1059/711
f 1182/1059/711 1070/949/363 1122/999/664
f 1179/1055/707 1122/999/664 1117/993/658
f 1118/994/659 1179/1055/707 1117/993/658
f 1117/993/658 1122/999/664 1116/992/657
f 1185/1061/510 1186/1062/713 1184/1063/714
f 1185/1061/510 1188/1064/715 1186/1062/713
f 1188/1064/715 1185/1061/510 1187/1065/716
f 1188/1064/715 1189/1066/717 1186/1062/713
f 1068/947/620 1186/1062/713 1189/1066/717
f 1188/1064/715 1187/1065/716 1190/1067/718
f 1191/1068/719 1189/1066/717 1188/1064/715
f 1189/1066/717 1192/1069/720 1068/947/620
f 1192/1069/720 1069/948/621 1068/947/620
f 1081/960/630 1193/1070/721 1080/959/629
f 1079/958/628 1080/959/629 1194/1071/722
f 1194/1071/722 1080/959/629 1193/1070/721
f 1195/1072/425 1140/1014/676 1196/1073/723
f 1140/1014/676 1195/1072/425 1197/1074/724
f 1197/1074/724 1141/1015/677 1140/1014/676
f 1073/952/146 1198/1075/725 1119/995/660
f 1119/995/660 1198/1075/725 1120/996/661
f 1199/1076/726 1073/952/146 1119/995/660
f 1072/950/622 1073/952/146 1199/1076/726
f 1119/995/660 1104/980/646 1199/1076/726
f 1200/1077/727 1072/950/622 1199/1076/726
f 1104/980/646 1200/1077/727 1199/1076/726
f 1107/981/647 1104/980/646 1119/995/660
f 1201/1078/728 1072/950/622 1200/1077/727
f 1200/1077/727 1202/1079/729 1201/1078/728
f 1104/980/646 1103/979/645 1200/1077/727
f 1200/1077/727 1203/1080/427 1202/1079/729
f 1205/1081/730 1202/1079/729 1203/1080/427
f 1206/1082/521 1204/1083/204 1205/1081/730
f 1203/1080/427 1207/1084/731 1205/1081/730
f 1205/1081/730 1208/1085/522 1206/1082/521
f 1205/1081/730 1207/1084/731 1208/1085/522
f 1208/1085/522 1207/1084/731 1210/1086/430
f 1211/1087/431 1105/1088/732 1209/1089/733
f 1105/1088/732 1211/1087/431 1102/1090/734
f 1212/1091/735 1213/1092/736 1214/1093/737
f 1215/1094/738 1214/1093/737 1213/1092/736
f 1217/1095/432 1214/1093/737 1215/1094/738
f 1214/1093/739 1218/1096/740 1216/1097/525
f 1219/1098/741 1222/1099/742 1220/1100/743
f 1219/1098/741 1221/1101/744 1222/1099/742
f 1225/1102/745 1223/1103/746 1226/1104/747
f 1224/1105/748 1227/1106/749 1226/1104/750
f 1226/1104/750 1227/1106/749 1228/1107/545
f 1229/1108/751 1226/1104/750 1228/1107/545
f 1230/1109/752 1226/1104/750 1229/1108/751
f 1232/1110/753 1234/1111/449 1231/1112/754
f 1233/1113/755 1234/1111/449 1232/1110/753
f 1234/1111/449 1233/1113/755 1235/1114/756
f 1234/1111/449 1235/1114/756 1236/1115/757
f 1234/1111/449 1236/1115/757 1237/1116/563
f 1238/1117/758 1242/1118/759 1241/1119/760
f 1242/1118/759 1238/1117/758 1239/1120/761
f 1241/1119/760 1244/1121/762 1243/1122/454
f 1244/1121/762 1241/1119/760 1242/1118/759
f 1246/1123/763 1245/1124/585 1248/1125/764
f 1245/1124/585 1247/1126/765 1248/1125/764
f 1248/1125/764 1249/1127/766 1246/1123/763
f 1248/1125/764 1247/1126/765 1250/1128/463
f 1248/1125/764 1251/1129/767 1249/1127/766
f 1248/1125/764 1250/1128/463 1251/1129/767
f 1251/1129/767 1250/1128/463 1252/1130/462
f 1253/1131/232 1249/1127/766 1251/1129/767
f 1251/1129/767 1252/1130/462 1254/1132/119
f 1255/1133/123 1251/1129/767 1254/1132/119
f 1253/1131/232 1251/1129/767 1255/1133/123
f 1256/1134/768 1257/1135/769 1258/1136/770
f 1255/1133/123 1256/1134/768 1258/1136/770
f 1255/1133/123 1258/1136/770 1260/1137/771
f 1253/1131/232 1255/1133/123 1260/1137/771
f 1260/1137/771 1258/1136/770 1261/1138/772
f 1258/1136/770 1259/1139/773 1261/1138/772
f 1262/1140/233 1253/1131/232 1260/1137/771
f 1262/1140/233 1260/1137/771 1261/1138/772
f 1261/1138/772 1263/1141/774 1262/1140/233
f 1264/1142/775 1262/1140/233 1263/1141/774
f 1263/1141/774 1261/1138/772 1265/1143/776
f 1266/1144/777 1263/1141/774 1265/1143/776
f 1263/1141/774 1266/1144/777 1264/1142/775
f 1268/1145/598 1265/1143/776 1267/1146/778
f 1265/1143/776 1268/1145/598 1266/1144/777
f 1268/1145/598 1269/1147/779 1266/1144/777
f 1270/1148/780 1266/1144/777 1269/1147/779
f 1264/1142/775 1266/1144/777 1270/1148/780
f 1270/1148/780 1269/1147/779 1271/1149/467
f 1270/1148/780 1271/1149/467 1272/1150/781
f 1272/1150/781 1264/1142/775 1270/1148/780
f 1264/1142/775 1272/1150/781 1273/1151/782
f 1264/1142/775 1273/1151/782 1240/1152/229
f 1240/1152/229 1273/1151/782 1275/1153/783
f 1275/1153/783 1273/1151/782 1274/1154/784
f 1239/1120/761 1240/1152/229 1275/1153/783
f 1275/1153/783 1274/1154/784 1276/1155/785
f 1239/1120/761 1275/1153/783 1277/1156/786
f 1277/1156/786 1275/1153/783 1276/1155/785
f 1239/1120/761 1277/1156/786 1278/1157/787
f 1239/1120/761 1278/1157/787 1242/1118/759
f 1277/1156/786 1276/1155/785 1279/1158/612
f 1278/1157/787 1277/1156/786 1280/1159/788
f 1280/1159/788 1242/1118/759 1278/1157/787
f 1277/1156/786 1279/1158/612 1281/1160/789
f 1280/1159/788 1277/1156/786 1282/1161/136
f 1242/1118/759 1280/1159/788 1283/1162/477
f 1280/1159/788 1282/1161/136 1283/1162/477
f 1242/1118/759 1283/1162/477 1244/1121/762
f 1285/1163/790 1287/1164/791 1288/1165/792
f 1289/1166/793 1291/1167/794 1290/1168/795
f 1293/1169/796 1294/1170/797 1295/1171/798
f 1295/1171/798 1292/1172/146 1293/1169/796
f 1295/1171/798 1294/1170/797 1296/1173/628
f 1297/1174/799 1298/1175/800 1299/1176/801
f 1287/1164/791 1297/1174/799 1299/1176/801
f 1288/1165/792 1287/1164/791 1299/1176/801
f 1290/1168/795 1297/1174/799 1287/1164/791
f 1288/1165/792 1299/1176/801 1300/1177/802
f 1298/1175/800 1300/1177/802 1299/1176/801
f 1288/1165/792 1300/1177/802 1284/1178/803
f 1300/1177/802 1298/1175/800 1301/1179/804
f 1307/1180/805 1303/1181/806 1302/1182/807
f 1307/1180/805 1308/1183/808 1303/1181/806
f 1290/1168/795 1308/1183/808 1307/1180/805
f 1290/1168/795 1307/1180/805 1309/1184/809
f 1309/1184/809 1307/1180/805 1306/1185/810
f 1297/1174/799 1290/1168/795 1309/1184/809
f 1310/1186/811 1306/1185/810 1305/1187/159
f 1309/1184/809 1306/1185/810 1310/1186/811
f 1310/1186/811 1305/1187/159 1304/1188/481
f 1309/1184/809 1311/1189/482 1297/1174/799
f 1310/1186/811 1311/1189/482 1309/1184/809
f 1311/1189/482 1310/1186/811 1304/1188/481
f 1297/1174/799 1311/1189/482 1298/1175/800
f 1314/1190/812 1313/1191/813 1316/1192/814
f 1291/1167/794 1314/1190/812 1316/1192/814
f 1315/1193/166 1317/1194/815 1313/1191/813
f 1316/1192/814 1313/1191/813 1317/1194/815
f 1317/1194/815 1315/1193/166 1318/1195/816
f 1317/1194/815 1318/1195/816 1319/1196/817
f 1319/1196/817 1320/1197/486 1317/1194/815
f 1316/1192/814 1317/1194/815 1320/1197/486
f 1316/1192/814 1320/1197/486 1322/1198/818
f 1291/1167/794 1316/1192/814 1322/1198/818
f 1322/1198/818 1321/1199/485 1323/1200/819
f 1308/1183/808 1291/1167/794 1322/1198/818
f 1322/1198/818 1323/1200/819 1308/1183/808
f 1290/1168/795 1291/1167/794 1308/1183/808
f 1303/1181/806 1308/1183/808 1323/1200/819
f 1324/1201/820 1325/1202/661 1326/1203/821
f 1326/1203/821 1327/1204/822 1324/1201/820
f 1328/1205/823 1326/1203/821 1325/1202/661
f 1328/1205/823 1327/1204/822 1326/1203/821
f 1327/1204/822 1329/1206/824 1324/1201/820
f 1327/1204/822 1330/1207/825 1329/1206/824
f 1330/1207/825 1331/1208/666 1329/1206/824
f 1330/1207/825 1332/1209/826 1331/1208/666
f 1330/1207/825 1327/1204/822 1334/1210/671
f 1333/1211/827 1330/1207/825 1334/1210/671
f 1335/1212/828 1334/1210/671 1327/1204/822
f 1327/1204/822 1328/1205/823 1335/1212/828
f 1335/1212/828 1328/1205/823 1336/1213/829
f 1337/1214/830 1336/1213/829 1328/1205/823
f 1337/1214/830 1338/1215/678 1336/1213/829
f 1337/1214/830 1328/1205/823 1339/1216/675
f 1328/1205/823 1325/1202/661 1339/1216/675
f 1339/1216/675 1325/1202/661 1340/1217/676
f 1337/1214/830 1341/1218/831 1338/1215/678
f 1342/1219/172 1337/1214/830 1339/1216/675
f 1342/1219/172 1341/1218/831 1337/1214/830
f 1343/1220/183 1246/1123/763 1249/1127/766
f 1345/1221/190 1212/1091/735 1344/1222/832
f 1346/1223/833 1212/1091/735 1345/1221/190
f 1347/1224/197 1213/1092/736 1346/1223/833
f 1348/1225/498 1213/1092/736 1347/1224/197
f 1212/1091/735 1346/1223/833 1213/1092/736
f 1213/1092/736 1348/1225/498 1215/1094/738
f 1349/1226/834 1329/1206/824 1331/1208/666
f 1352/1227/718 1353/1228/835 1350/1229/715
f 1354/1230/836 1353/1228/835 1352/1227/718
f 1354/1230/836 1352/1227/718 1286/1231/837
f 1354/1230/836 1355/1232/838 1353/1228/835
f 1355/1232/838 1356/1233/839 1351/1234/717
f 1285/1163/790 1355/1232/838 1354/1230/836
f 1285/1163/790 1354/1230/836 1286/1231/837
f 1355/1232/838 1288/1165/792 1356/1233/839
f 1285/1163/790 1288/1165/792 1355/1232/838
f 1356/1233/839 1288/1165/792 1284/1178/803
f 1295/1171/798 1296/1173/628 1357/1235/518
f 1295/1171/798 1357/1235/518 1358/1236/519
f 1295/1171/798 1358/1236/519 1340/1217/676
f 1359/1237/840 1295/1171/798 1340/1217/676
f 1292/1172/146 1295/1171/798 1359/1237/840
f 1359/1237/840 1340/1217/676 1325/1202/661
f 1360/1238/841 1361/1239/729 1363/1240/842
f 1362/1241/843 1360/1238/841 1364/1242/844
f 1364/1242/844 1360/1238/841 1363/1240/842
f 1364/1242/844 1363/1240/842 1365/1243/845
f 1362/1241/843 1364/1242/844 1314/1190/812
f 1314/1190/812 1364/1242/844 1365/1243/845
f 1291/1167/794 1362/1241/843 1314/1190/812
f 1314/1190/812 1366/1244/733 1312/1245/846
usemtl Meshpart3Mtl.001
f 1367/1246/847 1368/1247/847 1369/1248/847
f 1368/1247/847 1370/1249/847 1369/1248/847
f 1371/1250/848 1372/1251/849 1373/1252/850
f 1371/1250/848 1373/1252/850 1374/1253/851
f 1375/1254/852 1376/1255/852 1377/1256/852
f 1376/1255/852 1378/1257/852 1377/1256/852
f 1379/1258/853 1380/1259/854 1381/1260/854
f 1380/1259/854 1379/1258/853 1382/1261/853
f 1385/1262/11 1384/1263/855 1383/1264/856
f 1384/1263/855 1385/1262/11 1386/1265/857
f 1385/1262/11 1387/1266/858 1386/1265/857
f 1387/1266/858 1385/1262/11 1388/1267/859
f 1391/1268/11 1390/1269/860 1389/1270/856
f 1390/1269/860 1391/1268/11 1392/1271/861
f 1392/1271/861 1393/1272/862 1390/1269/860
f 1391/1268/11 1394/1273/863 1392/1271/861
f 1394/1273/863 1391/1268/11 1395/1274/859
f 1393/1272/862 1392/1271/861 1396/1275/864
f 1392/1271/861 1397/1276/865 1396/1275/864
f 1397/1276/865 1392/1271/861 1394/1273/863
f 1398/1277/866 1399/1278/867 1400/1279/868
f 1401/1280/869 1399/1278/867 1398/1277/866
f 1399/1278/867 1402/1281/870 1400/1279/868
f 1399/1278/867 1403/1282/855 1402/1281/870
f 1403/1282/855 1399/1278/867 1404/1283/857
f 1399/1278/867 1405/1284/858 1404/1283/857
f 1405/1284/858 1399/1278/867 1406/1285/871
f 1399/1278/867 1401/1280/869 1406/1285/871
f 1407/1286/872 1408/1287/872 1409/1288/872
f 1408/1287/872 1410/1289/872 1409/1288/872
f 1411/1290/873 1412/1291/874 1413/1292/873
f 1411/1290/873 1413/1292/873 1414/1293/873
f 1415/1294/875 1416/1295/876 1417/1296/877
f 1416/1295/876 1418/1297/875 1417/1296/877
f 1419/1298/878 1420/1299/879 1421/1300/878
f 1419/1298/878 1421/1300/878 1422/1301/880
f 1425/1302/865 1423/1303/862 1424/1304/864
f 1425/1302/865 1427/1305/881 1423/1303/862
f 1427/1305/881 1425/1302/865 1426/1306/882
f 1428/1307/883 1427/1305/881 1426/1306/882
f 1427/1305/881 1428/1307/883 1429/1308/884
f 1429/1308/884 1428/1307/883 1430/1309/885
f 1431/1310/31 1432/1311/31 1433/1312/886
f 1434/1313/887 1432/1311/31 1431/1310/31
f 1435/1314/888 1433/1312/886 1432/1311/31
f 1432/1311/31 1434/1313/887 1436/1315/889
f 1437/1316/890 1438/1317/31 1439/1318/888
f 1438/1317/31 1437/1316/890 1440/1319/891
f 1441/1320/892 1438/1317/31 1440/1319/891
f 1438/1317/31 1441/1320/892 1442/1321/889
f 1443/1322/888 1444/1323/886 1445/1324/31
f 1447/1325/31 1445/1324/31 1444/1323/886
f 1448/1326/887 1445/1324/31 1447/1325/31
f 1445/1324/31 1448/1326/887 1446/1327/889
f 1449/1328/893 1450/1329/894 1451/1330/895
f 1452/1331/896 1451/1330/895 1450/1329/894
f 1450/1329/894 1449/1328/893 1453/1332/897
f 1451/1330/895 1452/1331/896 1454/1333/898
f 1455/1334/899 1456/1335/893 1457/1336/900
f 1456/1335/893 1455/1334/899 1458/1337/895
f 1459/1338/901 1458/1337/895 1455/1334/899
f 1458/1337/895 1459/1338/901 1460/1339/898
f 1457/1336/900 1461/1340/862 1455/1334/899
f 1455/1334/899 1461/1340/862 1462/1341/881
f 1463/1342/884 1455/1334/899 1462/1341/881
f 1455/1334/899 1463/1342/884 1459/1338/901
f 1466/1343/902 1465/1344/889 1464/1345/887
f 1465/1344/889 1466/1343/902 1467/1346/903
f 1468/1347/904 1467/1346/903 1466/1343/902
f 1467/1346/903 1468/1347/904 1469/1348/905
f 1472/1349/906 1470/1350/907 1471/1351/908
f 1474/1352/894 1471/1351/908 1473/1353/897
f 1471/1351/908 1474/1352/894 1472/1349/906
f 1475/1354/896 1472/1349/906 1474/1352/894
f 1472/1349/906 1475/1354/896 1476/1355/909
f 1470/1350/907 1472/1349/906 1477/1356/910
f 1472/1349/906 1476/1355/909 1478/1357/911
f 1478/1357/911 1477/1356/910 1472/1349/906
f 1479/1358/912 1480/1359/912 1481/1360/912
f 1481/1360/912 1480/1359/912 1482/1361/912
f 1482/1361/912 1483/1362/912 1481/1360/912
f 1483/1362/912 1482/1361/912 1484/1363/912
f 1484/1363/912 1485/1364/912 1483/1362/912
f 1486/1365/912 1487/1366/912 1485/1364/912
f 1487/1366/912 1486/1365/912 1488/1367/912
f 1488/1367/912 1489/1368/913 1487/1366/912
f 1490/1369/912 1489/1368/913 1488/1367/912
f 1489/1368/913 1490/1369/912 1491/1370/912
f 1492/1371/912 1493/1372/912 1485/1364/912
f 1493/1372/912 1492/1371/912 1494/1373/912
f 1493/1372/912 1494/1373/912 1495/1374/912
f 1495/1374/912 1494/1373/912 1496/1375/912
f 1496/1375/912 1494/1373/912 1497/1376/912
f 1498/1377/912 1485/1364/912 1499/1378/912
f 1499/1378/912 1500/1379/912 1498/1377/912
f 1500/1379/912 1499/1378/912 1501/1380/912
f 1501/1380/912 1502/1381/912 1500/1379/912
f 1503/1382/912 1502/1381/912 1501/1380/912
f 1504/1383/914 1505/1384/915 1506/1385/914
f 1506/1385/914 1505/1384/915 1507/1386/914
f 1507/1386/914 1508/1387/914 1506/1385/914
f 1508/1387/914 1507/1386/914 1509/1388/914
f 1509/1388/914 1510/1389/914 1508/1387/914
f 1511/1390/914 1512/1391/914 1510/1389/914
f 1512/1391/914 1511/1390/914 1513/1392/914
f 1513/1392/914 1514/1393/916 1512/1391/914
f 1515/1394/914 1514/1393/916 1513/1392/914
f 1514/1393/916 1515/1394/914 1516/1395/914
f 1517/1396/914 1518/1397/914 1510/1389/914
f 1517/1396/914 1519/1398/914 1518/1397/914
f 1519/1398/914 1517/1396/914 1520/1399/917
f 1519/1398/914 1520/1399/917 1521/1400/914
f 1521/1400/914 1520/1399/917 1522/1401/918
f 1523/1402/914 1510/1389/914 1524/1403/914
f 1524/1403/914 1525/1404/914 1523/1402/914
f 1525/1404/914 1524/1403/914 1526/1405/914
f 1526/1405/914 1527/1406/914 1525/1404/914
f 1528/1407/914 1527/1406/914 1526/1405/914
f 1531/1408/44 1530/1409/889 1529/1410/919
f 1530/1409/889 1531/1408/44 1532/1411/903
f 1533/1412/920 1532/1411/903 1531/1408/44
f 1532/1411/903 1533/1412/920 1534/1413/905
f 1537/1414/921 1536/1415/904 1535/1416/905
f 1536/1415/904 1537/1414/921 1538/1417/922
f 1539/1418/889 1538/1417/922 1537/1414/921
f 1538/1417/922 1539/1418/889 1540/1419/887
f 1543/1420/67 1542/1421/898 1541/1422/923
f 1542/1421/898 1543/1420/67 1544/1423/924
f 1544/1423/924 1543/1420/67 1545/1424/925
f 1546/1425/926 1545/1424/925 1543/1420/67
f 1550/1269/927 1551/1426/928 1553/1271/929
f 1553/1271/929 1549/1272/883 1550/1269/927
f 1553/1271/929 1547/1273/930 1552/1276/884
f 1549/1272/883 1553/1271/929 1554/1275/931
f 1554/1275/931 1553/1271/929 1552/1276/884
f 1555/1427/924 1553/1271/929 1551/1426/928
f 1553/1271/929 1548/1428/898 1547/1273/930
f 1548/1428/898 1553/1271/929 1555/1427/924
f 1559/1429/67 1558/1285/932 1556/1430/923
f 1559/1429/67 1557/1431/926 1560/1281/933
f 1558/1285/932 1559/1429/67 1561/1278/934
f 1560/1281/933 1561/1278/934 1559/1429/67
f 1562/1432/935 1561/1278/934 1560/1281/933
f 1561/1278/934 1563/1433/936 1558/1285/932
f 1563/1433/936 1561/1278/934 1564/1277/937
f 1561/1278/934 1562/1432/935 1564/1277/937
f 1565/1434/938 1566/1435/938 1567/1436/938
f 1567/1436/938 1568/1437/938 1565/1434/938
f 1569/1438/939 1570/1439/939 1571/1440/939
f 1570/1439/939 1572/1441/939 1571/1440/939
f 1573/1442/940 1574/1443/941 1575/1444/942
f 1574/1443/941 1576/1445/941 1575/1444/942
f 1577/1446/943 1578/1447/943 1579/1448/943
f 1577/1446/943 1579/1448/943 1580/1449/943
f 1583/1450/944 1585/1451/82 1581/1452/945
f 1585/1451/82 1584/1453/946 1582/1454/904
f 1585/1451/82 1583/1450/944 1586/1455/82
f 1584/1453/946 1585/1451/82 1586/1455/82
f 1588/1456/947 1589/1457/948 1587/1458/949
f 1592/1459/950 1590/1460/951 1589/1457/948
f 1590/1460/951 1592/1459/950 1591/1461/952
f 1589/1457/948 1588/1456/947 1592/1459/950
f 1591/1461/952 1592/1459/950 1593/1462/953
f 1591/1461/952 1593/1462/953 1594/1463/937
f 1595/1464/954 1596/1465/944 1597/1466/82
f 1599/1467/82 1597/1466/82 1596/1465/944
f 1600/1468/946 1597/1466/82 1599/1467/82
f 1597/1466/82 1600/1468/946 1598/1469/955
f 1601/1470/956 1602/1471/956 1603/1472/956
f 1602/1471/956 1604/1473/956 1603/1472/956
f 1605/1474/957 1606/1475/957 1607/1476/957
f 1605/1474/957 1607/1476/957 1608/1477/957
f 1609/1478/944 1610/1479/82 1611/1480/945
f 1610/1479/82 1609/1478/944 1612/1481/82
f 1613/1482/946 1610/1479/82 1612/1481/82
f 1610/1479/82 1613/1482/946 1614/1483/904
f 1615/1484/958 1616/1485/958 1617/1486/958
f 1616/1485/958 1615/1484/958 1618/1487/958
f 1619/1488/959 1620/1489/959 1621/1490/959
f 1620/1489/959 1619/1488/959 1622/1491/959
f 1623/1492/858 1625/1493/960 1627/1494/961
f 1626/1495/962 1628/1496/963 1624/1497/925
f 1627/1494/961 1625/1493/960 1628/1496/963
f 1627/1494/961 1628/1496/963 1626/1495/962
f 1632/1498/964 1629/1499/965 1630/1500/960
f 1632/1498/964 1631/1501/865 1629/1499/965
f 1632/1498/964 1630/1500/960 1633/1502/963
f 1631/1501/865 1632/1498/964 1634/1503/966
f 1635/1504/883 1634/1503/966 1632/1498/964
f 1636/1505/967 1632/1498/964 1633/1502/963
f 1632/1498/964 1636/1505/967 1635/1504/883
f 1636/1505/967 1633/1502/963 1637/1506/925
f 1638/1507/968 1639/1508/969 1640/1509/970
f 1640/1509/970 1639/1508/969 1641/1510/971
f 1640/1509/970 1641/1510/971 1642/1511/972
f 1642/1511/972 1641/1510/971 1643/1512/973
f 1647/1513/961 1645/1514/858 1646/1515/974
f 1647/1513/961 1646/1515/974 1648/1516/975
f 1646/1515/974 1644/1517/948 1648/1516/975
f 1649/1518/962 1647/1513/961 1648/1516/975
f 1648/1516/975 1644/1517/948 1650/1519/976
f 1649/1518/962 1648/1516/975 1651/1520/977
f 1648/1516/975 1652/1521/952 1651/1520/977
f 1652/1521/952 1648/1516/975 1650/1519/976
f 1653/1522/978 1654/1523/978 1655/1524/978
f 1654/1523/978 1653/1522/978 1656/1525/978
f 1657/1526/978 1655/1524/978 1654/1523/978
f 1655/1524/978 1657/1526/978 1658/1527/978
f 1657/1526/978 1659/1528/978 1658/1527/978
f 1659/1528/978 1660/1529/978 1661/1530/978
f 1660/1529/978 1662/1531/978 1661/1530/978
f 1662/1531/978 1660/1529/978 1663/1532/978
f 1663/1532/978 1664/1533/979 1662/1531/978
f 1664/1533/979 1663/1532/978 1665/1534/978
f 1659/1528/978 1666/1535/980 1667/1536/978
f 1666/1535/980 1668/1537/978 1667/1536/978
f 1669/1538/978 1668/1537/978 1666/1535/980
f 1668/1537/978 1669/1538/978 1670/1539/978
f 1668/1537/978 1670/1539/978 1671/1540/978
f 1672/1541/978 1673/1542/978 1659/1528/978
f 1674/1543/978 1673/1542/978 1672/1541/978
f 1673/1542/978 1674/1543/978 1675/1544/978
f 1675/1544/978 1674/1543/978 1676/1545/978
f 1675/1544/978 1676/1545/978 1677/1546/978
f 1678/1547/981 1679/1548/982 1680/1549/982
f 1679/1548/982 1678/1547/981 1681/1550/982
f 1682/1551/982 1680/1549/982 1679/1548/982
f 1680/1549/982 1682/1551/982 1683/1552/982
f 1682/1551/982 1684/1553/982 1683/1552/982
f 1684/1553/982 1685/1554/982 1686/1555/981
f 1685/1554/982 1687/1556/982 1686/1555/981
f 1687/1556/982 1685/1554/982 1688/1557/983
f 1688/1557/983 1689/1558/982 1687/1556/982
f 1689/1558/982 1688/1557/983 1690/1559/984
f 1684/1553/982 1691/1560/982 1692/1561/982
f 1693/1562/982 1692/1561/982 1691/1560/982
f 1692/1561/982 1693/1562/982 1694/1563/982
f 1694/1563/982 1693/1562/982 1695/1564/982
f 1694/1563/982 1695/1564/982 1696/1565/982
f 1697/1566/982 1698/1567/982 1684/1553/982
f 1699/1568/982 1698/1567/982 1697/1566/982
f 1698/1567/982 1699/1568/982 1700/1569/982
f 1700/1569/982 1699/1568/982 1701/1570/982
f 1700/1569/982 1701/1570/982 1702/1571/982
f 1703/1572/985 1704/1573/969 1705/1574/85
f 1706/1575/971 1705/1574/85 1704/1573/969
f 1705/1574/85 1706/1575/971 1707/1576/986
f 1708/1577/973 1707/1576/986 1706/1575/971
f 1710/1578/972 1711/1579/987 1709/1580/973
f 1712/1581/988 1711/1579/987 1710/1578/972
f 1712/1581/988 1713/1582/969 1711/1579/987
f 1714/1583/968 1713/1582/969 1712/1581/988
f 3128/1584/989 3129/1585/990 3130/1586/990
f 3131/1587/991 3130/1586/990 3129/1585/990
f 3130/1586/990 3132/1588/992 3128/1584/989
f 3130/1586/990 3131/1587/991 3133/1589/993
f 3136/1590/994 3134/1591/995 3135/1592/996
f 3134/1591/995 3136/1590/994 3137/1593/997
f 3136/1590/994 3138/1594/998 3137/1593/997
f 3138/1594/998 3136/1590/994 3139/1595/999
f 3142/1596/1000 3141/1597/1001 3140/1598/1002
f 3140/1598/1002 3143/1599/1000 3142/1596/1000
f 3144/1600/1003 3142/1596/1000 3143/1599/1000
f 3142/1596/1000 3144/1600/1003 3145/1601/1003
f 3146/1602/1004 3147/1603/1005 3148/1604/1006
f 3147/1603/1005 3149/1605/995 3148/1604/1006
f 3147/1603/1005 3146/1602/1004 3150/1606/1007
f 3149/1605/995 3147/1603/1005 3151/1607/1008
f 3156/1608/1009 3152/1609/1010 3154/1610/1010
f 3156/1608/1009 3155/1611/1011 3153/1612/1012
f 3152/1609/1010 3156/1608/1009 3157/1590/1009
f 3153/1612/1012 3157/1590/1009 3156/1608/1009
f 3158/1613/1013 3160/1585/1014 3159/1614/1004
f 3160/1585/1014 3158/1613/1013 3161/1615/1015
f 3162/1616/1016 3160/1585/1014 3161/1615/1015
f 3160/1585/1014 3162/1616/1016 3163/1617/1016
f 3166/1596/1017 3164/1600/1018 3165/1601/1018
f 3164/1600/1018 3166/1596/1017 3167/1599/1017
f 3168/1598/1019 3167/1599/1017 3166/1596/1017
f 3166/1596/1017 3169/1597/1019 3168/1598/1019
f 3170/1605/1020 3174/1603/1021 3172/1607/1022
f 3174/1603/1021 3171/1602/1023 3173/1606/1024
f 3174/1603/1021 3170/1605/1020 3175/1604/1021
f 3171/1602/1023 3174/1603/1021 3175/1604/1021
f 3176/1618/44 3177/1619/44 3178/1620/44
f 3178/1620/44 3177/1619/44 3179/1603/44
f 3176/1618/44 3178/1620/44 3180/1590/44
f 3176/1618/44 3181/1621/44 3177/1619/44
f 3177/1619/44 3181/1621/44 3182/1585/44
f 3181/1621/44 3176/1618/44 3183/1599/44
usemtl Meshpart4Mtl.001
f 1717/1622/1025 1715/1623/1026 1716/1624/1027
f 1715/1623/1026 1717/1622/1025 1718/1625/1028
f 1720/1626/1029 1721/1627/1030 1719/1628/1031
f 1721/1627/1030 1720/1626/1029 1722/1629/1032
f 1723/1630/1033 1721/1627/1030 1722/1629/1032
f 1723/1630/1033 1724/1631/1034 1721/1627/1030
f 1727/1632/1035 1726/1633/1036 1725/1634/1037
f 1726/1633/1036 1727/1632/1035 1728/1635/1035
f 1728/1635/1035 1727/1632/1035 1729/1636/1038
f 1730/1637/1039 1729/1636/1038 1727/1632/1035
f 1731/1638/1040 1733/1639/1041 1732/1640/1042
f 1733/1639/1041 1731/1638/1040 1734/1641/1043
f 1735/1642/1044 1736/1643/1045 1737/1644/1046
f 1738/1645/1047 1737/1644/1046 1736/1643/1045
f 1737/1644/1046 1738/1645/1047 1739/1646/1048
f 1736/1643/1045 1735/1642/1044 1740/1647/1049
f 1743/1648/1050 1741/1649/1051 1742/1650/1052
f 1742/1650/1052 1744/1651/1053 1743/1648/1050
f 1745/1652/1054 1746/1653/1054 1747/1654/1055
f 1747/1654/1055 1746/1653/1054 1748/1655/1056
f 1747/1654/1055 1748/1655/1056 1749/1656/1057
f 1749/1656/1057 1748/1655/1056 1750/1657/1058
f 1751/1658/1059 1749/1656/1057 1750/1657/1058
f 1749/1656/1057 1751/1658/1059 1752/1659/1060
f 1753/1660/1061 1754/1661/1062 1755/1662/1063
f 1754/1661/1062 1753/1660/1061 1756/1663/1061
f 1757/1664/1057 1755/1662/1063 1754/1661/1062
f 1755/1662/1063 1757/1664/1057 1758/1665/1057
f 1758/1665/1057 1757/1664/1057 1759/1666/1064
f 1759/1666/1064 1757/1664/1057 1760/1667/1065
f 1763/1668/1066 1761/1669/1067 1762/1670/1068
f 1761/1669/1067 1763/1668/1066 1764/1671/1069
f 1767/1672/1070 1765/1673/1071 1766/1674/1072
f 1767/1672/1070 1768/1675/1073 1765/1673/1071
f 1767/1672/1070 1769/1676/1074 1768/1675/1073
f 1769/1676/1074 1767/1672/1070 1770/1677/1075
f 1773/1678/1076 1771/1679/1077 1772/1680/1078
f 1774/1681/1079 1775/1682/1080 1773/1678/1081
f 1774/1681/1079 1776/1683/1082 1775/1682/1080
f 1777/1684/1083 1775/1682/1080 1776/1683/1082
f 1776/1683/1082 1778/1685/1083 1777/1684/1083
f 1779/1686/1084 1780/1687/1085 1781/1688/1086
f 1780/1687/1085 1779/1686/1084 1782/1689/1084
f 1780/1687/1085 1783/1690/1087 1781/1688/1086
f 1783/1690/1087 1780/1687/1085 1784/1691/1088
f 1784/1691/1088 1785/1692/1089 1783/1690/1087
f 1785/1692/1089 1784/1691/1088 1786/1693/1090
f 1786/1693/1090 1787/1694/1091 1785/1692/1089
f 1786/1693/1090 1788/1695/1092 1787/1694/1091
f 1790/1696/1093 1789/1697/1094 1791/1698/1095
f 1792/1699/1030 1791/1698/1095 1789/1697/1094
f 1793/1700/1096 1791/1698/1095 1792/1699/1030
f 1791/1698/1095 1793/1700/1096 1794/1701/1097
f 1795/1702/1098 1797/1703/1099 1796/1704/1100
f 1797/1703/1099 1795/1702/1098 1798/1705/1101
f 1799/1706/1102 1800/1707/1103 1801/1708/1103
f 1801/1708/1103 1802/1709/1104 1799/1706/1102
f 1803/1710/1105 1801/1708/1103 1800/1707/1103
f 1801/1708/1103 1803/1710/1105 1804/1711/1106
f 1805/1712/1107 1804/1711/1106 1803/1710/1105
f 1804/1711/1106 1805/1712/1107 1806/1713/1108
f 1807/1714/1109 1806/1713/1108 1805/1712/1107
f 1806/1713/1108 1807/1714/1109 1808/1715/1110
f 1809/1716/1111 1811/1717/1112 1810/1718/1113
f 1813/1719/1114 1811/1717/1115 1812/1720/1116
f 1811/1717/1115 1813/1719/1114 1814/1721/1117
f 1815/1722/1118 1814/1721/1117 1813/1719/1114
f 1814/1721/1117 1815/1722/1118 1816/1723/1118
f 1817/1724/1119 1818/1725/1120 1819/1726/1119
f 1817/1724/1119 1820/1727/1121 1818/1725/1120
f 1819/1726/1119 1821/1728/1119 1817/1724/1119
f 1822/1729/1122 1818/1725/1120 1820/1727/1121
f 1819/1726/1119 1823/1730/1119 1821/1728/1119
f 1818/1725/1120 1822/1729/1122 1824/1731/1122
f 1825/1732/1119 1821/1728/1119 1823/1730/1119
f 1822/1729/1122 1826/1733/1123 1824/1731/1122
f 1821/1728/1119 1825/1732/1119 1827/1734/1119
f 1822/1729/1122 1828/1735/1123 1826/1733/1123
f 1829/1736/1124 1827/1734/1119 1825/1732/1119
f 1828/1735/1123 1830/1737/1125 1826/1733/1123
f 1827/1734/1119 1829/1736/1124 1831/1738/1126
f 1828/1735/1123 1832/1739/1127 1830/1737/1125
f 1833/1740/1128 1831/1738/1126 1829/1736/1124
f 1834/1741/1129 1830/1737/1125 1832/1739/1127
f 1831/1738/1126 1833/1740/1128 1835/1742/1130
f 1830/1737/1125 1834/1741/1129 1836/1743/1131
f 1837/1744/1132 1835/1742/1130 1833/1740/1128
f 1837/1744/1132 1836/1743/1131 1834/1741/1129
f 1833/1740/1128 1838/1745/1133 1837/1744/1132
f 1836/1743/1131 1837/1744/1132 1838/1745/1133
f 1839/1746/1134 1840/1747/1135 1841/1748/1136
f 1842/1749/1137 1841/1748/1136 1840/1747/1135
f 1841/1748/1136 1843/1750/1134 1839/1746/1134
f 1841/1748/1136 1842/1749/1137 1844/1751/1137
f 1845/1752/1134 1839/1746/1134 1843/1750/1134
f 1842/1749/1137 1846/1753/1138 1844/1751/1137
f 1845/1752/1134 1843/1750/1134 1847/1754/1134
f 1846/1753/1138 1842/1749/1137 1848/1755/1138
f 1849/1756/1134 1845/1752/1134 1847/1754/1134
f 1850/1757/1139 1846/1753/1138 1848/1755/1138
f 1845/1752/1134 1849/1756/1134 1851/1758/1134
f 1850/1757/1139 1848/1755/1138 1852/1759/1140
f 1853/1760/1141 1851/1758/1134 1849/1756/1134
f 1854/1761/1142 1850/1757/1139 1852/1759/1140
f 1851/1758/1134 1853/1760/1141 1855/1762/1143
f 1850/1757/1139 1854/1761/1142 1856/1763/1144
f 1857/1764/1145 1855/1762/1143 1853/1760/1141
f 1858/1765/1146 1856/1763/1144 1854/1761/1142
f 1855/1762/1143 1857/1764/1145 1859/1766/1147
f 1858/1765/1146 1859/1766/1147 1857/1764/1145
f 1856/1763/1144 1858/1765/1146 1860/1767/1148
f 1858/1765/1146 1857/1764/1145 1860/1767/1148
f 1861/1768/1119 1862/1769/1149 1863/1770/1150
f 1864/1771/1151 1863/1770/1150 1862/1769/1149
f 1862/1769/1149 1861/1768/1119 1865/1772/1119
f 1864/1771/1151 1862/1769/1149 1866/1773/1152
f 1867/1774/1119 1865/1772/1119 1861/1768/1119
f 1868/1775/1153 1864/1771/1151 1866/1773/1152
f 1865/1772/1119 1867/1774/1119 1869/1776/1119
f 1864/1771/1151 1868/1775/1153 1870/1777/1153
f 1867/1774/1119 1871/1778/1119 1869/1776/1119
f 1872/1779/1154 1870/1777/1153 1868/1775/1153
f 1867/1774/1119 1873/1780/1119 1871/1778/1119
f 1870/1777/1153 1872/1779/1154 1874/1781/1155
f 1875/1782/1156 1871/1778/1119 1873/1780/1119
f 1876/1783/1157 1874/1781/1155 1872/1779/1154
f 1873/1780/1119 1877/1784/1158 1875/1782/1156
f 1876/1783/1157 1872/1779/1154 1878/1785/1159
f 1879/1786/1160 1875/1782/1156 1877/1784/1158
f 1878/1785/1159 1880/1787/1161 1876/1783/1157
f 1879/1786/1160 1877/1784/1158 1881/1788/1162
f 1880/1787/1161 1879/1786/1160 1881/1788/1162
f 1880/1787/1161 1878/1785/1159 1882/1789/1163
f 1879/1786/1160 1880/1787/1161 1882/1789/1163
f 1883/1790/1164 1884/1791/1134 1885/1792/1134
f 1884/1791/1134 1883/1790/1164 1886/1793/1165
f 1887/1794/1134 1885/1792/1134 1884/1791/1134
f 1883/1790/1164 1888/1795/1166 1886/1793/1165
f 1885/1792/1134 1887/1794/1134 1889/1796/1134
f 1888/1795/1166 1883/1790/1164 1890/1797/1167
f 1891/1798/1134 1889/1796/1134 1887/1794/1134
f 1892/1799/1168 1888/1795/1166 1890/1797/1167
f 1891/1798/1134 1887/1794/1134 1893/1800/1134
f 1888/1795/1166 1892/1799/1168 1894/1801/1168
f 1893/1800/1134 1895/1802/1169 1891/1798/1134
f 1896/1803/1170 1894/1801/1168 1892/1799/1168
f 1895/1802/1169 1893/1800/1134 1897/1804/1171
f 1894/1801/1168 1896/1803/1170 1898/1805/1172
f 1897/1804/1171 1899/1806/1173 1895/1802/1169
f 1900/1807/1174 1898/1805/1172 1896/1803/1170
f 1897/1804/1171 1901/1808/1175 1899/1806/1173
f 1900/1807/1174 1896/1803/1170 1902/1809/1176
f 1903/1810/1177 1899/1806/1173 1901/1808/1175
f 1903/1810/1177 1900/1807/1174 1902/1809/1176
f 1899/1806/1173 1903/1810/1177 1904/1811/1178
f 1902/1809/1176 1904/1811/1178 1903/1810/1177
f 1905/1812/1179 1906/1813/1180 1907/1814/1180
f 1908/1815/1181 1907/1814/1180 1906/1813/1180
f 1906/1813/1180 1905/1812/1179 1909/1816/1182
f 1907/1814/1180 1908/1815/1181 1910/1817/1183
f 1910/1817/1183 1908/1815/1181 1911/1818/1054
f 1914/1819/1184 1913/1820/1061 1912/1821/1185
f 1913/1820/1061 1914/1819/1184 1915/1822/1186
f 1916/1823/1187 1915/1822/1186 1914/1819/1184
f 1916/1823/1187 1917/1824/1188 1915/1822/1186
f 1918/1825/1189 1917/1824/1188 1916/1823/1187
f 1921/1826/1190 1919/1827/1191 1920/1828/1192
f 1921/1826/1190 1920/1828/1192 1922/1829/1078
f 1923/1830/1193 1922/1829/1078 1924/1831/1194
f 1927/1832/1195 1925/1833/1196 1926/1834/1092
f 1926/1834/1092 1928/1835/1197 1927/1832/1195
f 1931/1836/1198 1930/1837/1199 1929/1838/1200
f 1930/1837/1199 1931/1836/1198 1932/1839/1201
f 1935/1840/1202 1934/1841/1203 1933/1842/1204
f 1934/1841/1203 1935/1840/1202 1936/1843/1205
f 1937/1844/1206 1935/1840/1111 1938/1845/1207
f 1940/1846/1208 1942/1847/1209 1939/1848/1210
f 1942/1847/1209 1940/1846/1208 1944/1849/1209
f 1945/1850/1211 1943/1851/1028 1941/1852/1212
f 1944/1849/1209 1946/1853/1213 1942/1847/1209
f 1943/1851/1028 1945/1850/1211 1947/1854/1211
f 1946/1853/1213 1947/1854/1211 1945/1850/1211
f 1946/1853/1213 1944/1849/1209 1948/1855/1214
f 1947/1854/1211 1946/1853/1213 1948/1855/1214
f 1949/1856/1215 1950/1857/1216 1951/1858/1216
f 1950/1857/1216 1949/1856/1215 1952/1859/1217
f 1953/1860/1216 1951/1858/1216 1950/1857/1216
f 1949/1856/1215 1954/1861/1218 1952/1859/1217
f 1951/1858/1216 1953/1860/1216 1955/1862/1216
f 1954/1861/1218 1949/1856/1215 1956/1863/1219
f 1955/1862/1216 1953/1860/1216 1957/1864/1220
f 1957/1864/1220 1953/1860/1216 1958/1865/1221
f 1962/1866/1222 1959/1867/1223 1960/1868/1224
f 1959/1867/1223 1962/1866/1222 1964/1869/1225
f 1963/1870/1226 1965/1871/1227 1961/1872/1228
f 1966/1873/1229 1964/1869/1225 1962/1866/1222
f 1965/1871/1227 1963/1870/1226 1967/1874/1227
f 1967/1874/1227 1966/1873/1229 1965/1871/1227
f 1964/1869/1225 1966/1873/1229 1968/1875/1229
f 1966/1873/1229 1967/1874/1227 1968/1875/1229
f 1969/1876/1230 1970/1877/1216 1971/1878/1230
f 1972/1879/1231 1969/1876/1230 1971/1878/1230
f 1970/1877/1216 1969/1876/1230 1973/1880/1232
f 1969/1876/1230 1972/1879/1231 1974/1881/1233
f 1973/1880/1232 1975/1882/1234 1970/1877/1216
f 1975/1882/1234 1973/1880/1232 1976/1883/1216
f 1976/1883/1216 1977/1884/1235 1975/1882/1234
f 1975/1882/1234 1977/1884/1235 1978/1885/1042
f 1979/1886/1236 1980/1887/1237 1981/1888/1238
f 1980/1887/1237 1979/1886/1236 1982/1889/1237
f 1983/1890/1239 1979/1886/1236 1981/1888/1238
f 1982/1889/1237 1979/1886/1236 1984/1891/1240
f 1979/1886/1236 1983/1890/1239 1985/1892/1241
f 1984/1891/1240 1979/1886/1236 1986/1893/1242
f 1985/1892/1241 1987/1894/1243 1979/1886/1236
f 1979/1886/1236 1988/1895/1242 1986/1893/1242
f 1989/1896/1244 1979/1886/1236 1987/1894/1243
f 1979/1886/1236 1990/1897/1245 1988/1895/1242
f 1991/1898/1244 1979/1886/1236 1989/1896/1244
f 1979/1886/1236 1991/1898/1244 1990/1897/1245
f 1992/1899/1246 1993/1900/1247 1994/1901/1248
f 1993/1900/1247 1992/1899/1246 1995/1902/1246
f 1993/1900/1247 1996/1903/1249 1994/1901/1248
f 1996/1903/1249 1993/1900/1247 1997/1904/1250
f 1997/1904/1250 1998/1905/1251 1996/1903/1249
f 1999/1906/1251 1996/1903/1249 1998/1905/1251
f 1998/1905/1251 1997/1904/1250 2000/1907/1252
f 2001/1908/1252 2000/1907/1252 1997/1904/1250
f 1997/1904/1250 2002/1909/1252 2001/1908/1252
f 2003/1910/1253 2004/1911/1254 2005/1912/1255
f 2004/1911/1254 2003/1910/1253 2006/1913/1254
f 2007/1914/1256 2003/1910/1253 2005/1912/1255
f 2003/1910/1253 2007/1914/1256 2008/1915/1257
f 2007/1914/1256 2009/1916/1258 2010/1917/1258
f 2011/1918/1258 2007/1914/1256 2010/1917/1258
f 2007/1914/1256 2011/1918/1258 2008/1915/1257
f 2008/1915/1257 2011/1918/1258 2012/1919/1258
f 2013/1920/1258 2008/1915/1257 2012/1919/1258
f 2016/1921/1259 2014/1922/1260 2015/1923/1261
f 2015/1923/1261 2017/1924/1262 2016/1921/1259
f 2018/1925/1263 2016/1921/1259 2017/1924/1262
f 2017/1924/1262 2019/1926/1263 2018/1925/1263
f 2020/1927/1264 2021/1928/1265 2022/1929/1266
f 2023/1930/1267 2020/1927/1264 2024/1931/1266
f 2020/1927/1264 2023/1930/1267 2025/1932/1268
f 2021/1928/1265 2020/1927/1264 2026/1933/1269
f 2026/1933/1269 2020/1927/1264 2025/1932/1268
f 2026/1933/1269 2025/1932/1268 2027/1934/1266
f 2026/1933/1269 2028/1935/1270 2021/1928/1265
f 2028/1935/1270 2026/1933/1269 2029/1936/1266
f 2030/1937/1271 2031/1938/1272 2032/1939/1273
f 2031/1938/1272 2030/1937/1271 2033/1940/1274
f 2031/1938/1272 2034/1941/1275 2032/1939/1273
f 2034/1941/1275 2031/1938/1272 2035/1942/1276
f 2035/1942/1276 2036/1943/1277 2037/1944/1278
f 2037/1944/1278 2038/1945/1278 2035/1942/1276
f 2034/1941/1275 2035/1942/1276 2038/1945/1278
f 2034/1941/1275 2038/1945/1278 2039/1946/1279
f 2040/1947/1278 2034/1941/1275 2039/1946/1279
f 2041/1948/1280 2042/1949/1281 2043/1950/1282
f 2042/1949/1281 2041/1948/1280 2044/1951/1283
f 2045/1952/1284 2041/1948/1280 2043/1950/1282
f 2041/1948/1280 2045/1952/1284 2046/1953/1285
f 2045/1952/1284 2047/1926/1286 2048/1924/1286
f 2049/1923/1286 2045/1952/1284 2048/1924/1286
f 2046/1953/1285 2045/1952/1284 2049/1923/1286
f 2046/1953/1285 2049/1923/1286 2050/1954/1287
f 2051/1955/1288 2046/1953/1285 2050/1954/1287
f 2052/1956/1289 2053/1957/1290 2054/1958/1291
f 2053/1957/1290 2052/1956/1289 2055/1959/1292
f 2056/1960/1293 2054/1958/1291 2053/1957/1290
f 2052/1956/1289 2057/1961/1294 2055/1959/1292
f 2054/1958/1291 2056/1960/1293 2058/1962/1295
f 2057/1961/1294 2052/1956/1289 2059/1963/1296
f 2058/1962/1295 2056/1960/1293 2060/1964/1297
f 2060/1964/1297 2056/1960/1293 2061/1965/1298
f 2063/1966/1299 2065/1967/1300 2062/1968/1301
f 2065/1967/1300 2063/1966/1299 2067/1969/1300
f 2068/1970/1302 2066/1971/1303 2064/1972/1304
f 2067/1969/1300 2069/1973/1305 2065/1967/1300
f 2066/1971/1303 2068/1970/1302 2070/1974/1306
f 2069/1973/1305 2067/1969/1300 2071/1975/1307
f 2068/1970/1302 2071/1975/1307 2070/1974/1306
f 2071/1975/1307 2068/1970/1302 2069/1973/1305
f 2072/1976/1308 2073/1977/1309 2074/1978/1308
f 2075/1979/1310 2072/1976/1308 2074/1978/1308
f 2073/1977/1309 2072/1976/1308 2076/1980/1311
f 2072/1976/1308 2075/1979/1310 2077/1981/1312
f 2076/1980/1311 2078/1982/1313 2073/1977/1309
f 2078/1982/1313 2076/1980/1311 2079/1983/1313
f 2078/1982/1313 2079/1983/1313 2080/1984/1314
f 2078/1982/1313 2080/1984/1314 2081/1985/1315
f 2085/1986/1316 2082/1987/1317 2083/1988/1318
f 2082/1987/1317 2085/1986/1316 2087/1989/1316
f 2086/1990/1319 2088/1991/1320 2084/1992/1321
f 2089/1993/1322 2087/1989/1316 2085/1986/1316
f 2088/1991/1320 2086/1990/1319 2090/1994/1320
f 2087/1989/1316 2089/1993/1322 2091/1995/1323
f 2088/1991/1320 2091/1995/1323 2089/1993/1322
f 2091/1995/1323 2088/1991/1320 2090/1994/1320
f 2092/1996/1324 2093/1997/1324 2094/1998/1325
f 2092/1996/1324 2094/1998/1325 2095/1999/1326
f 2094/1998/1325 2096/2000/1327 2095/1999/1326
f 2096/2000/1327 2094/1998/1325 2097/2001/1208
f 2100/2002/1328 2098/2003/1329 2099/2004/1330
f 2098/2003/1329 2100/2002/1328 2101/2005/1331
f 2102/2006/1332 2104/2007/1333 2103/2008/1334
f 2104/2007/1333 2102/2006/1332 2105/2009/1335
f 2106/2010/1336 2108/2011/1337 2107/2012/1338
f 2108/2011/1337 2106/2010/1336 2109/2013/1337
f 2110/2014/1339 2108/2011/1337 2109/2013/1337
f 2108/2011/1337 2110/2014/1339 2111/2015/1340
f 2112/2016/1341 2113/2017/1342 2114/2018/1343
f 2113/2017/1342 2112/2016/1341 2115/2019/1344
f 2116/2020/1345 2115/2019/1344 2112/2016/1341
f 2115/2019/1344 2116/2020/1345 2117/2021/1346
f 2118/2022/1347 2119/2023/1348 2120/2024/1349
f 2119/2023/1348 2121/2025/1350 2120/2024/1349
f 2119/2023/1348 2122/2026/1350 2121/2025/1350
f 2118/2022/1347 2120/2024/1349 2123/2027/1351
f 2126/2028/1352 2125/2029/1353 2124/2030/1354
f 2125/2029/1353 2126/2028/1352 2127/2031/1355
f 2126/2028/1352 2128/2032/1356 2127/2031/1355
f 2129/2033/1357 2128/2032/1356 2126/2028/1352
f 2129/2033/1357 2130/2034/1358 2128/2032/1356
f 2131/2035/1359 2130/2034/1358 2129/2033/1357
f 2133/2036/1360 2134/2037/1355 2132/2038/1361
f 2135/2039/1352 2134/2037/1355 2133/2036/1360
f 2137/2040/1362 2134/2037/1355 2135/2039/1352
f 2134/2037/1355 2137/2040/1362 2139/2041/1363
f 2139/2041/1363 2138/2042/1364 2136/2043/1365
f 2138/2042/1364 2139/2041/1363 2137/2040/1362
f 2141/2044/1366 2142/2045/1367 2140/2046/1368
f 2142/2045/1367 2141/2044/1366 2143/2047/1369
f 2142/2045/1367 2143/2047/1369 2144/2048/1370
f 2142/2045/1367 2144/2048/1370 2145/2049/1371
f 2148/2050/1372 2146/2051/1373 2147/2052/1374
f 2146/2051/1373 2148/2050/1372 2149/2053/1375
f 2150/2054/1376 2151/2055/1377 2152/2056/1377
f 2151/2055/1377 2150/2054/1376 2153/2057/1376
f 2154/2058/1378 2152/2056/1377 2151/2055/1377
f 2151/2055/1377 2155/2059/1379 2154/2058/1378
f 2156/2060/1380 2154/2058/1378 2155/2059/1379
f 2155/2059/1379 2157/2061/1192 2156/2060/1380
f 2159/2062/1381 2160/2063/1382 2158/2064/1383
f 2159/2062/1381 2161/2065/1384 2160/2063/1382
f 2161/2065/1384 2162/2066/1385 2160/2063/1382
f 2162/2066/1385 2161/2065/1384 2163/2067/1385
f 2164/2068/1314 2166/2069/1331 2165/2070/1386
f 2166/2069/1331 2164/2068/1314 2167/2071/1387
f 2170/2072/1388 2169/2073/1389 2168/2074/1390
f 2169/2073/1389 2170/2072/1388 2171/2075/1326
f 2170/2072/1388 2172/2076/1391 2171/2075/1326
f 2172/2076/1391 2170/2072/1388 2173/2077/1392
f 2176/2078/1393 2175/2079/1394 2174/2080/1395
f 2175/2079/1394 2176/2078/1393 2177/2081/1396
f 2178/2082/1397 2177/2081/1396 2176/2078/1393
f 2177/2081/1396 2178/2082/1397 2179/2083/1398
f 2180/2084/1399 2181/2085/1400 2182/2086/1399
f 2181/2085/1400 2180/2084/1399 2183/2087/1400
f 2184/2088/1401 2181/2085/1400 2183/2087/1400
f 2181/2085/1400 2184/2088/1401 2185/2089/1402
f 2186/2090/1204 2185/2089/1402 2184/2088/1401
f 2185/2089/1402 2186/2090/1204 2187/2091/1403
f 2190/2092/1404 2189/2093/1049 2188/2094/1405
f 2189/2093/1049 2190/2092/1404 2191/2095/1406
f 2192/2096/1407 2191/2095/1406 2190/2092/1404
f 2191/2095/1406 2192/2096/1407 2193/2097/1408
f 2195/2098/1409 2197/2099/1410 2194/2100/1358
f 2199/2101/1411 2197/2099/1410 2195/2098/1409
f 2200/2102/1412 2198/2103/1413 2196/2104/1414
f 2197/2099/1410 2199/2101/1411 2200/2102/1412
f 2198/2103/1413 2200/2102/1412 2199/2101/1411
f 2201/2105/1415 2202/2106/1416 2203/2107/1417
f 2204/2108/1418 2203/2107/1417 2202/2106/1416
f 2201/2105/1415 2203/2107/1417 2205/2109/1415
f 2203/2107/1417 2204/2108/1418 2206/2110/1419
f 2207/2111/1420 2201/2105/1415 2205/2109/1415
f 2208/2112/1419 2206/2110/1419 2204/2108/1418
f 2207/2111/1420 2205/2109/1415 2209/2113/1420
f 2206/2110/1419 2208/2112/1419 2210/2114/1419
f 2211/2115/1421 2207/2111/1420 2209/2113/1420
f 2208/2112/1419 2212/2116/1419 2210/2114/1419
f 2207/2111/1420 2211/2115/1421 2213/2117/1422
f 2208/2112/1419 2214/2118/1419 2212/2116/1419
f 2215/2119/1423 2213/2117/1422 2211/2115/1421
f 2214/2118/1419 2216/2120/1424 2212/2116/1419
f 2215/2119/1423 2211/2115/1421 2217/2121/1425
f 2214/2118/1419 2218/2122/1426 2216/2120/1424
f 2217/2121/1425 2219/2123/1427 2215/2119/1423
f 2220/2124/1428 2216/2120/1424 2218/2122/1426
f 2219/2123/1427 2217/2121/1425 2221/2125/1427
f 2220/2124/1428 2219/2123/1427 2221/2125/1427
f 2219/2123/1427 2220/2124/1428 2222/2126/1428
f 2220/2124/1428 2218/2122/1426 2222/2126/1428
f 2223/2127/1429 2224/2128/1430 2225/2129/1430
f 2223/2127/1429 2225/2129/1430 2226/2130/1431
f 2224/2128/1430 2227/2131/1432 2225/2129/1430
f 2228/2132/1433 2223/2127/1429 2226/2130/1431
f 2224/2128/1430 2229/2133/1432 2227/2131/1432
f 2223/2127/1429 2228/2132/1433 2230/2134/1433
f 2231/2135/1434 2227/2131/1432 2229/2133/1432
f 2232/2136/1433 2230/2134/1433 2228/2132/1433
f 2227/2131/1432 2231/2135/1434 2233/2137/1435
f 2230/2134/1433 2232/2136/1433 2234/2138/1433
f 2235/2139/1436 2233/2137/1435 2231/2135/1434
f 2236/2140/1433 2234/2138/1433 2232/2136/1433
f 2235/2139/1436 2231/2135/1434 2237/2141/1437
f 2236/2140/1433 2232/2136/1433 2238/2142/1438
f 2239/2143/1439 2235/2139/1436 2237/2141/1437
f 2238/2142/1438 2240/2144/1440 2236/2140/1433
f 2239/2143/1439 2237/2141/1437 2241/2145/1439
f 2240/2144/1440 2238/2142/1438 2242/2146/589
f 2243/2147/1441 2239/2143/1439 2241/2145/1439
f 2242/2146/589 2243/2147/1441 2240/2144/1440
f 2239/2143/1439 2243/2147/1441 2244/2148/1442
f 2242/2146/589 2244/2148/1442 2243/2147/1441
f 2245/2149/1443 2246/2150/1444 2247/2151/1445
f 2246/2150/1444 2248/2152/1419 2247/2151/1445
f 2246/2150/1444 2245/2149/1443 2249/2153/1446
f 2248/2152/1419 2246/2150/1444 2250/2154/1419
f 2251/2155/1447 2249/2153/1446 2245/2149/1443
f 2250/2154/1419 2252/2156/1419 2248/2152/1419
f 2249/2153/1446 2251/2155/1447 2253/2157/1447
f 2250/2154/1419 2254/2158/1419 2252/2156/1419
f 2251/2155/1447 2255/2159/1448 2253/2157/1447
f 2256/2160/1419 2252/2156/1419 2254/2158/1419
f 2251/2155/1447 2257/2161/1449 2255/2159/1448
f 2252/2156/1419 2256/2160/1419 2258/2162/1419
f 2259/2163/1450 2255/2159/1448 2257/2161/1449
f 2260/2164/1451 2258/2162/1419 2256/2160/1419
f 2255/2159/1448 2259/2163/1450 2261/2165/1452
f 2258/2162/1419 2260/2164/1451 2262/2166/1453
f 2263/2167/1454 2261/2165/1452 2259/2163/1450
f 2264/2168/1455 2262/2166/1453 2260/2164/1451
f 2261/2165/1452 2263/2167/1454 2265/2169/1454
f 2264/2168/1455 2265/2169/1454 2263/2167/1454
f 2262/2166/1453 2264/2168/1455 2266/2170/1455
f 2263/2167/1454 2266/2170/1455 2264/2168/1455
f 2267/2171/1456 2268/2172/1457 2269/2173/1457
f 2268/2172/1457 2267/2171/1456 2270/2174/1458
f 2271/2175/1459 2269/2173/1457 2268/2172/1457
f 2272/2176/1433 2270/2174/1458 2267/2171/1456
f 2269/2173/1457 2271/2175/1459 2273/2177/1459
f 2267/2171/1456 2274/2178/1433 2272/2176/1433
f 2275/2179/1460 2273/2177/1459 2271/2175/1459
f 2276/2180/1433 2272/2176/1433 2274/2178/1433
f 2275/2179/1460 2271/2175/1459 2277/2181/1461
f 2276/2180/1433 2274/2178/1433 2278/2182/1433
f 2279/2183/1462 2275/2179/1460 2277/2181/1461
f 2280/2184/1433 2276/2180/1433 2278/2182/1433
f 2275/2179/1460 2279/2183/1462 2281/2185/1463
f 2276/2180/1433 2280/2184/1433 2282/2186/1433
f 2283/2187/1464 2281/2185/1463 2279/2183/1462
f 2284/2188/1465 2282/2186/1433 2280/2184/1433
f 2281/2185/1463 2283/2187/1464 2285/2189/1466
f 2282/2186/1433 2284/2188/1465 2286/2190/1467
f 2283/2187/1464 2287/2191/1468 2285/2189/1466
f 2287/2191/1468 2286/2190/1467 2284/2188/1465
f 2283/2187/1464 2288/2192/1469 2287/2191/1468
f 2286/2190/1467 2287/2191/1468 2288/2192/1469
f 2289/2193/1470 2290/2194/1471 2291/2195/1472
f 2291/2195/1472 2290/2194/1471 2292/2196/1473
f 2291/2195/1472 2292/2196/1473 2293/2197/1474
f 2294/2198/1365 2293/2197/1474 2292/2196/1473
f 2293/2197/1474 2294/2198/1365 2295/2199/1364
f 2296/2200/1475 2297/2201/1476 2298/2202/1477
f 2297/2201/1476 2299/2203/1478 2298/2202/1477
f 2297/2201/1476 2296/2200/1475 2300/2204/1479
f 2299/2203/1478 2297/2201/1476 2301/2205/1480
f 2302/2206/1479 2300/2204/1479 2296/2200/1475
f 2300/2204/1479 2302/2206/1479 2303/2207/1481
f 2304/2208/1026 2303/2207/1481 2302/2206/1479
f 2302/2206/1479 2305/2209/1482 2304/2208/1026
f 2310/2210/1483 2308/2211/1484 2306/2212/1485
f 2307/2213/1486 2311/2214/1487 2309/2215/1488
f 2310/2210/1483 2312/2216/1483 2308/2211/1484
f 2311/2214/1487 2307/2213/1486 2313/2217/1487
f 2314/2218/1489 2312/2216/1483 2310/2210/1483
f 2313/2217/1487 2314/2218/1489 2311/2214/1487
f 2314/2218/1489 2315/2219/1489 2312/2216/1483
f 2314/2218/1489 2313/2217/1487 2315/2219/1489
f 2316/2220/1490 2317/2221/1481 2318/2222/1490
f 2319/2223/1491 2316/2220/1490 2318/2222/1490
f 2317/2221/1481 2316/2220/1490 2320/2224/1481
f 2316/2220/1490 2319/2223/1491 2321/2225/1492
f 2320/2224/1481 2322/2226/1479 2317/2221/1481
f 2322/2226/1479 2320/2224/1481 2323/2227/1479
f 2322/2226/1479 2323/2227/1479 2324/2228/1332
f 2322/2226/1479 2324/2228/1332 2325/2229/1493
f 2329/2230/1494 2327/2231/1495 2326/2232/1496
f 2327/2231/1495 2329/2230/1494 2331/2233/1494
f 2330/2234/1497 2332/2235/1498 2328/2236/1499
f 2333/2237/1500 2331/2233/1494 2329/2230/1494
f 2332/2235/1498 2330/2234/1497 2334/2238/1498
f 2334/2238/1498 2333/2237/1500 2332/2235/1498
f 2331/2233/1494 2333/2237/1500 2335/2239/1501
f 2333/2237/1500 2334/2238/1498 2335/2239/1501
f 2336/2240/1502 2337/2241/1503 2338/2242/1504
f 2337/2241/1503 2339/2243/1505 2338/2242/1504
f 2340/2244/1502 2337/2241/1503 2336/2240/1502
f 2337/2241/1503 2341/2245/1505 2339/2243/1505
f 2337/2241/1503 2340/2244/1502 2342/2246/1506
f 2341/2245/1505 2337/2241/1503 2343/2247/1507
f 2344/2248/1508 2337/2241/1503 2342/2246/1506
f 2337/2241/1503 2345/2249/1509 2343/2247/1507
f 2337/2241/1503 2344/2248/1508 2346/2250/1508
f 2345/2249/1509 2337/2241/1503 2347/2251/1510
f 2337/2241/1503 2346/2250/1508 2348/2252/1511
f 2347/2251/1510 2337/2241/1503 2348/2252/1511
f 2351/2253/1512 2350/2254/1513 2349/2255/1514
f 2350/2254/1513 2351/2253/1512 2352/2256/1515
f 2353/2257/1516 2352/2256/1515 2351/2253/1512
f 2352/2256/1515 2353/2257/1516 2354/2258/1516
f 2355/2259/1517 2356/2260/1518 2357/2261/1519
f 2357/2261/1519 2356/2260/1518 2358/2262/1518
f 2357/2261/1519 2359/2263/1520 2355/2259/1517
f 2359/2263/1520 2357/2261/1519 2360/2264/1521
f 2360/2264/1521 2361/2265/1522 2359/2263/1520
f 2359/2263/1520 2361/2265/1522 2362/2266/1522
f 2361/2265/1522 2360/2264/1521 2363/2267/1523
f 2360/2264/1521 2364/2268/1523 2363/2267/1523
f 2360/2264/1521 2365/2269/1524 2364/2268/1523
f 2366/2270/1525 2367/2271/1526 2368/2272/1525
f 2367/2271/1526 2366/2270/1525 2369/2273/1527
f 2370/2274/1528 2367/2271/1526 2369/2273/1527
f 2367/2271/1526 2370/2274/1528 2371/2275/1529
f 2370/2274/1528 2372/2276/1530 2373/2277/1531
f 2374/2278/1531 2370/2274/1528 2373/2277/1531
f 2371/2275/1529 2370/2274/1528 2374/2278/1531
f 2371/2275/1529 2374/2278/1531 2375/2279/1532
f 2376/2280/1533 2371/2275/1529 2375/2279/1532
f 2377/2281/1534 2378/2282/1535 2379/2283/1052
f 2377/2281/1534 2380/2284/1536 2378/2282/1535
f 2380/2284/1536 2381/2285/1537 2378/2282/1535
f 2380/2284/1536 2382/2286/1538 2381/2285/1537
f 2382/2286/1538 2383/2287/1539 2381/2285/1537
f 2382/2286/1538 2384/2288/1539 2383/2287/1539
f 2385/2289/1540 2386/2290/1541 2387/2291/1542
f 2388/2292/1540 2385/2289/1540 2389/2293/1540
f 2385/2289/1540 2388/2292/1540 2390/2294/1540
f 2385/2289/1540 2391/2295/1540 2386/2290/1541
f 2390/2294/1540 2391/2295/1540 2385/2289/1540
f 2391/2295/1540 2390/2294/1540 2392/2296/1540
f 2391/2295/1540 2393/2297/1541 2386/2290/1541
f 2393/2297/1541 2391/2295/1540 2394/2298/1542
f 2395/2299/1543 2396/2300/1544 2397/2301/1545
f 2397/2301/1545 2396/2300/1544 2398/2302/1546
f 2397/2301/1545 2399/2303/1547 2395/2299/1543
f 2399/2303/1547 2397/2301/1545 2400/2304/1548
f 2400/2304/1548 2401/2305/1549 2402/2306/1549
f 2400/2304/1548 2402/2306/1549 2403/2254/1549
f 2403/2254/1549 2399/2303/1547 2400/2304/1548
f 2399/2303/1547 2403/2254/1549 2404/2256/1550
f 2399/2303/1547 2404/2256/1550 2405/2258/1551
f 2406/2307/1552 2407/2308/1553 2408/2309/1552
f 2407/2308/1553 2406/2307/1552 2409/2310/1554
f 2410/2311/1555 2407/2308/1553 2409/2310/1554
f 2407/2308/1553 2410/2311/1555 2411/2312/1556
f 2410/2311/1555 2412/2288/1557 2413/2286/1558
f 2414/2284/1558 2410/2311/1555 2413/2286/1558
f 2411/2312/1556 2410/2311/1555 2414/2284/1558
f 2411/2312/1556 2414/2284/1558 2415/2281/1558
f 2416/2313/1559 2411/2312/1556 2415/2281/1558
f 2421/2314/1560 2419/2315/1561 2417/2316/1066
f 2418/2317/1562 2422/2318/1563 2420/2319/1564
f 2423/2320/1565 2419/2315/1561 2421/2314/1560
f 2422/2318/1563 2418/2317/1562 2424/2321/1563
f 2421/2314/1560 2425/2322/1566 2423/2320/1565
f 2424/2321/1563 2426/2323/1567 2422/2318/1563
f 2425/2322/1566 2421/2314/1560 2426/2323/1567
f 2426/2323/1567 2424/2321/1563 2425/2322/1566
f 2427/2324/1568 2428/2325/1569 2429/2326/1570
f 2428/2325/1569 2430/2327/1571 2429/2326/1570
f 2428/2325/1569 2427/2324/1568 2431/2328/1568
f 2430/2327/1571 2428/2325/1569 2432/2329/1572
f 2433/2330/1573 2431/2328/1568 2427/2324/1568
f 2431/2328/1568 2433/2330/1573 2434/2331/1573
f 2435/2332/1574 2434/2331/1573 2433/2330/1573
f 2433/2330/1573 2436/2333/1575 2435/2332/1574
f 2440/2334/1576 2438/2335/1577 2437/2336/1578
f 2438/2335/1577 2440/2334/1576 2442/2337/1576
f 2441/2338/1579 2443/2339/1580 2439/2340/1331
f 2444/2341/1581 2442/2337/1576 2440/2334/1576
f 2443/2339/1580 2441/2338/1579 2445/2342/1580
f 2442/2337/1576 2444/2341/1581 2446/2343/1581
f 2443/2339/1580 2446/2343/1581 2444/2341/1581
f 2446/2343/1581 2443/2339/1580 2445/2342/1580
f 2447/2344/1582 2448/2345/1583 2449/2346/1584
f 2450/2347/1585 2447/2344/1582 2449/2346/1584
f 2448/2345/1583 2447/2344/1582 2451/2348/1586
f 2447/2344/1582 2450/2347/1585 2452/2349/1587
f 2451/2348/1586 2453/2350/1588 2448/2345/1583
f 2453/2350/1588 2451/2348/1586 2454/2351/1588
f 2453/2350/1588 2454/2351/1588 2455/2352/1589
f 2453/2350/1588 2455/2352/1589 2456/2353/1100
usemtl Meshpart5Mtl.001
f 2457/2354/1590 2458/2355/1590 2459/2356/1591
f 2458/2355/1590 2457/2354/1590 2460/2357/1592
f 2461/2358/1593 2462/2359/1593 2463/2360/1594
f 2462/2359/1593 2461/2358/1593 2464/2361/1595
f 2469/2362/11 2467/2363/1596 2465/2364/1597
f 2468/2365/1598 2469/2362/11 2466/2366/1599
f 2467/2363/1596 2469/2362/11 2470/2367/857
f 2469/2362/11 2468/2365/1598 2470/2367/857
f 2471/2368/1598 2472/2369/11 2473/2370/1599
f 2472/2369/11 2471/2368/1598 2474/2371/857
f 2475/2372/1596 2472/2369/11 2474/2371/857
f 2472/2369/11 2475/2372/1596 2476/2373/1597
f 2477/2374/1600 2478/2375/1601 2479/2376/1601
f 2478/2375/1601 2477/2374/1600 2480/2377/1601
f 2481/2378/1602 2482/2379/1603 2483/2380/1602
f 2482/2379/1603 2481/2378/1602 2484/2381/1602
f 2485/2382/31 2486/2383/31 2487/2384/1604
f 2488/2385/1605 2486/2383/31 2485/2382/31
f 2489/2386/1606 2487/2384/1604 2486/2383/31
f 2486/2383/31 2488/2385/1605 2490/2387/892
f 2491/2388/1607 2492/2389/1607 2493/2390/1608
f 2492/2389/1607 2491/2388/1607 2494/2391/1607
f 2495/2392/1609 2496/2393/1609 2497/2394/1610
f 2496/2393/1609 2495/2392/1609 2498/2395/1609
f 2499/2396/1611 2500/2397/1611 2501/2398/1611
f 2500/2397/1611 2499/2396/1611 2502/2399/1611
f 2503/2400/1612 2504/2401/1613 2505/2402/1612
f 2504/2401/1613 2503/2400/1612 2506/2403/1612
f 2507/2404/1614 2508/2405/31 2509/2406/31
f 2509/2406/31 2508/2405/31 2510/2407/1615
f 2508/2405/31 2507/2404/1614 2511/2408/892
f 2512/2409/890 2510/2407/1615 2508/2405/31
f 2515/2410/1616 2514/2411/1617 2513/2412/1618
f 2514/2411/1617 2515/2410/1616 2516/2413/1619
f 2517/2414/1620 2516/2413/1619 2515/2410/1616
f 2516/2413/1619 2517/2414/1620 2518/2415/1596
f 2521/2416/1619 2520/2417/1620 2519/2418/1596
f 2520/2417/1620 2521/2416/1619 2522/2419/1616
f 2523/2420/1617 2522/2419/1616 2521/2416/1619
f 2522/2419/1616 2523/2420/1617 2524/2421/1618
f 2527/2422/1621 2526/2423/919 2525/2424/1622
f 2526/2423/919 2527/2422/1621 2528/2425/48
f 2529/2426/920 2528/2425/48 2527/2422/1621
f 2528/2425/48 2529/2426/920 2530/2427/1623
f 2531/2428/912 2532/2429/1624 2533/2430/1625
f 2532/2429/1624 2531/2428/912 2534/2431/912
f 2531/2428/912 2533/2430/1625 2535/2432/912
f 2535/2432/912 2533/2430/1625 2536/2433/912
f 2534/2431/912 2537/2434/912 2532/2429/1624
f 2538/2435/912 2539/2436/912 2537/2434/912
f 2539/2436/912 2538/2435/912 2540/2437/912
f 2539/2436/912 2540/2437/912 2541/2438/912
f 2542/2439/912 2541/2438/912 2540/2437/912
f 2541/2438/912 2542/2439/912 2543/2440/912
f 2544/2441/912 2545/2442/912 2537/2434/912
f 2545/2442/912 2544/2441/912 2546/2443/912
f 2547/2444/912 2545/2442/912 2546/2443/912
f 2548/2445/912 2547/2444/912 2546/2443/912
f 2547/2444/912 2548/2445/912 2549/2446/912
f 2550/2447/1626 2537/2434/1627 2551/2448/1628
f 2551/2448/1628 2552/2449/912 2550/2447/1626
f 2552/2449/912 2551/2448/1628 2553/2450/912
f 2553/2450/912 2554/2451/912 2552/2449/912
f 2553/2450/912 2555/2452/912 2554/2451/912
f 2556/2453/914 2557/2454/914 2558/2455/914
f 2557/2454/914 2556/2453/914 2559/2456/914
f 2556/2453/914 2558/2455/914 2560/2457/914
f 2560/2457/914 2558/2455/914 2561/2458/914
f 2559/2456/914 2562/2459/914 2557/2454/914
f 2563/2460/914 2564/2461/914 2562/2459/914
f 2564/2461/914 2563/2460/914 2565/2462/914
f 2564/2461/914 2565/2462/914 2566/2463/917
f 2567/2464/914 2566/2463/917 2565/2462/914
f 2566/2463/917 2567/2464/914 2568/2465/914
f 2569/2466/914 2570/2467/1629 2562/2459/914
f 2570/2467/1629 2569/2466/914 2571/2468/1630
f 2572/2469/917 2570/2467/1629 2571/2468/1630
f 2573/2470/915 2572/2469/917 2571/2468/1630
f 2572/2469/917 2573/2470/915 2574/2471/914
f 2575/2472/914 2562/2459/914 2576/2473/914
f 2576/2473/914 2577/2474/914 2575/2472/914
f 2577/2474/914 2576/2473/914 2578/2475/917
f 2578/2475/917 2579/2476/914 2577/2474/914
f 2579/2476/914 2578/2475/917 2580/2477/914
f 2583/2478/1621 2582/2479/919 2581/2480/1631
f 2582/2479/919 2583/2478/1621 2584/2481/48
f 2585/2482/920 2584/2481/48 2583/2478/1621
f 2584/2481/48 2585/2482/920 2586/2483/1623
f 2587/2484/1618 2588/2485/67 2589/2486/924
f 2589/2486/924 2588/2485/67 2590/2487/1632
f 2588/2485/67 2587/2484/1618 2591/2488/1633
f 2592/2489/1634 2590/2487/1632 2588/2485/67
f 2593/2490/1634 2594/2491/1632 2595/2492/67
f 2597/2493/924 2595/2492/67 2594/2491/1632
f 2598/2494/1618 2595/2492/67 2597/2493/924
f 2595/2492/67 2598/2494/1618 2596/2495/1633
f 2599/2496/1635 2600/2497/1636 2601/2498/1637
f 2600/2497/1636 2599/2496/1635 2602/2499/1638
f 2603/2500/1639 2604/2501/1640 2605/2502/1641
f 2604/2501/1640 2603/2500/1639 2606/2503/1642
f 2607/2504/1643 2608/2505/1643 2609/2506/1643
f 2608/2505/1643 2607/2504/1643 2610/2507/1644
f 2611/2508/1645 2612/2509/1645 2613/2510/1645
f 2612/2509/1645 2611/2508/1645 2614/2511/1645
f 2615/2512/1646 2616/2513/1647 2617/2514/1646
f 2616/2513/1647 2615/2512/1646 2618/2515/1648
f 2619/2516/1649 2620/2517/1649 2621/2518/1649
f 2620/2517/1649 2619/2516/1649 2622/2519/1649
f 2625/2520/1650 2627/2521/82 2623/2522/954
f 2627/2521/82 2626/2523/1651 2624/2524/1652
f 2627/2521/82 2625/2520/1650 2628/2525/82
f 2626/2523/1651 2627/2521/82 2628/2525/82
f 2629/2526/1649 2630/2527/1649 2631/2528/1649
f 2630/2527/1649 2632/2529/1653 2631/2528/1649
f 2633/2530/1654 2634/2531/1654 2635/2532/1654
f 2633/2530/1654 2635/2532/1654 2636/2533/1655
f 2641/2534/82 2639/2535/1651 2637/2536/955
f 2640/2537/1650 2641/2534/82 2638/2538/954
f 2639/2535/1651 2641/2534/82 2642/2539/82
f 2641/2534/82 2640/2537/1650 2642/2539/82
f 2644/2540/1656 2645/2541/1657 2643/2542/1632
f 2644/2540/1656 2646/2543/1658 2645/2541/1657
f 2646/2543/1658 2647/2544/1659 2645/2541/1657
f 2646/2543/1658 2648/2545/1660 2647/2544/1659
f 2651/2546/1658 2649/2547/1660 2650/2548/1659
f 2651/2546/1658 2650/2548/1659 2652/2549/1657
f 2653/2550/1656 2651/2546/1658 2652/2549/1657
f 2653/2550/1656 2652/2549/1657 2654/2551/1632
f 2655/2552/1661 2656/2553/1662 2657/2554/1663
f 2657/2554/1663 2656/2553/1662 2658/2555/89
f 2657/2554/1663 2658/2555/89 2659/2556/986
f 2659/2556/986 2658/2555/89 2660/2557/1664
f 2661/2558/1665 2662/2559/978 2663/2560/978
f 2661/2558/1665 2664/2561/978 2662/2559/978
f 2665/2562/1666 2664/2561/978 2661/2558/1665
f 2664/2561/978 2665/2562/1666 2666/2563/978
f 2665/2562/1666 2667/2564/978 2666/2563/978
f 2668/2565/978 2669/2566/978 2667/2564/978
f 2669/2566/978 2668/2565/978 2670/2567/978
f 2670/2567/978 2668/2565/978 2671/2568/979
f 2671/2568/979 2672/2569/978 2670/2567/978
f 2672/2569/978 2671/2568/979 2673/2570/978
f 2674/2571/978 2675/2572/978 2667/2564/978
f 2674/2571/978 2676/2573/978 2675/2572/978
f 2676/2573/978 2674/2571/978 2677/2574/1667
f 2677/2574/1667 2678/2575/978 2676/2573/978
f 2678/2575/978 2677/2574/1667 2679/2576/978
f 2680/2577/978 2667/2564/978 2681/2578/978
f 2682/2579/978 2680/2577/978 2681/2578/978
f 2680/2577/978 2682/2579/978 2683/2580/978
f 2683/2580/978 2682/2579/978 2684/2581/978
f 2683/2580/978 2684/2581/978 2685/2582/978
f 2686/2583/982 2687/2584/982 2688/2585/982
f 2686/2583/982 2689/2586/982 2687/2584/982
f 2690/2587/982 2689/2586/982 2686/2583/982
f 2689/2586/982 2690/2587/982 2691/2588/982
f 2690/2587/982 2692/2589/982 2691/2588/982
f 2693/2590/982 2694/2591/982 2692/2589/982
f 2694/2591/982 2693/2590/982 2695/2592/982
f 2695/2592/982 2693/2590/982 2696/2593/982
f 2696/2593/982 2697/2594/982 2695/2592/982
f 2697/2594/982 2696/2593/982 2698/2595/982
f 2699/2596/982 2700/2597/982 2692/2589/982
f 2699/2596/982 2701/2598/1668 2700/2597/982
f 2701/2598/1668 2699/2596/982 2702/2599/1669
f 2702/2599/1669 2703/2600/1670 2701/2598/1668
f 2703/2600/1670 2702/2599/1669 2704/2601/1671
f 2705/2602/982 2692/2589/982 2706/2603/982
f 2707/2604/982 2705/2602/982 2706/2603/982
f 2705/2602/982 2707/2604/982 2708/2605/982
f 2708/2605/982 2707/2604/982 2709/2606/982
f 2708/2605/982 2709/2606/982 2710/2607/982
f 2711/2608/1661 2712/2609/985 2713/2610/1663
f 2713/2610/1663 2712/2609/985 2714/2611/89
f 2713/2610/1663 2714/2611/89 2715/2612/986
f 2715/2612/986 2714/2611/89 2716/2613/1664
f 3034/2614/1672 3032/2615/1673 3033/2616/1674
f 3032/2615/1673 3034/2614/1672 3035/2617/1675
f 3036/2618/1676 3035/2617/1675 3034/2614/1672
f 3037/2619/1677 3032/2615/1673 3035/2617/1675
f 3035/2617/1675 3036/2618/1676 3038/2620/1678
f 3039/2621/1679 3035/2617/1675 3038/2620/1678
f 3037/2619/1677 3035/2617/1675 3039/2621/1679
f 3039/2621/1679 3038/2620/1678 3040/2622/1680
f 3041/2623/1681 3039/2621/1679 3040/2622/1680
f 3042/2624/1682 3037/2619/1677 3039/2621/1679
f 3039/2621/1679 3041/2623/1681 3042/2624/1682
f 3043/2625/1683 3042/2624/1682 3041/2623/1681
f 3042/2624/1682 3043/2625/1683 3044/2626/1684
f 3037/2619/1677 3042/2624/1682 3045/2627/1685
f 3044/2626/1684 3045/2627/1685 3042/2624/1682
f 3045/2627/1685 3044/2626/1684 3046/2628/1686
f 3047/2629/1687 3048/2630/1688 3049/2631/33
f 3048/2630/1688 3047/2629/1687 3050/2632/1689
f 3048/2630/1688 3051/2633/1690 3049/2631/33
f 3051/2633/1690 3048/2630/1688 3052/2634/1691
f 3055/2635/1683 3054/2636/1681 3053/2637/32
f 3053/2637/32 3056/2638/24 3055/2635/1683
f 3053/2637/32 3057/2639/1692 3056/2638/24
f 3057/2639/1692 3053/2637/32 3058/2640/1693
f 3061/2638/1694 3062/2641/1695 3060/2632/1696
f 3062/2641/1695 3061/2638/1694 3063/2642/85
f 3064/2643/1697 3061/2638/1694 3059/2644/1698
f 3061/2638/1694 3064/2643/1697 3063/2642/85
f 3065/2645/32 3062/2641/1695 3063/2642/85
f 3064/2643/1697 3065/2645/32 3063/2642/85
f 3062/2641/1695 3065/2645/32 3066/2646/1681
f 3065/2645/32 3064/2643/1697 3067/2647/1693
f 3068/2648/1687 3070/2649/1699 3069/2650/1700
f 3070/2649/1699 3068/2648/1687 3071/2651/1701
f 3071/2651/1701 3072/2652/1702 3070/2649/1699
f 3073/2653/1703 3071/2651/1701 3068/2648/1687
f 3072/2652/1702 3071/2651/1701 3074/2654/1698
f 3077/2655/1704 3078/2656/1705 3079/2657/1706
f 3077/2655/1704 3079/2657/1706 3080/2658/1707
f 3080/2658/1707 3073/2653/1703 3077/2655/1704
f 3080/2658/1707 3079/2657/1706 3076/2659/1692
f 3073/2653/1703 3080/2658/1707 3081/2660/1708
f 3071/2651/1701 3073/2653/1703 3081/2660/1708
f 3081/2660/1708 3074/2654/1698 3071/2651/1701
f 3074/2654/1698 3081/2660/1708 3075/2661/1709
f 3082/2662/1693 3081/2660/1708 3080/2658/1707
f 3080/2658/1707 3076/2659/1692 3082/2662/1693
f 3081/2660/1708 3082/2662/1693 3075/2661/1709
f 3087/2637/1710 3083/2635/1711 3084/2636/1698
f 3085/2639/1712 3087/2637/1710 3086/2640/1678
f 3083/2635/1711 3087/2637/1710 3088/2638/1713
f 3087/2637/1710 3085/2639/1712 3088/2638/1713
f 3089/2629/1714 3090/2632/1715 3091/2630/1716
f 3091/2630/1716 3092/2631/60 3089/2629/1714
f 3091/2630/1716 3093/2633/1704 3092/2631/60
f 3093/2633/1704 3091/2630/1716 3094/2634/1717
f 3098/2642/44 3095/2663/1718 3096/2664/33
f 3098/2642/44 3096/2664/33 3097/2665/1719
f 3095/2663/1718 3098/2642/44 3099/2641/1720
f 3097/2665/1719 3100/2666/1721 3098/2642/44
f 3101/2667/1714 3098/2642/44 3100/2666/1721
f 3098/2642/44 3101/2667/1714 3102/2668/60
f 3098/2642/44 3102/2668/60 3103/2669/1722
f 3103/2669/1722 3099/2641/1720 3098/2642/44
f 3108/2670/1723 3104/2671/1724 3106/2672/1725
f 3105/2673/1726 3108/2670/1723 3107/2674/1727
f 3104/2671/1724 3108/2670/1723 3109/2675/1728
f 3105/2673/1726 3109/2675/1728 3108/2670/1723
f 3112/2676/1729 3110/2677/1730 3111/2678/1731
f 3110/2677/1730 3112/2676/1729 3113/2679/1732
f 3114/2680/1733 3113/2679/1732 3112/2676/1729
f 3114/2680/1733 3112/2676/1729 3115/2681/1734
f 3116/2682/1735 3117/2670/1736 3118/2675/1737
f 3119/2683/1738 3118/2675/1737 3117/2670/1736
f 3116/2682/1735 3118/2675/1737 3120/2684/1739
f 3118/2675/1737 3119/2683/1738 3121/2685/1738
f 3122/2680/1740 3124/2676/1741 3123/2681/1740
f 3122/2680/1740 3125/2679/1742 3124/2676/1741
f 3126/2677/1743 3124/2676/1741 3125/2679/1742
f 3124/2676/1741 3126/2677/1743 3127/2678/1744
usemtl Meshpart6Mtl.002
f 2717/2686/1745 2718/2687/1745 2719/2688/11
f 2719/2688/11 2720/2689/11 2717/2686/1745
f 2717/2686/1745 2721/2690/1746 2718/2687/1745
f 2722/2691/1746 2718/2687/1745 2721/2690/1746
f 2722/2691/1746 2721/2690/1746 2723/2692/1747
f 2723/2692/1747 2724/2693/1747 2722/2691/1746
f 2724/2693/1747 2723/2692/1747 2725/2694/1748
f 2725/2694/1748 2726/2695/1748 2724/2693/1747
f 2727/2696/1749 2728/2688/1750 2729/2697/1750
f 2730/2689/1750 2728/2688/1750 2727/2696/1749
f 2731/2698/1751 2732/2699/1751 2733/2700/1751
f 2733/2700/1751 2734/2701/1751 2731/2698/1751
f 2735/2702/11 2736/2703/11 2737/2704/11
f 2736/2703/11 2735/2702/11 2738/2705/11
f 2740/2706/1752 2739/2707/1752 2741/2708/1753
f 2741/2708/1753 2742/2709/1753 2740/2706/1752
f 2742/2709/1753 2741/2708/1753 2743/2710/1754
f 2744/2711/1754 2742/2709/1753 2743/2710/1754
f 2744/2711/1754 2743/2710/1754 2745/2712/11
f 2745/2712/11 2746/2713/11 2744/2711/1754
f 2747/2714/11 2748/2715/11 2749/2716/11
f 2747/2714/11 2750/2717/11 2748/2715/11
f 2750/2717/11 2747/2714/11 2751/2718/11
f 2752/2719/1755 2753/2720/1756 2754/2721/1757
f 2753/2720/1756 2752/2719/1755 2755/2722/1758
f 2754/2721/1757 2756/2723/1757 2752/2719/1755
f 2755/2722/1758 2757/2724/1758 2753/2720/1756
f 2757/2724/1758 2755/2722/1758 2758/2725/1759
f 2759/2726/1759 2757/2724/1758 2758/2725/1759
f 2760/2727/11 2761/2728/11 2762/2729/11
f 2761/2728/11 2760/2727/11 2763/2730/11
f 2763/2730/11 2760/2727/11 2764/2731/11
f 2763/2730/11 2765/2732/11 2761/2728/11
f 2761/2728/11 2765/2732/11 2766/2733/11
f 2765/2732/11 2763/2730/11 2767/2734/11
f 2768/2735/32 2769/2736/1760 2770/2737/31
f 2771/2738/1761 2770/2737/31 2769/2736/1760
f 2770/2737/31 2771/2738/1761 2772/2739/33
f 2773/2740/1762 2772/2739/33 2771/2738/1761
f 2774/2741/31 2775/2742/31 2776/2743/31
f 2777/2744/31 2776/2743/31 2775/2742/31
f 2778/2745/31 2779/2746/31 2780/2747/31
f 2778/2745/31 2780/2747/31 2781/2748/31
f 2782/2749/31 2783/2750/31 2784/2751/31
f 2785/2752/31 2784/2751/31 2783/2750/31
f 2786/2753/31 2787/2754/1763 2788/2755/31
f 2789/2756/1763 2788/2755/31 2787/2754/1763
f 2792/2757/31 2791/2758/33 2790/2759/1764
f 2791/2758/33 2792/2757/31 2793/2737/31
f 2794/2760/32 2793/2737/31 2792/2757/31
f 2793/2737/31 2794/2760/32 2795/2761/32
f 2798/2762/1765 2797/2763/1759 2796/2764/1759
f 2797/2763/1759 2798/2762/1765 2799/2765/1765
f 2803/2766/1766 2804/2767/44 2800/2768/33
f 2802/2769/60 2805/2770/1767 2801/2771/1768
f 2805/2770/1767 2802/2769/60 2804/2767/44
f 2804/2767/44 2803/2766/1766 2805/2770/1767
f 2806/2772/1769 2807/2773/1769 2808/2774/1770
f 2806/2772/1769 2808/2774/1770 2809/2775/1769
f 2810/2776/44 2811/2777/44 2812/2778/44
f 2811/2777/44 2813/2779/44 2812/2778/44
f 2814/2780/44 2810/2776/44 2812/2778/44
f 2813/2779/44 2811/2777/44 2815/2781/44
f 2815/2781/44 2811/2777/44 2816/2782/44
f 2815/2781/44 2816/2782/44 2817/2783/44
f 2817/2783/44 2816/2782/44 2818/2784/44
f 2818/2784/44 2819/2785/44 2817/2783/44
f 2818/2784/44 2820/2786/44 2819/2785/44
f 2819/2785/44 2820/2786/44 2821/2787/44
f 2822/2788/44 2821/2787/44 2820/2786/44
f 2821/2787/44 2822/2788/44 2823/2789/44
f 2824/2790/44 2823/2789/44 2822/2788/44
f 2823/2789/44 2824/2790/44 2825/2791/44
f 2825/2791/44 2826/2792/44 2823/2789/44
f 2827/2793/1771 2825/2791/44 2824/2790/44
f 2827/2793/1771 2824/2790/44 2828/2794/44
f 2810/2776/44 2814/2780/44 2828/2794/44
f 2828/2794/44 2814/2780/44 2827/2793/1771
f 2827/2793/1771 2814/2780/44 2829/2795/44
f 2830/2796/44 2827/2793/1771 2829/2795/44
f 2827/2793/1771 2831/2773/1772 2832/2772/1772
f 2827/2793/1771 2833/2797/1773 2831/2773/1772
f 2827/2793/1771 2830/2796/44 2833/2797/1773
f 2833/2797/1773 2830/2796/44 2834/2798/44
f 2835/2799/44 2834/2798/44 2830/2796/44
f 2834/2798/44 2835/2799/44 2836/2800/44
f 2837/2801/44 2833/2797/1773 2834/2798/44
f 2833/2797/1773 2837/2801/44 2838/2802/44
f 2838/2802/44 2837/2801/44 2839/2803/44
f 2839/2803/44 2837/2801/44 2840/2804/44
f 2837/2801/44 2841/2805/44 2840/2804/44
f 2841/2805/44 2837/2801/44 2842/2806/44
f 2843/2807/1774 2844/2808/1774 2845/2809/1775
f 2846/2810/1775 2845/2809/1775 2844/2808/1774
f 2845/2809/1775 2846/2810/1775 2847/2811/1776
f 2848/2812/1776 2847/2811/1776 2846/2810/1775
f 2849/2813/60 2850/2814/60 2851/2815/44
f 2849/2813/60 2851/2815/44 2852/2767/44
f 2852/2767/44 2851/2815/44 2853/2816/33
f 2852/2767/44 2853/2816/33 2854/2817/33
f 2855/2818/67 2856/2819/67 2857/2820/67
f 2856/2819/67 2855/2818/67 2858/2821/67
f 2859/2822/67 2857/2820/67 2856/2819/67
f 2855/2818/67 2860/2823/67 2858/2821/67
f 2857/2820/67 2859/2822/67 2861/2824/67
f 2855/2818/67 2862/2825/67 2860/2823/67
f 2859/2822/67 2863/2826/67 2861/2824/67
f 2864/2827/67 2860/2823/67 2862/2825/67
f 2863/2826/67 2859/2822/67 2865/2828/67
f 2862/2825/67 2866/2829/67 2864/2827/67
f 2867/2830/67 2863/2826/67 2865/2828/67
f 2868/2831/67 2864/2827/67 2866/2829/67
f 2867/2830/67 2865/2828/67 2869/2832/67
f 2864/2827/67 2868/2831/67 2870/2833/67
f 2867/2830/67 2870/2833/67 2868/2831/67
f 2870/2833/67 2867/2830/67 2869/2832/67
f 2871/2819/1777 2874/2828/1778 2872/2822/1779
f 2871/2819/1777 2875/2832/1761 2874/2828/1778
f 2875/2832/1761 2871/2819/1777 2873/2821/1780
f 2876/2823/1781 2875/2832/1761 2873/2821/1780
f 2875/2832/1761 2876/2823/1781 2877/2833/1782
f 2877/2833/1782 2876/2823/1781 2878/2827/1767
f 2879/2834/67 2880/2835/67 2881/2836/67
f 2880/2835/67 2879/2834/67 2882/2837/67
f 2880/2835/67 2882/2837/67 2883/2838/67
f 2884/2839/1783 2885/2706/1784 2886/2707/1784
f 2885/2706/1784 2884/2839/1783 2887/2840/1783
f 2888/2841/1785 2889/2842/1786 2890/2843/1787
f 2889/2842/1786 2891/2844/1788 2890/2843/1787
f 2892/2845/1789 2888/2841/1785 2890/2843/1787
f 2888/2841/1785 2892/2845/1789 2893/2846/1789
f 2896/2696/67 2895/2686/1790 2894/2687/1790
f 2895/2686/1790 2896/2696/67 2897/2689/67
f 2896/2696/67 2894/2687/1790 2898/2697/67
f 2898/2697/67 2894/2687/1790 2899/2688/67
f 2902/2847/1791 2901/2848/1792 2900/2849/1792
f 2901/2848/1792 2902/2847/1791 2903/2850/1791
f 2904/2709/1793 2903/2850/1791 2902/2847/1791
f 2903/2850/1791 2904/2709/1793 2905/2708/1794
f 2906/2851/67 2905/2708/1794 2904/2709/1793
f 2905/2708/1794 2906/2851/67 2907/2852/67
f 2908/2853/67 2909/2854/67 2910/2855/67
f 2909/2854/67 2908/2853/67 2911/2856/67
f 2912/2692/1795 2913/2691/1796 2914/2690/1796
f 2913/2691/1796 2912/2692/1795 2915/2693/1795
f 2916/2694/67 2915/2693/1795 2912/2692/1795
f 2915/2693/1795 2916/2694/67 2917/2695/67
f 2920/2857/82 2919/2858/1797 2918/2859/1797
f 2920/2857/82 2918/2859/1797 2921/2860/82
f 2923/2861/84 2924/2862/1798 2922/2863/1799
f 2924/2862/1798 2923/2861/84 2925/2864/82
f 2925/2864/82 2926/2865/1800 2924/2862/1798
f 2926/2865/1800 2925/2864/82 2927/2866/60
f 2929/2867/1784 2928/2868/1784 2930/2869/1801
f 2931/2870/1802 2929/2867/1784 2930/2869/1801
f 2931/2870/1802 2930/2869/1801 2932/2871/1803
f 2932/2871/1803 2933/2872/1803 2931/2870/1802
f 2935/2873/1804 2934/2874/1804 2937/2875/1805
f 2938/2876/1806 2936/2877/1806 2939/2878/1807
f 2939/2878/1807 2940/2879/1807 2938/2876/1806
f 2937/2875/1805 2941/2880/1805 2935/2873/1804
f 2937/2875/1805 2942/2881/82 2941/2880/1805
f 2942/2881/82 2943/2882/82 2941/2880/1805
f 2946/2864/82 2945/2883/60 2944/2884/60
f 2946/2864/82 2947/2885/82 2945/2883/60
f 2948/2886/84 2947/2885/82 2946/2864/82
f 2948/2886/84 2949/2887/84 2947/2885/82
f 2950/2888/1808 2952/2889/1809 2951/2890/1808
f 2952/2889/1809 2953/2891/1810 2951/2890/1808
f 2954/2892/1811 2955/2893/1811 2956/2894/1811
f 2955/2893/1811 2957/2895/1811 2956/2894/1811
f 2958/2896/82 2959/2897/82 2960/2898/82
f 2958/2896/82 2960/2898/82 2961/2899/82
f 2962/2900/82 2963/2901/82 2964/2902/82
f 2965/2903/82 2964/2902/82 2963/2901/82
f 2966/2904/1812 2967/2905/1813 2968/2906/1813
f 2967/2905/1813 2969/2907/1813 2968/2906/1813
f 2970/2908/1814 2971/2909/85 2972/2910/84
f 2971/2909/85 2970/2908/1814 2973/2911/1815
f 2973/2911/1815 2974/2912/32 2971/2909/85
f 2974/2912/32 2973/2911/1815 2975/2913/1816
f 2976/2914/1817 2977/2915/1818 2978/2916/1819
f 2979/2917/1820 2977/2915/1818 2976/2914/1817
f 2980/2918/1821 2978/2916/1819 2977/2915/1818
f 2977/2915/1818 2979/2917/1820 2981/2919/1822
f 2980/2918/1821 2982/2920/1823 2978/2916/1819
f 2979/2917/1820 2983/2921/1823 2981/2919/1822
f 2982/2920/1823 2980/2918/1821 2983/2921/1823
f 2983/2921/1823 2979/2917/1820 2982/2920/1823
f 2984/2922/1824 2985/2923/1825 2986/2919/1826
f 2987/2915/1827 2986/2919/1826 2985/2923/1825
f 2984/2922/1824 2988/2924/85 2985/2923/1825
f 2988/2924/85 2984/2922/1824 2989/2925/85
f 2989/2925/85 2990/2926/85 2988/2924/85
f 2989/2925/85 2991/2927/85 2990/2926/85
f 2985/2923/1825 2988/2924/85 2992/2928/85
f 2993/2929/85 2989/2925/85 2984/2922/1824
f 2994/2930/85 2985/2923/1825 2992/2928/85
f 2984/2922/1824 2995/2931/85 2993/2929/85
f 2996/2932/85 2993/2929/85 2995/2931/85
f 2997/2933/85 2993/2929/85 2996/2932/85
f 2998/2934/85 2993/2929/85 2997/2933/85
f 2993/2929/85 2998/2934/85 2999/2935/85
f 2994/2930/85 3000/2936/85 2985/2923/1825
f 3001/2937/85 3000/2936/85 2994/2930/85
f 3002/2938/85 2985/2923/1825 3000/2936/85
f 3003/2939/85 3001/2937/85 2994/2930/85
f 2985/2923/1825 3002/2938/85 3004/2940/85
f 3001/2937/85 3003/2939/85 3005/2941/85
f 3003/2939/85 3006/2942/85 3005/2941/85
f 3007/2943/85 3005/2941/85 3006/2942/85
f 3005/2941/85 3007/2943/85 3008/2944/85
f 3009/2945/85 3008/2944/85 3007/2943/85
f 3008/2944/85 3009/2945/85 3010/2946/85
f 3010/2946/85 3009/2945/85 3011/2947/85
f 3012/2948/85 3010/2946/85 3011/2947/85
f 3012/2948/85 3011/2947/85 3013/2949/85
f 3014/2950/85 3012/2948/85 3013/2949/85
f 3012/2948/85 3014/2950/85 3015/2951/85
f 3016/2952/85 3015/2951/85 3014/2950/85
f 3016/2952/85 3002/2938/85 3015/2951/85
f 3004/2940/85 3002/2938/85 3016/2952/85
f 3004/2940/85 3016/2952/85 3017/2953/85
f 3020/2909/85 3019/2954/84 3018/2955/84
f 3020/2909/85 3021/2956/85 3019/2954/84
f 3023/2957/32 3021/2956/85 3020/2909/85
f 3023/2957/32 3022/2958/1828 3021/2956/85
f 3024/2916/85 3025/2920/85 3026/2917/85
f 3024/2916/85 3026/2917/85 3027/2914/85
f 3028/2959/85 3029/2960/85 3030/2961/85
f 3029/2960/85 3028/2959/85 3031/2962/85
usemtl Material.002
f 3184/2963/1829 3186/2963/1829 3185/2963/1829
f 3185/2963/1829 3187/2963/1829 3184/2963/1829
f 3188/2963/1830 3190/2963/1830 3189/2963/1830
f 3189/2963/1830 3191/2963/1830 3188/2963/1830
f 3192/2963/1830 3191/2963/1830 3189/2963/1830
f 3189/2963/1830 3193/2963/1831 3192/2963/1830
f 3190/2963/1830 3188/2963/1830 3194/2963/1830
f 3195/2963/1830 3190/2963/1830 3194/2963/1830
f 3194/2963/1830 3196/2963/1830 3195/2963/1830
f 3196/2963/1830 3197/2963/1830 3195/2963/1830
f 3198/2963/1832 3200/2963/1832 3199/2963/1832
f 3199/2963/1832 3200/2963/1832 3201/2963/1832
f 3201/2963/1832 3202/2963/1832 3199/2963/1832
f 3202/2963/1832 3203/2963/1832 3199/2963/1832
f 3204/2963/1832 3200/2963/1832 3198/2963/1832
f 3204/2963/1832 3198/2963/1832 3205/2963/1832
f 3205/2963/1832 3206/2963/1832 3204/2963/1832
f 3206/2963/1832 3207/2963/1832 3204/2963/1832
f 3208/2963/11 3210/2963/11 3209/2963/1833
f 3209/2963/1833 3211/2963/1833 3208/2963/11
f 3211/2963/1833 3209/2963/1833 3212/2963/1834
f 3212/2963/1834 3213/2963/1835 3211/2963/1833
f 3212/2963/1834 3214/2963/1836 3213/2963/1835
f 3214/2963/1836 3212/2963/1834 3215/2963/1837
f 3216/2963/1833 3214/2963/1836 3215/2963/1837
f 3215/2963/1837 3217/2963/1833 3216/2963/1833
f 3218/2963/1833 3216/2963/1833 3217/2963/1833
f 3217/2963/1833 3219/2963/1833 3218/2963/1833
f 3218/2963/1833 3219/2963/1833 3220/2963/1835
f 3220/2963/1835 3221/2963/1835 3218/2963/1833
f 3221/2963/1835 3220/2963/1835 3222/2963/1838
f 3222/2963/1838 3220/2963/1835 3223/2963/1838
f 3224/2963/1839 3222/2963/1838 3223/2963/1838
f 3224/2963/1839 3223/2963/1838 3225/2963/1839
f 3226/2963/67 3224/2963/1839 3225/2963/1839
f 3224/2963/1839 3226/2963/67 3227/2963/67
usemtl Meshpart1Mtl.003
f 3232/2964/44 3233/2965/44 3235/2966/44
f 3232/2964/44 3234/2967/44 3233/2965/44
usemtl Meshpart2Mtl.003
f 3228/2968/85 3230/2969/85 3229/2970/85
f 3230/2969/85 3228/2968/85 3231/2971/85
f 3236/2972/1840 3238/2973/1841 3237/2974/1842
f 3239/2975/1842 3237/2974/1842 3238/2973/1841
f 3237/2974/1842 3239/2975/1842 3240/2976/1843
f 3241/2977/1843 3240/2976/1843 3239/2975/1842
